session,timestamp,time,unit,s1_wbgt_in,s1_wbgt_out,s1_wet_bulb,s1_dry_bulb,s1_globe,s1_rh_pct,s1_heat_index
1,2026-09-01 08:56:00,08:56,C,22.06,21.89,21.5,21.78,23.39,93.0,21.67
1,2026-09-01 08:57:00,08:57,C,22.33,22.17,21.72,22.06,23.78,93.0,21.67
1,2026-09-01 08:58:00,08:58,C,22.5,22.33,21.89,22.28,24.06,93.0,21.67
1,2026-09-01 08:59:00,08:59,C,22.67,22.5,22.0,22.61,24.22,92.0,25.0
1,2026-09-01 09:00:00,09:00,C,22.72,22.56,22.06,22.78,24.44,91.0,25.0
1,2026-09-01 09:01:00,09:01,C,22.83,22.67,22.11,22.89,24.67,90.0,25.0
1,2026-09-01 09:02:00,09:02,C,22.94,22.78,22.22,22.94,24.78,89.0,25.0
1,2026-09-01 09:03:00,09:03,C,23.06,22.89,22.28,23.06,25.0,89.0,25.56
1,2026-09-01 09:04:00,09:04,C,23.17,22.94,22.33,23.22,25.17,89.0,25.56
1,2026-09-01 09:05:00,09:05,C,23.22,23.06,22.39,23.28,25.28,88.0,25.56
1,2026-09-01 09:06:00,09:06,C,23.28,23.06,22.39,23.44,25.39,88.0,25.56
1,2026-09-01 09:07:00,09:07,C,23.39,23.17,22.5,23.56,25.56,88.0,25.56
1,2026-09-01 09:08:00,09:08,C,23.44,23.28,22.56,23.61,25.67,88.0,26.11
1,2026-09-01 09:09:00,09:09,C,23.44,23.28,22.56,23.72,25.67,88.0,26.11
1,2026-09-01 09:10:00,09:10,C,23.56,23.33,22.61,23.72,25.78,88.0,26.11
1,2026-09-01 09:11:00,09:11,C,23.56,23.33,22.61,23.78,25.83,88.0,26.11
1,2026-09-01 09:12:00,09:12,C,23.67,23.44,22.67,23.89,26.0,87.0,26.11
1,2026-09-01 09:13:00,09:13,C,23.67,23.44,22.67,24.0,26.11,87.0,26.11
1,2026-09-01 09:14:00,09:14,C,23.72,23.56,22.72,24.06,26.22,86.0,25.56
1,2026-09-01 09:15:00,09:15,C,24.0,23.78,22.94,24.17,26.56,86.0,26.67
1,2026-09-01 09:16:00,09:16,C,24.67,24.33,23.39,24.39,27.72,86.0,26.67
1,2026-09-01 09:17:00,09:17,C,25.22,24.78,23.56,24.5,29.22,84.0,26.11
1,2026-09-01 09:18:00,09:18,C,25.28,24.78,23.39,24.67,29.83,81.0,26.11
1,2026-09-01 09:19:00,09:19,C,25.06,24.61,23.22,24.78,29.5,80.0,26.67
1,2026-09-01 09:20:00,09:20,C,24.89,24.5,23.22,24.89,28.94,80.0,26.67
1,2026-09-01 09:21:00,09:21,C,24.94,24.61,23.39,25.0,28.72,80.0,26.67
1,2026-09-01 09:22:00,09:22,C,25.28,24.89,23.67,25.17,29.11,79.0,26.67
1,2026-09-01 09:23:00,09:23,C,25.72,25.22,23.89,25.33,30.06,76.0,27.22
1,2026-09-01 09:24:00,09:24,C,25.89,25.33,23.83,25.5,30.72,75.0,27.22
1,2026-09-01 09:25:00,09:25,C,25.89,25.33,23.78,25.61,30.83,74.0,27.22
1,2026-09-01 09:26:00,09:26,C,26.0,25.44,23.83,25.67,31.11,72.0,27.22
1,2026-09-01 09:27:00,09:27,C,26.11,25.5,23.78,25.72,31.61,71.0,27.22
1,2026-09-01 09:28:00,09:28,C,26.22,25.56,23.72,25.83,32.06,71.0,27.78
1,2026-09-01 09:29:00,09:29,C,26.33,25.72,23.83,26.0,32.28,71.0,27.78
1,2026-09-01 09:30:00,09:30,C,26.5,25.83,23.89,26.11,32.67,71.0,27.78
1,2026-09-01 09:31:00,09:31,C,26.5,25.89,23.89,26.22,32.72,69.0,27.78
1,2026-09-01 09:32:00,09:32,C,26.28,25.72,23.78,26.33,32.22,67.0,27.22
1,2026-09-01 09:33:00,09:33,C,26.11,25.61,23.78,26.39,31.67,66.0,28.33
1,2026-09-01 09:34:00,09:34,C,25.83,25.39,23.67,26.39,31.0,67.0,28.33
1,2026-09-01 09:35:00,09:35,C,25.44,25.06,23.44,26.33,30.22,68.0,27.78
1,2026-09-01 09:36:00,09:36,C,25.22,24.89,23.39,26.22,29.5,69.0,27.78
1,2026-09-01 09:37:00,09:37,C,25.06,24.78,23.39,26.17,29.06,70.0,27.78
1,2026-09-01 09:38:00,09:38,C,25.11,24.83,23.56,26.22,28.78,71.0,27.78
1,2026-09-01 09:39:00,09:39,C,25.17,24.94,23.67,26.22,28.78,71.0,27.78
1,2026-09-01 09:40:00,09:40,C,25.28,25.0,23.78,26.17,28.89,70.0,27.78
1,2026-09-01 09:41:00,09:41,C,25.33,25.06,23.78,26.17,29.0,71.0,27.78
1,2026-09-01 09:42:00,09:42,C,25.28,25.0,23.78,26.11,28.94,72.0,27.78
1,2026-09-01 09:43:00,09:43,C,25.11,24.89,23.61,26.11,28.78,72.0,27.78
1,2026-09-01 09:44:00,09:44,C,25.06,24.83,23.61,26.06,28.56,72.0,27.78
1,2026-09-01 09:45:00,09:45,C,25.0,24.78,23.61,26.06,28.39,74.0,27.78
1,2026-09-01 09:46:00,09:46,C,25.0,24.78,23.67,26.0,28.28,73.0,27.78
1,2026-09-01 09:47:00,09:47,C,25.11,24.89,23.72,26.11,28.44,72.0,27.78
1,2026-09-01 09:48:00,09:48,C,25.44,25.17,23.89,26.22,29.11,73.0,27.78
1,2026-09-01 09:49:00,09:49,C,25.89,25.5,24.11,26.33,30.11,72.0,27.78
1,2026-09-01 09:50:00,09:50,C,26.61,26.11,24.5,26.61,31.67,71.0,28.89
1,2026-09-01 09:51:00,09:51,C,27.78,27.06,25.06,26.89,34.22,67.0,28.33
1,2026-09-01 09:52:00,09:52,C,29.06,28.06,25.56,27.22,37.22,63.0,28.89
1,2026-09-01 09:53:00,09:53,C,29.78,28.56,25.61,27.5,39.5,60.0,28.89
1,2026-09-01 09:54:00,09:54,C,29.78,28.5,25.28,27.61,40.28,57.0,28.89
1,2026-09-01 09:55:00,09:55,C,29.5,28.28,24.94,27.78,40.28,55.0,28.89
1,2026-09-01 09:56:00,09:56,C,29.0,27.83,24.61,27.89,39.33,56.0,28.89
1,2026-09-01 09:57:00,09:57,C,28.61,27.61,24.67,27.89,37.94,57.0,28.89
1,2026-09-01 09:58:00,09:58,C,28.56,27.61,24.83,27.83,37.39,57.0,28.89
1,2026-09-01 09:59:00,09:59,C,28.33,27.39,24.67,27.78,36.89,56.0,28.89
1,2026-09-01 10:00:00,10:00,C,28.06,27.22,24.61,27.89,36.11,57.0,28.89
1,2026-09-01 10:01:00,10:01,C,28.0,27.17,24.61,27.89,36.0,57.0,28.89
1,2026-09-01 10:02:00,10:02,C,27.94,27.11,24.5,27.94,36.06,57.0,28.89
1,2026-09-01 10:03:00,10:03,C,28.22,27.39,24.83,28.06,36.22,58.0,29.44
1,2026-09-01 10:04:00,10:04,C,28.78,27.89,25.28,28.17,37.0,59.0,30.0
1,2026-09-01 10:05:00,10:05,C,28.72,27.78,25.0,28.0,37.56,56.0,28.89
1,2026-09-01 10:06:00,10:06,C,28.56,27.67,24.89,28.22,37.22,55.0,29.44
1,2026-09-01 10:07:00,10:07,C,28.5,27.61,24.83,28.28,37.17,54.0,29.44
1,2026-09-01 10:08:00,10:08,C,28.33,27.5,24.72,28.39,36.83,55.0,29.44
1,2026-09-01 10:09:00,10:09,C,28.17,27.39,24.67,28.44,36.5,54.0,29.44
1,2026-09-01 10:10:00,10:10,C,28.22,27.44,24.83,28.5,36.28,54.0,29.44
1,2026-09-01 10:11:00,10:11,C,28.39,27.61,25.0,28.56,36.39,55.0,29.44
1,2026-09-01 10:12:00,10:12,C,28.61,27.83,25.22,28.72,36.56,54.0,30.56
1,2026-09-01 10:13:00,10:13,C,29.0,28.22,25.61,28.94,37.06,53.0,30.0
1,2026-09-01 10:14:00,10:14,C,29.5,28.61,25.83,29.11,38.17,53.0,30.0
1,2026-09-01 10:15:00,10:15,C,29.67,28.67,25.67,29.28,39.0,51.0,30.56
1,2026-09-01 10:16:00,10:16,C,29.39,28.39,25.33,29.28,38.89,52.0,31.11
1,2026-09-01 10:17:00,10:17,C,29.17,28.28,25.39,29.44,38.06,50.0,30.56
1,2026-09-01 10:18:00,10:18,C,29.0,28.17,25.33,29.5,37.61,49.0,30.56
1,2026-09-01 10:19:00,10:19,C,29.0,28.22,25.33,29.5,37.72,51.0,30.56
1,2026-09-01 10:20:00,10:20,C,29.0,28.17,25.33,29.61,37.56,51.0,30.56
1,2026-09-01 10:21:00,10:21,C,28.94,28.17,25.28,29.67,37.61,48.0,30.56
1,2026-09-01 10:22:00,10:22,C,29.22,28.39,25.39,29.83,38.17,49.0,31.11
1,2026-09-01 10:23:00,10:23,C,29.61,28.72,25.67,29.94,38.89,49.0,31.11
1,2026-09-01 10:24:00,10:24,C,30.28,29.28,26.06,30.06,40.22,49.0,31.11
1,2026-09-01 10:25:00,10:25,C,30.72,29.56,26.0,30.28,41.78,47.0,31.11
1,2026-09-01 10:26:00,10:26,C,31.39,30.11,26.28,30.39,43.44,47.0,31.67
1,2026-09-01 10:27:00,10:27,C,32.33,30.89,26.94,30.67,44.94,44.0,31.67
1,2026-09-01 10:28:00,10:28,C,32.67,31.11,26.83,30.83,46.39,44.0,32.22
1,2026-09-01 10:29:00,10:29,C,32.61,31.0,26.56,30.83,46.78,41.0,31.67
1,2026-09-01 10:30:00,10:30,C,32.94,31.39,26.94,31.11,47.11,40.0,31.67
1,2026-09-01 10:31:00,10:31,C,33.22,31.56,27.11,31.0,47.61,40.0,31.67
1,2026-09-01 10:32:00,10:32,C,33.11,31.39,26.83,30.72,47.78,40.0,31.11
1,2026-09-01 10:33:00,10:33,C,32.67,31.0,26.5,30.72,47.06,39.0,30.56
1,2026-09-01 10:34:00,10:34,C,32.94,31.33,26.89,31.0,47.22,42.0,32.22
1,2026-09-01 10:35:00,10:35,C,32.78,31.11,26.44,31.0,47.67,38.0,31.11
1,2026-09-01 10:36:00,10:36,C,33.11,31.44,26.83,31.22,47.89,39.0,31.67
1,2026-09-01 10:37:00,10:37,C,33.44,31.78,27.11,31.44,48.39,37.0,31.67
1,2026-09-01 10:38:00,10:38,C,33.67,31.94,27.22,31.5,48.78,36.0,31.67
1,2026-09-01 10:39:00,10:39,C,33.5,31.78,27.0,31.67,48.72,36.0,31.67
1,2026-09-01 10:40:00,10:40,C,33.72,32.0,27.22,32.0,48.94,35.0,32.22
1,2026-09-01 10:41:00,10:41,C,33.78,32.11,27.28,32.06,49.06,34.0,32.22
1,2026-09-01 10:42:00,10:42,C,33.39,31.72,26.83,32.0,48.83,34.0,32.22
1,2026-09-01 10:43:00,10:43,C,33.5,31.83,27.0,32.11,48.83,34.0,32.22
1,2026-09-01 10:44:00,10:44,C,33.67,32.0,27.17,32.22,48.89,32.0,31.67
1,2026-09-01 10:45:00,10:45,C,34.06,32.39,27.56,32.56,49.22,35.0,33.33
1,2026-09-01 10:46:00,10:46,C,34.06,32.33,27.39,32.56,49.78,32.0,32.78
1,2026-09-01 10:47:00,10:47,C,33.89,32.22,27.17,32.61,49.72,32.0,32.78
1,2026-09-01 10:48:00,10:48,C,34.06,32.33,27.33,32.56,49.78,31.0,32.22
1,2026-09-01 10:49:00,10:49,C,33.67,31.94,26.89,32.5,49.5,31.0,31.67
1,2026-09-01 10:50:00,10:50,C,33.67,31.94,26.83,32.5,49.61,30.0,31.67
1,2026-09-01 10:51:00,10:51,C,34.11,32.44,27.5,32.78,49.67,31.0,32.22
1,2026-09-01 10:52:00,10:52,C,34.39,32.67,27.67,32.78,50.17,31.0,32.22
1,2026-09-01 10:53:00,10:53,C,34.22,32.5,27.56,32.67,49.78,31.0,32.22
1,2026-09-01 10:54:00,10:54,C,34.17,32.5,27.61,32.94,49.61,32.0,32.78
1,2026-09-01 10:55:00,10:55,C,34.44,32.78,27.89,33.17,49.78,32.0,33.33
1,2026-09-01 10:56:00,10:56,C,34.06,32.33,27.28,32.94,49.89,29.0,0.0
1,2026-09-01 10:57:00,10:57,C,34.28,32.61,27.67,33.22,49.72,29.0,0.0
1,2026-09-01 10:58:00,10:58,C,34.39,32.72,27.72,33.28,49.94,29.0,0.0
1,2026-09-01 10:59:00,10:59,C,34.22,32.56,27.5,32.94,50.06,28.0,0.0
1,2026-09-01 11:00:00,11:00,C,34.17,32.5,27.56,33.0,49.61,31.0,32.22
1,2026-09-01 11:01:00,11:01,C,33.94,32.28,27.28,32.83,49.67,28.0,0.0
1,2026-09-01 11:02:00,11:02,C,33.72,32.06,27.0,32.83,49.44,27.0,0.0
1,2026-09-01 11:03:00,11:03,C,33.33,31.72,26.67,32.61,49.0,28.0,0.0
1,2026-09-01 11:04:00,11:04,C,33.83,32.22,27.39,32.78,48.89,30.0,32.22
1,2026-09-01 11:05:00,11:05,C,34.17,32.5,27.72,32.83,49.22,29.0,0.0
1,2026-09-01 11:06:00,11:06,C,33.67,32.0,27.0,32.72,49.22,28.0,0.0
1,2026-09-01 11:07:00,11:07,C,33.56,31.89,26.89,32.67,49.17,27.0,0.0
1,2026-09-01 11:08:00,11:08,C,33.33,31.72,26.67,32.56,49.0,28.0,0.0
1,2026-09-01 11:09:00,11:09,C,33.28,31.61,26.61,32.56,48.89,26.0,0.0
1,2026-09-01 11:10:00,11:10,C,33.22,31.61,26.67,32.5,48.56,28.0,0.0
1,2026-09-01 11:11:00,11:11,C,33.11,31.5,26.67,32.28,48.17,29.0,0.0
1,2026-09-01 11:12:00,11:12,C,33.5,31.89,27.17,32.56,48.33,32.0,32.78
1,2026-09-01 11:13:00,11:13,C,34.11,32.5,27.67,32.94,49.28,29.0,0.0
1,2026-09-01 11:14:00,11:14,C,34.44,32.78,27.83,33.39,49.89,31.0,33.33
1,2026-09-01 11:15:00,11:15,C,34.89,33.22,28.22,33.72,50.5,28.0,0.0
1,2026-09-01 11:16:00,11:16,C,34.94,33.28,28.11,33.94,51.06,29.0,0.0
1,2026-09-01 11:17:00,11:17,C,34.72,33.0,27.67,33.94,51.28,29.0,0.0
1,2026-09-01 11:18:00,11:18,C,34.56,32.83,27.5,33.89,51.11,29.0,0.0
1,2026-09-01 11:19:00,11:19,C,34.94,33.22,28.0,33.89,51.22,30.0,33.89
1,2026-09-01 11:20:00,11:20,C,34.44,32.67,27.28,33.44,51.28,27.0,0.0
1,2026-09-01 11:21:00,11:21,C,33.89,32.17,26.83,33.33,50.5,26.0,0.0
1,2026-09-01 11:22:00,11:22,C,34.0,32.28,27.0,33.44,50.33,26.0,0.0
1,2026-09-01 11:23:00,11:23,C,33.72,32.0,26.61,33.06,50.39,25.0,0.0
1,2026-09-01 11:24:00,11:24,C,33.33,31.67,26.33,32.89,49.78,25.0,0.0
1,2026-09-01 11:25:00,11:25,C,33.06,31.44,26.22,32.78,49.11,25.0,0.0
1,2026-09-01 11:26:00,11:26,C,33.44,31.83,26.72,33.06,49.28,25.0,0.0
1,2026-09-01 11:27:00,11:27,C,33.94,32.28,27.11,33.28,49.94,25.0,0.0
1,2026-09-01 11:28:00,11:28,C,33.67,31.94,26.67,33.22,50.0,25.0,0.0
1,2026-09-01 11:29:00,11:29,C,33.78,32.11,26.94,33.28,49.72,26.0,0.0
1,2026-09-01 11:30:00,11:30,C,34.06,32.39,27.28,33.39,49.94,25.0,0.0
1,2026-09-01 11:31:00,11:31,C,33.89,32.17,26.78,33.39,50.5,26.0,0.0
1,2026-09-01 11:32:00,11:32,C,33.72,31.94,26.5,33.11,50.61,25.0,0.0
1,2026-09-01 11:33:00,11:33,C,33.39,31.67,26.22,32.94,50.11,24.0,0.0
1,2026-09-01 11:34:00,11:34,C,33.61,31.94,26.67,33.28,49.89,24.0,0.0
1,2026-09-01 11:35:00,11:35,C,33.44,31.72,26.33,33.28,50.06,24.0,0.0
1,2026-09-01 11:36:00,11:36,C,33.94,32.28,27.0,33.72,50.22,23.0,0.0
1,2026-09-01 11:37:00,11:37,C,33.44,31.72,26.22,33.28,50.44,24.0,0.0
1,2026-09-01 11:38:00,11:38,C,33.39,31.72,26.28,33.33,50.06,24.0,0.0
1,2026-09-01 11:39:00,11:39,C,33.44,31.78,26.33,33.44,50.17,24.0,0.0
1,2026-09-01 11:40:00,11:40,C,33.44,31.78,26.28,33.5,50.33,23.0,0.0
1,2026-09-01 11:41:00,11:41,C,33.94,32.22,26.78,33.72,50.67,24.0,0.0
1,2026-09-01 11:42:00,11:42,C,34.28,32.61,27.22,33.94,50.89,26.0,0.0
1,2026-09-01 11:43:00,11:43,C,34.5,32.83,27.44,34.17,51.11,26.0,0.0
1,2026-09-01 11:44:00,11:44,C,34.44,32.67,27.28,33.83,51.17,27.0,0.0
1,2026-09-01 11:45:00,11:45,C,33.72,32.06,26.72,33.5,50.06,28.0,0.0
1,2026-09-01 11:46:00,11:46,C,33.67,32.06,26.89,33.61,49.5,29.0,0.0
1,2026-09-01 11:47:00,11:47,C,34.22,32.61,27.44,33.89,50.11,28.0,0.0
1,2026-09-01 11:48:00,11:48,C,34.67,33.0,27.78,34.17,50.89,28.0,0.0
1,2026-09-01 11:49:00,11:49,C,34.56,32.83,27.33,34.22,51.5,26.0,0.0
1,2026-09-01 11:50:00,11:50,C,34.33,32.61,27.0,34.11,51.61,25.0,0.0
1,2026-09-01 11:51:00,11:51,C,34.22,32.5,26.89,34.11,51.44,24.0,0.0
1,2026-09-01 11:52:00,11:52,C,33.89,32.17,26.56,33.94,51.11,25.0,0.0
1,2026-09-01 11:53:00,11:53,C,34.11,32.44,27.0,34.17,50.83,23.0,0.0
1,2026-09-01 11:54:00,11:54,C,33.94,32.22,26.72,33.78,50.83,23.0,0.0
1,2026-09-01 11:55:00,11:55,C,33.83,32.17,26.83,33.78,50.22,24.0,0.0
1,2026-09-01 11:56:00,11:56,C,34.06,32.39,27.06,34.11,50.44,24.0,0.0
1,2026-09-01 11:57:00,11:57,C,34.5,32.78,27.39,34.33,51.11,24.0,0.0
1,2026-09-01 11:58:00,11:58,C,33.0,31.44,26.17,33.72,49.0,24.0,0.0
1,2026-09-01 11:59:00,11:59,C,32.78,31.5,26.78,34.0,46.94,28.0,0.0
1,2026-09-01 12:00:00,12:00,C,33.28,31.94,27.28,34.17,47.39,25.0,0.0
1,2026-09-01 12:01:00,12:01,C,32.22,30.89,25.94,33.5,46.94,25.0,0.0
1,2026-09-01 12:02:00,12:02,C,31.44,30.39,26.17,33.5,43.83,28.0,0.0
1,2026-09-01 12:03:00,12:03,C,32.94,31.78,27.61,33.89,45.5,26.0,0.0
1,2026-09-01 12:04:00,12:04,C,33.5,32.11,27.33,34.22,48.0,26.0,0.0
1,2026-09-01 12:05:00,12:05,C,33.83,32.33,27.11,34.44,49.67,25.0,0.0
1,2026-09-01 12:06:00,12:06,C,34.5,32.89,27.5,34.67,50.94,25.0,0.0
1,2026-09-01 12:07:00,12:07,C,34.83,33.11,27.61,34.89,51.72,26.0,0.0
1,2026-09-01 12:08:00,12:08,C,35.33,33.56,27.89,35.17,52.83,29.0,0.0
1,2026-09-01 12:09:00,12:09,C,35.94,34.11,28.39,35.28,53.72,26.0,0.0
1,2026-09-01 12:10:00,12:10,C,35.83,33.94,28.11,35.17,54.0,29.0,0.0
1,2026-09-01 12:11:00,12:11,C,36.17,34.33,28.61,35.5,53.94,29.0,0.0
1,2026-09-01 12:12:00,12:12,C,35.89,34.0,27.94,35.39,54.5,26.0,0.0
1,2026-09-01 12:13:00,12:13,C,35.78,33.94,27.94,35.39,54.22,25.0,0.0
1,2026-09-01 12:14:00,12:14,C,35.83,33.94,27.94,35.39,54.33,24.0,0.0
1,2026-09-01 12:15:00,12:15,C,35.67,33.78,27.67,35.44,54.44,25.0,0.0
1,2026-09-01 12:16:00,12:16,C,36.28,34.33,28.28,35.67,55.11,24.0,0.0
1,2026-09-01 12:17:00,12:17,C,35.78,33.89,27.72,35.39,54.72,23.0,0.0
1,2026-09-01 12:18:00,12:18,C,35.17,33.22,27.0,35.11,54.22,23.0,0.0
1,2026-09-01 12:19:00,12:19,C,35.72,33.83,27.67,35.44,54.61,24.0,0.0
1,2026-09-01 12:20:00,12:20,C,35.89,33.94,27.67,35.56,55.17,23.0,0.0
1,2026-09-01 12:21:00,12:21,C,35.78,33.83,27.5,35.56,55.17,23.0,0.0
1,2026-09-01 12:22:00,12:22,C,36.0,34.06,27.78,35.78,55.22,22.0,0.0
1,2026-09-01 12:23:00,12:23,C,35.94,34.0,27.78,35.83,55.06,22.0,0.0
1,2026-09-01 12:24:00,12:24,C,36.06,34.17,28.0,35.83,55.0,23.0,0.0
1,2026-09-01 12:25:00,12:25,C,36.44,34.56,28.5,35.94,55.11,23.0,0.0
1,2026-09-01 12:26:00,12:26,C,35.67,33.72,27.61,35.17,54.61,23.0,0.0
1,2026-09-01 12:27:00,12:27,C,35.33,33.5,27.56,35.28,53.61,23.0,0.0
1,2026-09-01 12:28:00,12:28,C,35.67,33.78,27.83,35.33,54.06,23.0,0.0
1,2026-09-01 12:29:00,12:29,C,35.78,34.0,28.11,35.67,53.83,26.0,0.0
1,2026-09-01 12:30:00,12:30,C,36.22,34.33,28.28,35.83,54.83,23.0,0.0
1,2026-09-01 12:31:00,12:31,C,35.83,33.89,27.67,35.72,55.0,23.0,0.0
1,2026-09-01 12:32:00,12:32,C,35.44,33.56,27.22,35.67,54.72,21.0,0.0
1,2026-09-01 12:33:00,12:33,C,35.06,33.28,27.22,35.72,53.5,22.0,0.0
1,2026-09-01 12:34:00,12:34,C,34.83,33.17,27.28,35.61,52.61,21.0,0.0
1,2026-09-01 12:35:00,12:35,C,35.06,33.33,27.39,35.67,53.06,22.0,0.0
1,2026-09-01 12:36:00,12:36,C,34.78,32.94,26.94,35.06,53.06,22.0,0.0
1,2026-09-01 12:37:00,12:37,C,33.39,31.89,26.44,34.78,49.61,21.0,0.0
1,2026-09-01 12:38:00,12:38,C,32.11,30.94,26.11,34.44,46.11,22.0,0.0
1,2026-09-01 12:39:00,12:39,C,31.17,30.28,25.94,34.17,43.5,23.0,0.0
1,2026-09-01 12:40:00,12:40,C,31.11,30.33,26.56,34.06,41.78,28.0,0.0
1,2026-09-01 12:41:00,12:41,C,31.06,30.33,26.61,33.94,41.56,26.0,0.0
1,2026-09-01 12:42:00,12:42,C,30.33,29.67,25.94,33.61,40.72,25.0,0.0
1,2026-09-01 12:43:00,12:43,C,30.06,29.44,26.0,33.5,39.56,27.0,0.0
1,2026-09-01 12:44:00,12:44,C,29.83,29.28,26.0,33.33,38.78,27.0,0.0
1,2026-09-01 12:45:00,12:45,C,30.61,30.0,26.67,33.78,39.94,30.0,33.89
1,2026-09-01 12:46:00,12:46,C,32.06,31.06,26.89,34.11,44.28,28.0,0.0
1,2026-09-01 12:47:00,12:47,C,33.39,32.06,27.39,34.44,47.39,28.0,0.0
1,2026-09-01 12:48:00,12:48,C,34.06,32.61,27.5,34.72,49.44,27.0,0.0
1,2026-09-01 12:49:00,12:49,C,33.44,31.89,26.5,34.39,49.72,26.0,0.0
1,2026-09-01 12:50:00,12:50,C,32.33,31.11,26.33,34.0,46.44,29.0,0.0
1,2026-09-01 12:51:00,12:51,C,31.5,30.56,26.39,34.06,43.5,28.0,0.0
1,2026-09-01 12:52:00,12:52,C,31.22,30.39,26.56,34.06,42.17,28.0,0.0
1,2026-09-01 12:53:00,12:53,C,31.83,30.89,26.67,34.22,44.06,28.0,0.0
1,2026-09-01 12:54:00,12:54,C,32.33,31.11,26.5,34.22,45.94,28.0,0.0
1,2026-09-01 12:55:00,12:55,C,31.72,30.61,26.11,33.89,44.94,28.0,0.0
1,2026-09-01 12:56:00,12:56,C,30.94,30.06,26.06,33.78,42.44,28.0,0.0
1,2026-09-01 12:57:00,12:57,C,30.39,29.67,25.83,33.61,41.11,28.0,0.0
1,2026-09-01 12:58:00,12:58,C,30.94,30.17,26.5,33.89,41.33,29.0,0.0
1,2026-09-01 12:59:00,12:59,C,32.44,31.33,27.06,34.22,45.11,30.0,34.44
1,2026-09-01 13:00:00,13:00,C,33.78,32.39,27.5,34.61,48.44,28.0,0.0
1,2026-09-01 13:01:00,13:01,C,34.44,32.89,27.67,34.94,50.39,27.0,0.0
1,2026-09-01 13:02:00,13:02,C,34.72,33.11,27.61,35.17,51.44,26.0,0.0
1,2026-09-01 13:03:00,13:03,C,34.89,33.28,27.72,35.5,51.78,26.0,0.0
1,2026-09-01 13:04:00,13:04,C,35.44,33.78,28.11,35.83,52.61,25.0,0.0
1,2026-09-01 13:05:00,13:05,C,35.89,34.11,28.28,36.0,53.72,27.0,0.0
1,2026-09-01 13:06:00,13:06,C,35.94,34.17,28.22,36.06,54.11,25.0,0.0
1,2026-09-01 13:07:00,13:07,C,36.67,34.78,28.72,36.33,55.22,24.0,0.0
1,2026-09-01 13:08:00,13:08,C,36.22,34.28,27.89,36.17,55.83,22.0,0.0
1,2026-09-01 13:09:00,13:09,C,36.0,34.0,27.5,35.89,55.83,22.0,0.0
1,2026-09-01 13:10:00,13:10,C,36.06,34.06,27.61,35.94,55.83,22.0,0.0
1,2026-09-01 13:11:00,13:11,C,35.78,33.83,27.5,35.89,55.22,22.0,0.0
1,2026-09-01 13:12:00,13:12,C,34.56,32.94,27.06,35.61,52.22,23.0,0.0
1,2026-09-01 13:13:00,13:13,C,33.17,31.83,26.72,35.22,48.22,23.0,0.0
1,2026-09-01 13:14:00,13:14,C,31.78,30.78,26.33,34.72,44.61,24.0,0.0
1,2026-09-01 13:15:00,13:15,C,30.72,30.0,26.06,34.28,41.72,25.0,0.0
1,2026-09-01 13:16:00,13:16,C,29.94,29.33,25.78,33.72,39.78,25.0,0.0
1,2026-09-01 13:17:00,13:17,C,29.39,28.94,25.67,33.44,38.22,27.0,0.0
1,2026-09-01 13:18:00,13:18,C,29.06,28.67,25.61,33.28,37.22,28.0,0.0
1,2026-09-01 13:19:00,13:19,C,28.61,28.28,25.28,33.0,36.56,28.0,0.0
1,2026-09-01 13:20:00,13:20,C,28.44,28.11,25.28,32.78,35.94,30.0,32.22
1,2026-09-01 13:21:00,13:21,C,28.56,28.28,25.56,32.72,35.61,32.0,32.78
1,2026-09-01 13:22:00,13:22,C,28.89,28.61,26.06,32.78,35.5,33.0,32.78
1,2026-09-01 13:23:00,13:23,C,29.0,28.72,26.22,32.78,35.56,34.0,32.78
1,2026-09-01 13:24:00,13:24,C,28.67,28.39,25.78,32.78,35.56,32.0,32.78
1,2026-09-01 13:25:00,13:25,C,28.67,28.39,25.72,32.78,35.56,32.0,32.78
1,2026-09-01 13:26:00,13:26,C,29.11,28.78,26.28,32.83,35.72,34.0,32.78
1,2026-09-01 13:27:00,13:27,C,30.5,29.94,27.06,33.17,38.61,34.0,33.89
1,2026-09-01 13:28:00,13:28,C,32.17,31.17,27.44,33.56,43.22,35.0,33.89
1,2026-09-01 13:29:00,13:29,C,33.94,32.61,28.17,34.11,47.56,32.0,33.89
1,2026-09-01 13:30:00,13:30,C,34.33,32.72,27.39,34.39,50.67,32.0,35.0
1,2026-09-01 13:31:00,13:31,C,35.11,33.33,27.72,34.89,52.44,30.0,35.56
1,2026-09-01 13:32:00,13:32,C,35.72,33.83,27.94,35.33,53.94,29.0,0.0
1,2026-09-01 13:33:00,13:33,C,36.33,34.44,28.44,35.67,54.89,28.0,0.0
1,2026-09-01 13:34:00,13:34,C,36.17,34.28,28.11,35.83,55.11,27.0,0.0
1,2026-09-01 13:35:00,13:35,C,35.89,33.89,27.5,35.78,55.5,26.0,0.0
1,2026-09-01 13:36:00,13:36,C,35.72,33.78,27.39,35.78,55.22,23.0,0.0
1,2026-09-01 13:37:00,13:37,C,35.11,33.28,27.17,35.61,53.67,23.0,0.0
1,2026-09-01 13:38:00,13:38,C,34.61,32.83,26.72,35.44,53.11,23.0,0.0
1,2026-09-01 13:39:00,13:39,C,34.56,32.83,26.72,35.61,52.83,25.0,0.0
1,2026-09-01 13:40:00,13:40,C,34.78,33.11,27.11,35.78,52.78,23.0,0.0
1,2026-09-01 13:41:00,13:41,C,34.89,33.17,27.22,35.89,52.83,28.0,0.0
1,2026-09-01 13:42:00,13:42,C,35.06,33.28,27.22,35.83,53.39,23.0,0.0
1,2026-09-01 13:43:00,13:43,C,35.22,33.5,27.39,36.17,53.61,22.0,0.0
1,2026-09-01 13:44:00,13:44,C,35.89,34.11,28.11,36.39,54.11,25.0,0.0
1,2026-09-01 13:45:00,13:45,C,36.28,34.44,28.39,36.61,54.78,23.0,0.0
1,2026-09-01 13:46:00,13:46,C,35.89,34.0,27.56,36.44,55.39,22.0,0.0
1,2026-09-01 13:47:00,13:47,C,36.06,34.22,27.89,36.56,55.28,22.0,0.0
1,2026-09-01 13:48:00,13:48,C,36.67,34.67,28.17,36.72,56.5,23.0,0.0
1,2026-09-01 13:49:00,13:49,C,36.78,34.78,28.17,36.94,56.89,23.0,0.0
1,2026-09-01 13:50:00,13:50,C,36.72,34.72,28.0,36.78,57.22,21.0,0.0
1,2026-09-01 13:51:00,13:51,C,36.39,34.33,27.67,36.22,56.83,20.0,0.0
1,2026-09-01 13:52:00,13:52,C,35.06,33.22,26.89,35.78,54.22,21.0,0.0
1,2026-09-01 13:53:00,13:53,C,33.67,32.22,26.61,35.5,50.28,25.0,0.0
1,2026-09-01 13:54:00,13:54,C,32.78,31.56,26.67,35.11,47.11,22.0,0.0
1,2026-09-01 13:55:00,13:55,C,31.22,30.33,25.89,34.67,43.72,23.0,0.0
1,2026-09-01 13:56:00,13:56,C,30.89,30.17,26.28,34.56,41.67,24.0,0.0
1,2026-09-01 13:57:00,13:57,C,30.61,30.0,26.28,34.61,40.72,25.0,0.0
1,2026-09-01 13:58:00,13:58,C,30.72,30.06,26.17,34.39,41.5,25.0,0.0
1,2026-09-01 13:59:00,13:59,C,30.89,30.22,26.5,34.44,41.22,26.0,0.0
1,2026-09-01 14:00:00,14:00,C,31.17,30.44,26.67,34.61,41.67,26.0,0.0
1,2026-09-01 14:01:00,14:01,C,31.83,30.94,26.83,34.78,43.5,27.0,0.0
1,2026-09-01 14:02:00,14:02,C,31.94,31.0,26.78,34.89,44.06,26.0,0.0
1,2026-09-01 14:03:00,14:03,C,33.11,32.0,27.39,35.39,46.5,29.0,0.0
1,2026-09-01 14:04:00,14:04,C,34.44,33.06,27.89,35.83,49.78,27.0,0.0
1,2026-09-01 14:05:00,14:05,C,35.56,33.94,28.39,36.22,52.44,27.0,0.0
1,2026-09-01 14:06:00,14:06,C,36.39,34.61,28.72,36.5,54.28,24.0,0.0
1,2026-09-01 14:07:00,14:07,C,36.17,34.33,28.11,36.56,55.11,24.0,0.0
1,2026-09-01 14:08:00,14:08,C,35.83,34.0,27.67,36.39,55.0,23.0,0.0
1,2026-09-01 14:09:00,14:09,C,35.83,33.94,27.61,36.28,55.06,24.0,0.0
1,2026-09-01 14:10:00,14:10,C,36.0,34.06,27.72,36.22,55.33,22.0,0.0
1,2026-09-01 14:11:00,14:11,C,36.0,34.11,27.78,36.28,55.22,22.0,0.0
1,2026-09-01 14:12:00,14:12,C,35.78,33.94,27.72,36.22,54.72,21.0,0.0
1,2026-09-01 14:13:00,14:13,C,35.33,33.5,27.17,35.83,54.56,21.0,0.0
1,2026-09-01 14:14:00,14:14,C,35.78,34.0,27.89,36.22,54.28,22.0,0.0
1,2026-09-01 14:15:00,14:15,C,35.72,33.94,27.89,35.94,54.17,23.0,0.0
1,2026-09-01 14:16:00,14:16,C,35.72,33.94,27.94,36.33,54.0,22.0,0.0
1,2026-09-01 14:17:00,14:17,C,35.94,34.11,28.0,36.5,54.5,22.0,0.0
1,2026-09-01 14:18:00,14:18,C,36.06,34.22,27.94,36.61,55.11,21.0,0.0
1,2026-09-01 14:19:00,14:19,C,36.06,34.17,27.72,36.56,55.67,20.0,0.0
1,2026-09-01 14:20:00,14:20,C,36.17,34.28,27.83,36.78,55.61,20.0,0.0
1,2026-09-01 14:21:00,14:21,C,36.0,34.11,27.61,36.83,55.67,20.0,0.0
1,2026-09-01 14:22:00,14:22,C,36.11,34.22,27.78,36.78,55.56,21.0,0.0
1,2026-09-01 14:23:00,14:23,C,36.06,34.17,27.78,36.83,55.44,20.0,0.0
1,2026-09-01 14:24:00,14:24,C,36.28,34.44,28.06,37.11,55.56,20.0,0.0
1,2026-09-01 14:25:00,14:25,C,36.06,34.22,27.89,36.89,55.17,20.0,0.0
1,2026-09-01 14:26:00,14:26,C,36.06,34.33,28.06,37.22,54.89,19.0,0.0
1,2026-09-01 14:27:00,14:27,C,36.56,34.72,28.44,37.5,55.5,20.0,0.0
1,2026-09-01 14:28:00,14:28,C,35.83,34.06,27.61,37.17,55.11,19.0,0.0
1,2026-09-01 14:29:00,14:29,C,35.67,34.0,27.89,37.28,53.94,20.0,0.0
1,2026-09-01 14:30:00,14:30,C,36.11,34.39,28.28,37.17,54.39,21.0,0.0
1,2026-09-01 14:31:00,14:31,C,36.22,34.5,28.44,37.33,54.5,19.0,0.0
1,2026-09-01 14:32:00,14:32,C,36.17,34.44,28.28,37.39,54.61,22.0,0.0
1,2026-09-01 14:33:00,14:33,C,35.33,33.89,28.17,37.44,52.17,21.0,0.0
1,2026-09-01 14:34:00,14:34,C,35.56,34.06,28.39,37.56,52.28,20.0,0.0
1,2026-09-01 14:35:00,14:35,C,35.22,33.67,27.78,37.17,52.67,20.0,0.0
1,2026-09-01 14:36:00,14:36,C,34.56,33.17,27.56,37.11,51.0,19.0,0.0
1,2026-09-01 14:37:00,14:37,C,33.89,32.56,27.0,36.61,50.11,20.0,0.0
1,2026-09-01 14:38:00,14:38,C,32.89,31.78,26.89,36.22,46.89,21.0,0.0
1,2026-09-01 14:39:00,14:39,C,31.94,31.06,26.61,35.61,44.5,21.0,0.0
1,2026-09-01 14:40:00,14:40,C,30.78,30.11,26.11,35.28,41.78,22.0,0.0
1,2026-09-01 14:41:00,14:41,C,30.39,29.83,26.06,35.06,40.5,22.0,0.0
1,2026-09-01 14:42:00,14:42,C,29.89,29.39,25.72,34.67,39.78,23.0,0.0
1,2026-09-01 14:43:00,14:43,C,30.28,29.67,25.89,34.78,40.56,23.0,0.0
1,2026-09-01 14:44:00,14:44,C,30.78,30.06,26.11,34.83,41.67,23.0,0.0
1,2026-09-01 14:45:00,14:45,C,30.72,30.0,26.06,34.78,41.61,24.0,0.0
1,2026-09-01 14:46:00,14:46,C,30.72,30.11,26.39,34.78,40.89,25.0,0.0
1,2026-09-01 14:47:00,14:47,C,30.33,29.78,26.22,34.39,39.94,27.0,0.0
1,2026-09-01 14:48:00,14:48,C,30.11,29.61,26.22,34.11,39.22,29.0,0.0
1,2026-09-01 14:49:00,14:49,C,31.06,30.44,27.06,34.33,40.56,30.0,34.44
1,2026-09-01 14:50:00,14:50,C,32.28,31.39,27.44,34.44,43.72,30.0,34.44
1,2026-09-01 14:51:00,14:51,C,32.44,31.5,27.5,34.56,44.06,30.0,34.44
1,2026-09-01 14:52:00,14:52,C,33.22,32.06,27.72,34.78,46.06,30.0,35.56
1,2026-09-01 14:53:00,14:53,C,33.94,32.61,27.78,35.11,48.5,29.0,0.0
1,2026-09-01 14:54:00,14:54,C,34.5,33.0,27.78,35.17,50.22,30.0,35.56
1,2026-09-01 14:55:00,14:55,C,35.39,33.78,28.5,35.67,51.56,29.0,0.0
1,2026-09-01 14:56:00,14:56,C,35.11,33.39,27.67,35.39,52.56,25.0,0.0
1,2026-09-01 14:57:00,14:57,C,34.72,33.0,27.22,35.39,52.28,25.0,0.0
1,2026-09-01 14:58:00,14:58,C,35.28,33.56,27.61,35.78,53.28,23.0,0.0
1,2026-09-01 14:59:00,14:59,C,35.78,33.94,27.83,36.11,54.39,25.0,0.0
1,2026-09-01 15:00:00,15:00,C,35.72,33.89,27.67,36.0,54.67,22.0,0.0
1,2026-09-01 15:01:00,15:01,C,35.61,33.78,27.56,36.17,54.56,22.0,0.0
1,2026-09-01 15:02:00,15:02,C,35.89,34.06,27.78,36.33,54.94,21.0,0.0
1,2026-09-01 15:03:00,15:03,C,36.33,34.44,28.22,36.78,55.28,24.0,0.0
1,2026-09-01 15:04:00,15:04,C,36.06,34.17,27.72,36.78,55.56,21.0,0.0
1,2026-09-01 15:05:00,15:05,C,35.89,34.17,27.94,37.22,54.5,23.0,0.0
1,2026-09-01 15:06:00,15:06,C,35.94,34.22,28.11,37.22,54.33,21.0,0.0
1,2026-09-01 15:07:00,15:07,C,35.06,33.44,27.39,37.0,52.94,21.0,0.0
1,2026-09-01 15:08:00,15:08,C,33.5,32.17,26.67,36.33,49.5,22.0,0.0
1,2026-09-01 15:09:00,15:09,C,32.33,31.33,26.5,36.11,46.06,23.0,0.0
1,2026-09-01 15:10:00,15:10,C,31.39,30.56,26.11,35.61,43.72,22.0,0.0
1,2026-09-01 15:11:00,15:11,C,30.67,30.0,25.89,35.22,41.94,25.0,0.0
1,2026-09-01 15:12:00,15:12,C,30.11,29.56,25.67,34.78,40.61,24.0,0.0
1,2026-09-01 15:13:00,15:13,C,30.11,29.61,26.06,34.78,39.61,25.0,0.0
1,2026-09-01 15:14:00,15:14,C,30.28,29.83,26.5,34.83,39.17,25.0,0.0
1,2026-09-01 15:15:00,15:15,C,30.67,30.11,26.61,35.0,40.17,25.0,0.0
1,2026-09-01 15:16:00,15:16,C,30.5,29.94,26.17,34.94,40.67,25.0,0.0
1,2026-09-01 15:17:00,15:17,C,29.89,29.39,25.67,34.72,39.83,25.0,0.0
1,2026-09-01 15:18:00,15:18,C,29.56,29.11,25.67,34.5,38.72,26.0,0.0
1,2026-09-01 15:19:00,15:19,C,29.28,28.94,25.61,34.39,37.89,27.0,0.0
1,2026-09-01 15:20:00,15:20,C,29.11,28.83,25.72,34.28,37.17,27.0,0.0
1,2026-09-01 15:21:00,15:21,C,28.72,28.44,25.33,34.06,36.72,27.0,0.0
1,2026-09-01 15:22:00,15:22,C,28.39,28.17,25.06,33.78,36.28,28.0,0.0
1,2026-09-01 15:23:00,15:23,C,28.44,28.22,25.28,33.72,35.89,29.0,0.0
1,2026-09-01 15:24:00,15:24,C,28.28,28.11,25.17,33.72,35.67,29.0,0.0
1,2026-09-01 15:25:00,15:25,C,28.56,28.39,25.56,33.72,35.67,30.0,33.89
1,2026-09-01 15:26:00,15:26,C,28.78,28.61,25.83,33.72,35.78,32.0,33.89
1,2026-09-01 15:27:00,15:27,C,29.06,28.78,26.11,33.61,35.94,34.0,34.44
1,2026-09-01 15:28:00,15:28,C,30.33,29.94,27.22,34.0,37.67,33.0,34.44
1,2026-09-01 15:29:00,15:29,C,32.17,31.33,27.72,34.5,42.61,33.0,35.0
1,2026-09-01 15:30:00,15:30,C,33.22,32.06,27.56,34.94,46.61,32.0,36.11
1,2026-09-01 15:31:00,15:31,C,34.06,32.67,27.56,35.11,49.39,29.0,0.0
1,2026-09-01 15:32:00,15:32,C,34.61,33.11,27.78,35.39,50.72,30.0,36.11
1,2026-09-01 15:33:00,15:33,C,35.33,33.72,28.39,35.78,51.61,29.0,0.0
1,2026-09-01 15:34:00,15:34,C,35.72,34.06,28.39,36.0,52.94,27.0,0.0
1,2026-09-01 15:35:00,15:35,C,34.44,32.89,27.22,35.5,51.44,26.0,0.0
1,2026-09-01 15:36:00,15:36,C,33.28,32.0,26.94,35.56,48.17,28.0,0.0
1,2026-09-01 15:37:00,15:37,C,32.83,31.72,27.11,35.11,46.22,29.0,0.0
1,2026-09-01 15:38:00,15:38,C,32.44,31.44,27.17,34.94,44.89,31.0,35.56
1,2026-09-01 15:39:00,15:39,C,31.61,30.72,26.5,34.44,43.67,31.0,35.0
1,2026-09-01 15:40:00,15:40,C,31.28,30.44,26.5,34.28,42.56,31.0,35.0
1,2026-09-01 15:41:00,15:41,C,31.39,30.61,26.83,34.33,42.06,30.0,34.44
1,2026-09-01 15:42:00,15:42,C,31.83,31.0,27.22,34.5,42.72,31.0,35.0
1,2026-09-01 15:43:00,15:43,C,31.72,30.94,27.0,34.67,42.89,29.0,0.0
1,2026-09-01 15:44:00,15:44,C,31.17,30.39,26.33,34.72,42.61,28.0,0.0
1,2026-09-01 15:45:00,15:45,C,31.67,30.83,26.72,35.06,43.22,29.0,0.0
1,2026-09-01 15:46:00,15:46,C,32.5,31.39,26.61,35.33,46.39,28.0,0.0
1,2026-09-01 15:47:00,15:47,C,32.44,31.28,26.39,35.28,46.61,28.0,0.0
1,2026-09-01 15:48:00,15:48,C,32.33,31.33,26.72,35.44,45.5,27.0,0.0
1,2026-09-01 15:49:00,15:49,C,32.17,31.11,26.44,35.33,45.56,27.0,0.0
1,2026-09-01 15:50:00,15:50,C,32.06,31.11,26.44,35.61,45.22,26.0,0.0
1,2026-09-01 15:51:00,15:51,C,31.67,30.72,26.06,35.44,44.78,26.0,0.0
1,2026-09-01 15:52:00,15:52,C,31.39,30.5,25.94,35.44,44.17,26.0,0.0
1,2026-09-01 15:53:00,15:53,C,31.11,30.28,25.67,35.28,43.94,26.0,0.0
1,2026-09-01 15:54:00,15:54,C,30.67,29.89,25.5,35.11,42.78,26.0,0.0
1,2026-09-01 15:55:00,15:55,C,30.11,29.5,25.39,34.83,41.28,27.0,0.0
1,2026-09-01 15:56:00,15:56,C,29.56,29.06,25.17,34.61,39.89,26.0,0.0
1,2026-09-01 15:57:00,15:57,C,29.22,28.78,25.17,34.44,38.78,30.0,34.44
1,2026-09-01 15:58:00,15:58,C,29.0,28.67,25.17,34.39,38.06,29.0,0.0
1,2026-09-01 15:59:00,15:59,C,28.72,28.39,24.94,34.17,37.56,28.0,0.0
1,2026-09-01 16:00:00,16:00,C,28.72,28.44,25.17,34.11,37.11,29.0,0.0
1,2026-09-01 16:01:00,16:01,C,28.78,28.5,25.33,34.06,36.94,30.0,33.89
1,2026-09-01 16:02:00,16:02,C,28.89,28.61,25.5,34.0,36.94,31.0,33.89
1,2026-09-01 16:03:00,16:03,C,29.17,28.83,25.78,34.11,37.11,31.0,33.89
1,2026-09-01 16:04:00,16:04,C,29.33,29.0,25.94,34.11,37.33,32.0,33.89
1,2026-09-01 16:05:00,16:05,C,29.78,29.39,26.39,34.11,37.72,34.0,34.44
1,2026-09-01 16:06:00,16:06,C,29.61,29.22,26.0,34.11,38.11,31.0,33.89
1,2026-09-01 16:07:00,16:07,C,29.44,29.06,25.78,34.11,38.17,31.0,33.89
1,2026-09-01 16:08:00,16:08,C,29.33,28.89,25.56,34.11,38.17,31.0,33.89
1,2026-09-01 16:09:00,16:09,C,29.11,28.72,25.33,34.11,38.06,31.0,33.89
1,2026-09-01 16:10:00,16:10,C,29.44,29.06,25.67,34.22,38.33,31.0,35.0
1,2026-09-01 16:11:00,16:11,C,29.28,28.83,25.33,34.22,38.61,31.0,35.0
1,2026-09-01 16:12:00,16:12,C,29.67,29.17,25.56,34.44,39.33,33.0,35.0
1,2026-09-01 16:13:00,16:13,C,30.39,29.78,25.94,34.67,40.78,30.0,34.44
1,2026-09-01 16:14:00,16:14,C,31.17,30.33,26.06,34.94,43.17,31.0,35.56
1,2026-09-01 16:15:00,16:15,C,31.89,30.94,26.44,35.11,44.67,31.0,35.56
1,2026-09-01 16:16:00,16:16,C,31.83,30.89,26.44,35.17,44.44,31.0,35.56
1,2026-09-01 16:17:00,16:17,C,31.44,30.56,26.17,35.06,43.89,31.0,35.56
1,2026-09-01 16:18:00,16:18,C,30.94,30.17,25.89,34.83,42.89,30.0,35.56
1,2026-09-01 16:19:00,16:19,C,30.78,30.06,26.0,34.78,41.94,30.0,35.56
1,2026-09-01 16:20:00,16:20,C,31.06,30.39,26.56,34.89,41.72,32.0,36.11
1,2026-09-01 16:21:00,16:21,C,31.61,30.72,26.44,34.94,43.67,29.0,0.0
1,2026-09-01 16:22:00,16:22,C,31.0,30.17,25.83,34.89,43.22,30.0,35.56
1,2026-09-01 16:23:00,16:23,C,31.0,30.28,26.22,34.78,42.28,31.0,35.56
1,2026-09-01 16:24:00,16:24,C,30.56,29.89,25.94,34.78,41.39,32.0,36.11
1,2026-09-01 16:25:00,16:25,C,30.11,29.5,25.67,34.5,40.5,32.0,35.0
1,2026-09-01 16:26:00,16:26,C,30.0,29.44,25.89,34.5,39.61,34.0,35.56
1,2026-09-01 16:27:00,16:27,C,30.22,29.67,26.22,34.39,39.56,32.0,35.0
1,2026-09-01 16:28:00,16:28,C,29.94,29.44,25.94,34.28,39.44,36.0,36.11
1,2026-09-01 16:29:00,16:29,C,29.83,29.33,25.83,34.22,39.28,31.0,35.0
1,2026-09-01 16:30:00,16:30,C,29.5,29.0,25.5,34.11,38.83,31.0,33.89
1,2026-09-01 16:31:00,16:31,C,29.33,28.89,25.39,34.17,38.61,31.0,35.0
1,2026-09-01 16:32:00,16:32,C,29.39,28.94,25.5,34.22,38.61,31.0,35.0
1,2026-09-01 16:33:00,16:33,C,29.94,29.44,26.0,34.44,39.22,31.0,35.0
1,2026-09-01 16:34:00,16:34,C,30.33,29.78,26.11,34.78,40.22,31.0,35.56
1,2026-09-01 16:35:00,16:35,C,30.5,29.89,26.06,34.94,40.94,31.0,35.56
1,2026-09-01 16:36:00,16:36,C,30.67,30.0,26.17,35.0,41.17,32.0,36.11
1,2026-09-01 16:37:00,16:37,C,30.39,29.78,25.83,35.0,41.17,31.0,35.56
1,2026-09-01 16:38:00,16:38,C,30.44,29.83,26.0,35.11,40.83,32.0,36.11
1,2026-09-01 16:39:00,16:39,C,30.39,29.83,26.06,35.11,40.67,31.0,35.56
1,2026-09-01 16:40:00,16:40,C,30.0,29.44,25.67,34.94,40.17,30.0,35.56
1,2026-09-01 16:41:00,16:41,C,29.83,29.33,25.5,34.89,40.06,30.0,35.56
1,2026-09-01 16:42:00,16:42,C,29.44,28.94,25.11,34.67,39.67,30.0,34.44
1,2026-09-01 16:43:00,16:43,C,29.22,28.78,25.11,34.5,38.83,30.0,34.44
1,2026-09-01 16:44:00,16:44,C,29.11,28.72,25.28,34.5,38.06,30.0,34.44
1,2026-09-01 16:45:00,16:45,C,29.11,28.83,25.61,34.44,37.44,30.0,34.44
1,2026-09-01 16:46:00,16:46,C,28.72,28.44,25.22,34.39,37.0,31.0,35.0
1,2026-09-01 16:47:00,16:47,C,28.5,28.28,25.06,34.28,36.61,31.0,35.0
1,2026-09-01 16:48:00,16:48,C,28.61,28.39,25.28,34.28,36.39,32.0,35.0
1,2026-09-01 16:49:00,16:49,C,28.61,28.39,25.33,34.22,36.39,31.0,35.0
1,2026-09-01 16:50:00,16:50,C,28.78,28.56,25.44,34.28,36.61,31.0,35.0
1,2026-09-01 16:51:00,16:51,C,28.83,28.56,25.44,34.28,36.83,32.0,35.0
1,2026-09-01 16:52:00,16:52,C,28.94,28.67,25.5,34.28,37.06,33.0,35.0
1,2026-09-01 16:53:00,16:53,C,29.11,28.78,25.61,34.22,37.39,33.0,35.0
1,2026-09-01 16:54:00,16:54,C,29.33,29.0,25.72,34.28,37.89,33.0,35.0
1,2026-09-01 16:55:00,16:55,C,29.44,29.06,25.67,34.28,38.39,34.0,35.56
1,2026-09-01 16:56:00,16:56,C,29.67,29.22,25.83,34.22,38.61,33.0,35.0
1,2026-09-01 16:57:00,16:57,C,29.67,29.28,26.0,34.11,38.39,36.0,35.0
1,2026-09-01 16:58:00,16:58,C,29.56,29.17,25.94,34.28,38.11,33.0,35.0
1,2026-09-01 16:59:00,16:59,C,29.11,28.78,25.39,34.44,37.89,31.0,35.0
1,2026-09-01 17:00:00,17:00,C,28.72,28.39,24.89,34.56,37.78,31.0,35.0
1,2026-09-01 17:01:00,17:01,C,28.78,28.5,24.94,34.61,37.89,31.0,35.0
1,2026-09-01 17:02:00,17:02,C,29.11,28.78,25.28,34.72,38.22,31.0,35.56
1,2026-09-01 17:03:00,17:03,C,29.61,29.22,25.72,34.89,38.78,31.0,35.56
1,2026-09-01 17:04:00,17:04,C,29.94,29.5,26.06,34.89,39.06,34.0,36.11
1,2026-09-01 17:05:00,17:05,C,29.83,29.39,25.94,34.72,38.94,35.0,35.56
1,2026-09-01 17:06:00,17:06,C,29.67,29.28,25.89,34.67,38.5,33.0,35.0
1,2026-09-01 17:07:00,17:07,C,29.56,29.22,25.89,34.67,38.28,36.0,36.11
1,2026-09-01 17:08:00,17:08,C,29.94,29.61,26.44,34.61,38.22,35.0,35.56
1,2026-09-01 17:09:00,17:09,C,29.67,29.28,26.0,34.61,38.22,32.0,35.0
1,2026-09-01 17:10:00,17:10,C,29.5,29.17,25.83,34.67,38.17,33.0,35.0
1,2026-09-01 17:11:00,17:11,C,29.83,29.44,26.22,34.72,38.28,34.0,35.56
1,2026-09-01 17:12:00,17:12,C,29.39,29.0,25.56,34.67,38.39,31.0,35.0
1,2026-09-01 17:13:00,17:13,C,29.06,28.72,25.22,34.78,38.17,31.0,35.56
1,2026-09-01 17:14:00,17:14,C,28.72,28.39,24.78,34.83,38.0,31.0,35.56
1,2026-09-01 17:15:00,17:15,C,28.72,28.44,24.89,34.83,37.72,31.0,35.56
1,2026-09-01 17:16:00,17:16,C,28.89,28.67,25.22,34.89,37.61,32.0,36.11
1,2026-09-01 17:17:00,17:17,C,29.17,28.89,25.67,34.83,37.39,35.0,36.67
1,2026-09-01 17:18:00,17:18,C,28.94,28.67,25.44,34.72,37.11,33.0,35.0
1,2026-09-01 17:19:00,17:19,C,28.5,28.28,25.06,34.44,36.67,32.0,35.0
1,2026-09-01 17:20:00,17:20,C,28.28,28.06,24.89,34.33,36.22,32.0,35.0
1,2026-09-01 17:21:00,17:21,C,28.33,28.17,25.11,34.28,35.89,35.0,35.56
1,2026-09-01 17:22:00,17:22,C,28.11,28.0,24.94,34.22,35.67,32.0,35.0
1,2026-09-01 17:23:00,17:23,C,28.17,28.06,25.11,34.11,35.39,36.0,35.0
1,2026-09-01 17:24:00,17:24,C,28.17,28.06,25.17,33.94,35.22,33.0,34.44
1,2026-09-01 17:25:00,17:25,C,28.06,27.94,25.17,33.89,34.89,33.0,34.44
1,2026-09-01 17:26:00,17:26,C,27.83,27.72,24.89,33.72,34.72,34.0,34.44
1,2026-09-01 17:27:00,17:27,C,27.78,27.67,24.94,33.61,34.44,36.0,33.89
1,2026-09-01 17:28:00,17:28,C,27.83,27.72,25.11,33.5,34.22,35.0,33.89
1,2026-09-01 17:29:00,17:29,C,27.61,27.56,24.89,33.39,34.06,37.0,34.44
1,2026-09-01 17:30:00,17:30,C,27.78,27.67,25.17,33.22,33.89,36.0,33.89
1,2026-09-01 17:31:00,17:31,C,27.72,27.67,25.17,33.11,33.72,37.0,34.44
1,2026-09-01 17:32:00,17:32,C,27.61,27.56,25.11,33.06,33.61,38.0,33.89
1,2026-09-01 17:33:00,17:33,C,27.78,27.72,25.28,32.94,33.67,38.0,33.89
1,2026-09-01 17:34:00,17:34,C,27.89,27.78,25.33,32.89,34.0,37.0,33.33
1,2026-09-01 17:35:00,17:35,C,27.94,27.78,25.22,32.94,34.33,37.0,33.33
1,2026-09-01 17:36:00,17:36,C,28.28,28.11,25.5,32.94,34.83,38.0,33.89
1,2026-09-01 17:37:00,17:37,C,28.44,28.28,25.61,33.06,35.22,37.0,33.33
1,2026-09-01 17:38:00,17:38,C,28.72,28.44,25.72,33.06,35.72,37.0,34.44
1,2026-09-01 17:39:00,17:39,C,28.89,28.61,25.83,33.17,36.11,37.0,34.44
1,2026-09-01 17:40:00,17:40,C,28.94,28.61,25.78,33.22,36.44,37.0,34.44
1,2026-09-01 17:41:00,17:41,C,29.28,28.89,26.11,33.28,36.67,38.0,34.44
1,2026-09-01 17:42:00,17:42,C,29.11,28.78,25.89,33.39,36.72,38.0,34.44
1,2026-09-01 17:43:00,17:43,C,28.83,28.56,25.61,33.39,36.5,37.0,34.44
1,2026-09-01 17:44:00,17:44,C,28.94,28.61,25.72,33.44,36.5,37.0,34.44
1,2026-09-01 17:45:00,17:45,C,29.11,28.83,25.94,33.5,36.67,39.0,35.0
1,2026-09-01 17:46:00,17:46,C,29.39,29.06,26.22,33.56,36.89,38.0,34.44
1,2026-09-01 17:47:00,17:47,C,29.28,28.94,26.11,33.44,36.78,40.0,35.0
1,2026-09-01 17:48:00,17:48,C,29.22,28.89,26.11,33.5,36.5,40.0,35.0
1,2026-09-01 17:49:00,17:49,C,28.83,28.56,25.67,33.56,36.28,36.0,33.89
1,2026-09-01 17:50:00,17:50,C,28.78,28.56,25.67,33.56,36.17,39.0,35.0
1,2026-09-01 17:51:00,17:51,C,28.72,28.5,25.67,33.56,36.0,37.0,34.44
1,2026-09-01 17:52:00,17:52,C,28.61,28.39,25.5,33.61,35.94,37.0,34.44
1,2026-09-01 17:53:00,17:53,C,28.44,28.22,25.28,33.61,35.94,36.0,35.0
1,2026-09-01 17:54:00,17:54,C,28.39,28.17,25.17,33.72,36.0,35.0,35.0
1,2026-09-01 17:55:00,17:55,C,28.11,27.89,24.78,33.72,35.89,35.0,35.0
1,2026-09-01 17:56:00,17:56,C,27.78,27.61,24.44,33.78,35.67,34.0,34.44
1,2026-09-01 17:57:00,17:57,C,27.83,27.67,24.56,33.78,35.5,36.0,35.0
1,2026-09-01 17:58:00,17:58,C,28.0,27.83,24.83,33.78,35.5,36.0,35.0
1,2026-09-01 17:59:00,17:59,C,28.11,27.94,25.0,33.89,35.39,36.0,35.0
1,2026-09-01 18:00:00,18:00,C,28.11,27.94,25.0,33.83,35.39,36.0,35.0
1,2026-09-01 18:01:00,18:01,C,27.89,27.72,24.67,33.89,35.44,34.0,34.44
1,2026-09-01 18:02:00,18:02,C,27.72,27.56,24.44,33.89,35.5,35.0,35.0
1,2026-09-01 18:03:00,18:03,C,27.89,27.72,24.67,33.89,35.5,35.0,35.0
1,2026-09-01 18:04:00,18:04,C,27.78,27.61,24.5,33.89,35.44,34.0,34.44
1,2026-09-01 18:05:00,18:05,C,27.89,27.72,24.72,33.83,35.39,36.0,35.0
1,2026-09-01 18:06:00,18:06,C,28.06,27.89,25.0,33.83,35.28,36.0,35.0
1,2026-09-01 18:07:00,18:07,C,28.17,28.0,25.17,33.78,35.28,37.0,35.0
1,2026-09-01 18:08:00,18:08,C,28.39,28.28,25.5,33.83,35.28,37.0,35.0
1,2026-09-01 18:09:00,18:09,C,28.39,28.28,25.5,33.78,35.28,39.0,35.56
1,2026-09-01 18:10:00,18:10,C,28.56,28.39,25.72,33.78,35.22,37.0,35.0
1,2026-09-01 18:11:00,18:11,C,28.44,28.28,25.56,33.72,35.22,36.0,35.0
1,2026-09-01 18:12:00,18:12,C,28.06,27.94,25.06,33.78,35.22,34.0,34.44
1,2026-09-01 18:13:00,18:13,C,27.83,27.72,24.72,33.78,35.22,34.0,34.44
1,2026-09-01 18:14:00,18:14,C,27.89,27.72,24.72,33.78,35.28,35.0,35.0
1,2026-09-01 18:15:00,18:15,C,28.06,27.89,25.0,33.78,35.28,37.0,35.0
1,2026-09-01 18:16:00,18:16,C,28.33,28.22,25.44,33.78,35.22,38.0,35.56
1,2026-09-01 18:17:00,18:17,C,28.44,28.33,25.61,33.72,35.22,38.0,35.56
1,2026-09-01 18:18:00,18:18,C,28.33,28.17,25.44,33.61,35.22,37.0,35.0
1,2026-09-01 18:19:00,18:19,C,28.17,28.0,25.17,33.5,35.17,37.0,34.44
1,2026-09-01 18:20:00,18:20,C,27.94,27.78,24.94,33.44,35.11,37.0,34.44
1,2026-09-01 18:21:00,18:21,C,27.89,27.72,24.83,33.39,35.11,39.0,35.0
1,2026-09-01 18:22:00,18:22,C,27.94,27.72,24.89,33.28,35.11,38.0,34.44
1,2026-09-01 18:23:00,18:23,C,28.17,28.0,25.17,33.28,35.28,38.0,34.44
1,2026-09-01 18:24:00,18:24,C,28.28,28.06,25.28,33.28,35.39,40.0,35.0
1,2026-09-01 18:25:00,18:25,C,28.22,28.0,25.22,33.22,35.33,40.0,35.0
1,2026-09-01 18:26:00,18:26,C,28.22,28.0,25.28,33.22,35.11,39.0,35.0
1,2026-09-01 18:27:00,18:27,C,28.44,28.28,25.67,33.22,34.94,41.0,35.0
1,2026-09-01 18:28:00,18:28,C,28.39,28.17,25.61,33.06,34.89,42.0,35.56
1,2026-09-01 18:29:00,18:29,C,28.28,28.11,25.56,33.06,34.78,41.0,34.44
1,2026-09-01 18:30:00,18:30,C,28.5,28.33,25.83,33.06,34.78,41.0,34.44
1,2026-09-01 18:31:00,18:31,C,28.67,28.44,26.0,33.06,34.89,40.0,33.89
1,2026-09-01 18:32:00,18:32,C,28.22,28.06,25.39,33.11,34.89,38.0,34.44
1,2026-09-01 18:33:00,18:33,C,27.67,27.5,24.61,33.44,34.83,39.0,35.0
1,2026-09-01 18:34:00,18:34,C,27.72,27.56,24.61,33.44,35.0,36.0,33.89
1,2026-09-01 18:35:00,18:35,C,27.61,27.44,24.44,33.61,35.11,35.0,35.0
1,2026-09-01 18:36:00,18:36,C,27.72,27.56,24.56,33.72,35.22,35.0,35.0
1,2026-09-01 18:37:00,18:37,C,27.83,27.72,24.67,33.83,35.39,35.0,35.0
1,2026-09-01 18:38:00,18:38,C,27.89,27.72,24.67,33.89,35.5,36.0,35.0
1,2026-09-01 18:39:00,18:39,C,27.89,27.72,24.61,33.89,35.56,36.0,35.0
1,2026-09-01 18:40:00,18:40,C,27.83,27.67,24.61,33.78,35.5,37.0,35.0
1,2026-09-01 18:41:00,18:41,C,27.89,27.72,24.67,33.72,35.44,37.0,35.0
1,2026-09-01 18:42:00,18:42,C,27.94,27.78,24.83,33.72,35.33,36.0,35.0
1,2026-09-01 18:43:00,18:43,C,28.17,28.06,25.17,33.72,35.33,36.0,35.0
1,2026-09-01 18:44:00,18:44,C,28.0,27.89,24.94,33.72,35.28,36.0,35.0
1,2026-09-01 18:45:00,18:45,C,27.89,27.72,24.78,33.67,35.22,36.0,35.0
1,2026-09-01 18:46:00,18:46,C,27.78,27.61,24.61,33.67,35.17,36.0,35.0
1,2026-09-01 18:47:00,18:47,C,28.06,27.89,25.0,33.61,35.22,38.0,35.56
1,2026-09-01 18:48:00,18:48,C,28.22,28.06,25.28,33.61,35.22,37.0,35.0
1,2026-09-01 18:49:00,18:49,C,28.39,28.22,25.56,33.61,35.11,37.0,34.44
1,2026-09-01 18:50:00,18:50,C,28.33,28.17,25.5,33.5,34.94,39.0,35.0
1,2026-09-01 18:51:00,18:51,C,28.22,28.06,25.44,33.44,34.72,38.0,34.44
1,2026-09-01 18:52:00,18:52,C,28.17,28.06,25.44,33.39,34.56,39.0,35.0
1,2026-09-01 18:53:00,18:53,C,28.28,28.17,25.67,33.28,34.44,40.0,35.0
1,2026-09-01 18:54:00,18:54,C,28.06,27.94,25.44,33.22,34.28,38.0,34.44
1,2026-09-01 18:55:00,18:55,C,27.67,27.56,24.89,33.28,34.17,36.0,33.89
1,2026-09-01 18:56:00,18:56,C,27.44,27.33,24.56,33.39,34.22,36.0,33.89
1,2026-09-01 18:57:00,18:57,C,27.28,27.22,24.33,33.5,34.28,36.0,33.89
1,2026-09-01 18:58:00,18:58,C,27.61,27.5,24.78,33.28,34.33,41.0,35.0
1,2026-09-01 18:59:00,18:59,C,27.72,27.67,25.11,33.11,33.94,42.0,35.56
1,2026-09-01 19:00:00,19:00,C,27.72,27.61,25.22,32.94,33.56,41.0,34.44
1,2026-09-01 19:01:00,19:01,C,27.67,27.67,25.33,32.78,33.28,40.0,33.89
1,2026-09-01 19:02:00,19:02,C,27.61,27.56,25.28,32.67,33.11,41.0,34.44
1,2026-09-01 19:03:00,19:03,C,27.56,27.5,25.22,32.56,33.0,44.0,35.0
1,2026-09-01 19:04:00,19:04,C,27.67,27.61,25.44,32.39,32.89,42.0,33.89
1,2026-09-01 19:05:00,19:05,C,27.56,27.5,25.33,32.33,32.78,43.0,33.89
1,2026-09-01 19:06:00,19:06,C,27.61,27.56,25.5,32.22,32.67,44.0,33.89
1,2026-09-01 19:07:00,19:07,C,27.61,27.56,25.5,32.11,32.56,45.0,34.44
1,2026-09-01 19:08:00,19:08,C,27.56,27.5,25.5,32.0,32.5,45.0,34.44
1,2026-09-01 19:09:00,19:09,C,27.5,27.44,25.44,31.89,32.33,45.0,33.33
1,2026-09-01 19:10:00,19:10,C,27.39,27.33,25.33,31.83,32.22,44.0,33.33
1,2026-09-01 19:11:00,19:11,C,27.33,27.28,25.28,31.83,32.17,45.0,33.33
1,2026-09-01 19:12:00,19:12,C,27.17,27.11,25.11,31.72,32.06,46.0,33.33
1,2026-09-01 19:13:00,19:13,C,27.0,27.0,24.94,31.72,31.94,45.0,33.33
1,2026-09-01 19:14:00,19:14,C,27.11,27.11,25.11,31.67,31.83,46.0,33.33
1,2026-09-01 19:15:00,19:15,C,27.11,27.06,25.17,31.56,31.67,46.0,33.33
1,2026-09-01 19:16:00,19:16,C,27.06,27.06,25.17,31.5,31.5,46.0,33.33
1,2026-09-01 19:17:00,19:17,C,27.06,27.06,25.22,31.5,31.39,46.0,33.33
1,2026-09-01 19:18:00,19:18,C,27.11,27.11,25.33,31.39,31.33,46.0,33.33
1,2026-09-01 19:19:00,19:19,C,26.94,26.94,25.11,31.33,31.22,47.0,32.78
1,2026-09-01 19:20:00,19:20,C,26.94,26.94,25.17,31.22,31.17,47.0,32.78
1,2026-09-01 19:21:00,19:21,C,26.78,26.78,24.94,31.17,31.11,46.0,32.78
1,2026-09-01 19:22:00,19:22,C,26.56,26.61,24.72,31.22,31.0,46.0,32.78
1,2026-09-01 19:23:00,19:23,C,26.44,26.5,24.5,31.28,31.11,46.0,32.78
1,2026-09-01 19:24:00,19:24,C,26.44,26.5,24.5,31.33,31.11,46.0,32.78
1,2026-09-01 19:25:00,19:25,C,26.44,26.5,24.5,31.33,31.11,47.0,32.78
1,2026-09-01 19:26:00,19:26,C,26.44,26.44,24.5,31.22,31.0,47.0,32.78
1,2026-09-01 19:27:00,19:27,C,26.39,26.39,24.44,31.17,30.94,47.0,32.78
1,2026-09-01 19:28:00,19:28,C,26.33,26.39,24.44,31.17,30.89,47.0,32.78
1,2026-09-01 19:29:00,19:29,C,26.39,26.39,24.5,31.06,30.83,48.0,32.78
1,2026-09-01 19:30:00,19:30,C,26.44,26.44,24.61,31.0,30.78,48.0,32.78
1,2026-09-01 19:31:00,19:31,C,26.33,26.33,24.5,30.89,30.61,48.0,32.78
1,2026-09-01 19:32:00,19:32,C,26.33,26.39,24.61,30.83,30.5,49.0,33.33
1,2026-09-01 19:33:00,19:33,C,26.33,26.39,24.61,30.78,30.44,49.0,32.22
1,2026-09-01 19:34:00,19:34,C,26.22,26.28,24.5,30.72,30.39,49.0,32.22
1,2026-09-01 19:35:00,19:35,C,26.22,26.28,24.5,30.67,30.33,49.0,32.22
1,2026-09-01 19:36:00,19:36,C,26.28,26.33,24.61,30.61,30.28,49.0,32.22
1,2026-09-01 19:37:00,19:37,C,26.28,26.33,24.61,30.61,30.28,49.0,32.22
1,2026-09-01 19:38:00,19:38,C,26.39,26.44,24.78,30.56,30.28,49.0,32.22
1,2026-09-01 19:39:00,19:39,C,26.28,26.28,24.61,30.56,30.17,50.0,32.22
1,2026-09-01 19:40:00,19:40,C,26.11,26.17,24.44,30.5,30.11,50.0,32.22
1,2026-09-01 19:41:00,19:41,C,26.17,26.17,24.5,30.44,30.06,51.0,32.78
1,2026-09-01 19:42:00,19:42,C,26.0,26.06,24.33,30.33,29.94,51.0,32.78
1,2026-09-01 19:43:00,19:43,C,26.0,26.06,24.39,30.33,29.83,51.0,32.78
1,2026-09-01 19:44:00,19:44,C,26.06,26.11,24.5,30.28,29.78,52.0,31.67
1,2026-09-01 19:45:00,19:45,C,26.06,26.11,24.5,30.17,29.72,52.0,31.67
1,2026-09-01 19:46:00,19:46,C,26.06,26.11,24.56,30.17,29.67,52.0,31.67
1,2026-09-01 19:47:00,19:47,C,26.11,26.11,24.61,30.11,29.61,53.0,32.22
1,2026-09-01 19:48:00,19:48,C,26.0,26.06,24.5,30.11,29.56,53.0,32.22
1,2026-09-01 19:49:00,19:49,C,26.0,26.06,24.5,30.11,29.5,53.0,32.22
1,2026-09-01 19:50:00,19:50,C,26.06,26.11,24.61,30.0,29.5,54.0,32.22
1,2026-09-01 19:51:00,19:51,C,26.06,26.11,24.67,30.0,29.39,54.0,32.22
1,2026-09-01 19:52:00,19:52,C,26.0,26.06,24.61,29.94,29.33,54.0,32.22
1,2026-09-01 19:53:00,19:53,C,25.94,26.0,24.56,29.94,29.28,54.0,32.22
1,2026-09-01 19:54:00,19:54,C,25.89,25.94,24.5,29.89,29.28,55.0,32.22
1,2026-09-01 19:55:00,19:55,C,25.89,25.94,24.5,29.83,29.28,55.0,32.22
1,2026-09-01 19:56:00,19:56,C,25.89,25.94,24.5,29.83,29.22,55.0,32.22
1,2026-09-01 19:57:00,19:57,C,25.83,25.89,24.44,29.78,29.11,55.0,32.22
1,2026-09-01 19:58:00,19:58,C,25.83,25.89,24.5,29.72,29.06,56.0,31.67
1,2026-09-01 19:59:00,19:59,C,25.83,25.89,24.5,29.67,29.0,56.0,31.67
1,2026-09-01 20:00:00,20:00,C,25.78,25.83,24.44,29.61,28.89,56.0,31.67
1,2026-09-01 20:01:00,20:01,C,25.78,25.89,24.56,29.5,28.78,56.0,31.67
1,2026-09-01 20:02:00,20:02,C,25.78,25.83,24.56,29.44,28.72,57.0,31.67
1,2026-09-01 20:03:00,20:03,C,25.78,25.83,24.61,29.33,28.61,58.0,31.67
1,2026-09-01 20:04:00,20:04,C,25.67,25.78,24.5,29.28,28.56,58.0,31.67
1,2026-09-01 20:05:00,20:05,C,25.67,25.72,24.5,29.22,28.44,58.0,31.67
1,2026-09-01 20:06:00,20:06,C,25.61,25.72,24.44,29.22,28.44,59.0,32.22
1,2026-09-01 20:07:00,20:07,C,25.61,25.67,24.44,29.17,28.39,59.0,31.11
1,2026-09-01 20:08:00,20:08,C,25.56,25.61,24.39,29.11,28.33,59.0,31.11
1,2026-09-01 20:09:00,20:09,C,25.5,25.61,24.33,29.11,28.33,59.0,31.11
1,2026-09-01 20:10:00,20:10,C,25.44,25.56,24.28,29.06,28.28,59.0,31.11
1,2026-09-01 20:11:00,20:11,C,25.44,25.5,24.28,29.06,28.22,59.0,31.11
1,2026-09-01 20:12:00,20:12,C,25.44,25.5,24.28,29.0,28.22,59.0,31.11
1,2026-09-01 20:13:00,20:13,C,25.39,25.5,24.22,29.0,28.22,58.0,31.11
1,2026-09-01 20:14:00,20:14,C,25.33,25.39,24.11,29.0,28.22,58.0,31.11
1,2026-09-01 20:15:00,20:15,C,25.22,25.33,24.0,28.94,28.22,59.0,31.11
1,2026-09-01 20:16:00,20:16,C,25.22,25.33,24.06,28.94,28.11,59.0,31.11
1,2026-09-01 20:17:00,20:17,C,25.22,25.33,24.06,28.89,28.06,59.0,31.11
1,2026-09-01 20:18:00,20:18,C,25.17,25.22,23.94,28.89,28.06,58.0,31.11
1,2026-09-01 20:19:00,20:19,C,25.17,25.22,23.94,28.89,28.06,59.0,31.11
1,2026-09-01 20:20:00,20:20,C,25.17,25.28,24.0,28.83,28.06,60.0,31.11
1,2026-09-01 20:21:00,20:21,C,25.17,25.22,24.0,28.78,27.94,60.0,31.11
1,2026-09-01 20:22:00,20:22,C,25.17,25.22,24.0,28.72,27.89,60.0,31.11
1,2026-09-01 20:23:00,20:23,C,25.17,25.22,24.06,28.67,27.78,60.0,31.11
1,2026-09-01 20:24:00,20:24,C,25.17,25.28,24.11,28.61,27.78,61.0,31.11
1,2026-09-01 20:25:00,20:25,C,25.17,25.22,24.11,28.56,27.67,61.0,30.56
1,2026-09-01 20:26:00,20:26,C,25.11,25.22,24.11,28.5,27.61,61.0,30.56
1,2026-09-01 20:27:00,20:27,C,25.06,25.17,24.06,28.44,27.56,61.0,30.56
1,2026-09-01 20:28:00,20:28,C,25.06,25.11,24.0,28.44,27.56,61.0,30.56
1,2026-09-01 20:29:00,20:29,C,25.0,25.11,24.0,28.39,27.5,62.0,30.56
1,2026-09-01 20:30:00,20:30,C,25.0,25.06,23.94,28.39,27.5,62.0,30.56
1,2026-09-01 20:31:00,20:31,C,24.94,25.06,23.89,28.39,27.56,62.0,30.56
1,2026-09-01 20:32:00,20:32,C,24.94,25.06,23.89,28.39,27.56,62.0,30.56
1,2026-09-01 20:33:00,20:33,C,24.94,25.0,23.89,28.28,27.5,62.0,30.56
1,2026-09-01 20:34:00,20:34,C,24.94,25.0,23.89,28.22,27.44,63.0,30.56
1,2026-09-01 20:35:00,20:35,C,24.89,24.94,23.83,28.22,27.39,63.0,30.56
1,2026-09-01 20:36:00,20:36,C,24.83,24.89,23.78,28.11,27.33,63.0,30.56
1,2026-09-01 20:37:00,20:37,C,24.83,24.94,23.83,28.06,27.28,63.0,30.56
1,2026-09-01 20:38:00,20:38,C,24.89,24.94,23.89,28.06,27.22,64.0,30.0
1,2026-09-01 20:39:00,20:39,C,24.83,24.94,23.89,28.06,27.17,65.0,30.0
1,2026-09-01 20:40:00,20:40,C,24.83,24.94,23.89,28.0,27.17,65.0,30.0
1,2026-09-01 20:41:00,20:41,C,24.83,24.94,23.89,27.94,27.17,65.0,30.0
1,2026-09-01 20:42:00,20:42,C,24.83,24.89,23.89,27.89,27.06,65.0,30.0
1,2026-09-01 20:43:00,20:43,C,24.83,24.89,23.89,27.83,27.06,66.0,30.0
1,2026-09-01 20:44:00,20:44,C,24.78,24.89,23.89,27.78,27.0,66.0,30.0
1,2026-09-01 20:45:00,20:45,C,24.83,24.89,23.94,27.72,26.94,66.0,30.0
1,2026-09-01 20:46:00,20:46,C,24.78,24.89,23.94,27.72,26.89,66.0,30.0
1,2026-09-01 20:47:00,20:47,C,24.78,24.89,23.94,27.61,26.83,66.0,30.0
1,2026-09-01 20:48:00,20:48,C,24.83,24.89,24.0,27.56,26.78,67.0,30.0
1,2026-09-01 20:49:00,20:49,C,24.78,24.83,23.94,27.56,26.72,67.0,30.0
1,2026-09-01 20:50:00,20:50,C,24.72,24.78,23.89,27.56,26.72,66.0,30.0
1,2026-09-01 20:51:00,20:51,C,24.61,24.72,23.78,27.5,26.72,66.0,29.44
1,2026-09-01 20:52:00,20:52,C,24.56,24.67,23.72,27.5,26.67,66.0,29.44
1,2026-09-01 20:53:00,20:53,C,24.56,24.67,23.72,27.39,26.67,68.0,29.44
1,2026-09-01 20:54:00,20:54,C,24.61,24.67,23.78,27.39,26.56,69.0,29.44
1,2026-09-01 20:55:00,20:55,C,24.61,24.67,23.78,27.33,26.56,68.0,29.44
1,2026-09-01 20:56:00,20:56,C,24.56,24.67,23.78,27.28,26.5,68.0,29.44
1,2026-09-01 20:57:00,20:57,C,24.56,24.67,23.78,27.28,26.5,68.0,29.44
1,2026-09-01 20:58:00,20:58,C,24.5,24.56,23.72,27.22,26.39,68.0,29.44
1,2026-09-01 20:59:00,20:59,C,24.5,24.56,23.72,27.17,26.33,68.0,29.44
1,2026-09-01 21:00:00,21:00,C,24.44,24.5,23.67,27.11,26.33,68.0,29.44
1,2026-09-01 21:01:00,21:01,C,24.39,24.44,23.61,27.06,26.28,68.0,29.44
1,2026-09-01 21:02:00,21:02,C,24.39,24.44,23.61,27.06,26.22,68.0,29.44
1,2026-09-01 21:03:00,21:03,C,24.33,24.44,23.56,27.06,26.28,68.0,29.44
1,2026-09-01 21:04:00,21:04,C,24.33,24.39,23.56,27.0,26.22,68.0,29.44
1,2026-09-01 21:05:00,21:05,C,24.39,24.44,23.56,27.06,26.33,68.0,29.44
1,2026-09-01 21:06:00,21:06,C,24.33,24.44,23.56,27.0,26.28,69.0,29.44
1,2026-09-01 21:07:00,21:07,C,24.33,24.44,23.56,27.0,26.28,69.0,29.44
1,2026-09-01 21:08:00,21:08,C,24.33,24.39,23.56,27.0,26.22,68.0,29.44
1,2026-09-01 21:09:00,21:09,C,24.28,24.33,23.44,27.0,26.22,68.0,29.44
1,2026-09-01 21:10:00,21:10,C,24.22,24.28,23.39,27.0,26.22,68.0,29.44
1,2026-09-01 21:11:00,21:11,C,24.22,24.28,23.39,27.0,26.22,68.0,29.44
1,2026-09-01 21:12:00,21:12,C,24.22,24.28,23.39,27.0,26.22,69.0,29.44
1,2026-09-01 21:13:00,21:13,C,24.22,24.28,23.39,26.89,26.17,68.0,28.33
1,2026-09-01 21:14:00,21:14,C,24.17,24.28,23.39,26.89,26.11,68.0,28.33
1,2026-09-01 21:15:00,21:15,C,24.17,24.22,23.39,26.83,26.06,69.0,28.89
1,2026-09-01 21:16:00,21:16,C,24.11,24.17,23.28,26.83,26.06,69.0,28.89
1,2026-09-01 21:17:00,21:17,C,24.06,24.17,23.28,26.83,26.0,69.0,28.89
1,2026-09-01 21:18:00,21:18,C,24.06,24.17,23.28,26.78,26.0,70.0,28.89
1,2026-09-01 21:19:00,21:19,C,24.06,24.17,23.28,26.72,26.0,70.0,28.89
1,2026-09-01 21:20:00,21:20,C,24.11,24.17,23.33,26.67,25.94,70.0,28.89
1,2026-09-01 21:21:00,21:21,C,24.06,24.11,23.28,26.72,25.89,70.0,28.89
1,2026-09-01 21:22:00,21:22,C,24.0,24.06,23.22,26.67,25.89,71.0,28.89
1,2026-09-01 21:23:00,21:23,C,24.0,24.06,23.22,26.67,25.89,70.0,28.89
1,2026-09-01 21:24:00,21:24,C,24.0,24.06,23.22,26.61,25.83,69.0,28.89
1,2026-09-01 21:25:00,21:25,C,23.89,23.94,23.06,26.67,25.83,69.0,28.89
1,2026-09-01 21:26:00,21:26,C,23.89,23.94,23.06,26.67,25.94,69.0,28.89
1,2026-09-01 21:27:00,21:27,C,23.89,23.94,23.06,26.67,25.89,69.0,28.89
1,2026-09-01 21:28:00,21:28,C,23.94,24.0,23.11,26.61,25.89,69.0,28.89
1,2026-09-01 21:29:00,21:29,C,23.89,24.0,23.11,26.56,25.83,69.0,28.89
1,2026-09-01 21:30:00,21:30,C,23.89,24.0,23.11,26.56,25.83,69.0,28.89
1,2026-09-01 21:31:00,21:31,C,23.94,24.0,23.17,26.5,25.78,69.0,28.89
1,2026-09-01 21:32:00,21:32,C,23.89,23.94,23.11,26.5,25.72,69.0,28.89
1,2026-09-01 21:33:00,21:33,C,23.78,23.89,23.0,26.5,25.72,69.0,28.89
1,2026-09-01 21:34:00,21:34,C,23.78,23.83,22.94,26.44,25.72,69.0,28.89
1,2026-09-01 21:35:00,21:35,C,23.72,23.83,22.94,26.39,25.67,70.0,28.89
1,2026-09-01 21:36:00,21:36,C,23.83,23.89,23.06,26.39,25.67,70.0,28.89
1,2026-09-01 21:37:00,21:37,C,23.78,23.83,23.0,26.39,25.67,70.0,28.89
1,2026-09-01 21:38:00,21:38,C,23.78,23.83,23.0,26.39,25.72,70.0,28.89
1,2026-09-01 21:39:00,21:39,C,23.72,23.78,22.94,26.33,25.67,70.0,27.78
1,2026-09-01 21:40:00,21:40,C,23.72,23.78,22.94,26.33,25.61,70.0,27.78
1,2026-09-01 21:41:00,21:41,C,23.72,23.78,22.94,26.28,25.61,70.0,27.78
1,2026-09-01 21:42:00,21:42,C,23.67,23.72,22.89,26.33,25.56,71.0,27.78
1,2026-09-01 21:43:00,21:43,C,23.67,23.72,22.89,26.22,25.56,71.0,27.78
1,2026-09-01 21:44:00,21:44,C,23.67,23.78,22.94,26.22,25.5,71.0,27.78
1,2026-09-01 21:45:00,21:45,C,23.61,23.72,22.89,26.22,25.44,71.0,27.78
1,2026-09-01 21:46:00,21:46,C,23.61,23.72,22.89,26.17,25.44,71.0,27.78
1,2026-09-01 21:47:00,21:47,C,23.61,23.67,22.89,26.17,25.39,72.0,27.78
1,2026-09-01 21:48:00,21:48,C,23.61,23.67,22.89,26.17,25.39,72.0,27.78
1,2026-09-01 21:49:00,21:49,C,23.67,23.72,22.94,26.11,25.39,72.0,27.78
1,2026-09-01 21:50:00,21:50,C,23.61,23.72,22.94,26.11,25.33,72.0,27.78
1,2026-09-01 21:51:00,21:51,C,23.61,23.72,22.94,26.06,25.33,72.0,27.78
1,2026-09-01 21:52:00,21:52,C,23.61,23.72,22.94,26.0,25.33,72.0,27.78
1,2026-09-01 21:53:00,21:53,C,23.56,23.67,22.89,26.0,25.28,73.0,27.78
1,2026-09-01 21:54:00,21:54,C,23.56,23.67,22.89,25.94,25.28,73.0,27.78
1,2026-09-01 21:55:00,21:55,C,23.61,23.67,22.94,25.89,25.17,72.0,27.78
1,2026-09-01 21:56:00,21:56,C,23.61,23.67,23.0,25.83,25.11,73.0,27.78
1,2026-09-01 21:57:00,21:57,C,23.56,23.61,22.94,25.78,25.11,73.0,27.22
1,2026-09-01 21:58:00,21:58,C,23.56,23.61,22.94,25.72,25.11,73.0,27.22
1,2026-09-01 21:59:00,21:59,C,23.56,23.61,22.89,25.83,25.11,73.0,27.78
1,2026-09-01 22:00:00,22:00,C,23.44,23.5,22.78,25.83,25.11,73.0,27.78
1,2026-09-01 22:01:00,22:01,C,23.44,23.56,22.78,25.83,25.17,73.0,27.22
1,2026-09-01 22:02:00,22:02,C,23.44,23.5,22.78,25.78,25.11,73.0,27.22
1,2026-09-01 22:03:00,22:03,C,23.44,23.5,22.78,25.72,25.11,73.0,27.22
1,2026-09-01 22:04:00,22:04,C,23.5,23.56,22.83,25.72,25.11,73.0,27.22
1,2026-09-01 22:05:00,22:05,C,23.5,23.56,22.83,25.72,25.06,73.0,27.22
1,2026-09-01 22:06:00,22:06,C,23.44,23.5,22.78,25.72,25.11,73.0,27.22
1,2026-09-01 22:07:00,22:07,C,23.5,23.56,22.83,25.72,25.11,74.0,27.22
1,2026-09-01 22:08:00,22:08,C,23.44,23.5,22.78,25.72,25.17,74.0,27.22
1,2026-09-01 22:09:00,22:09,C,23.44,23.5,22.78,25.72,25.17,74.0,27.22
1,2026-09-01 22:10:00,22:10,C,23.44,23.5,22.78,25.67,25.11,74.0,27.22
1,2026-09-01 22:11:00,22:11,C,23.44,23.5,22.78,25.67,25.06,75.0,27.22
1,2026-09-01 22:12:00,22:12,C,23.44,23.5,22.78,25.67,25.0,75.0,27.22
1,2026-09-01 22:13:00,22:13,C,23.44,23.5,22.78,25.67,25.0,74.0,27.22
1,2026-09-01 22:14:00,22:14,C,23.44,23.5,22.78,25.67,25.0,74.0,27.22
1,2026-09-01 22:15:00,22:15,C,23.44,23.5,22.78,25.67,25.0,74.0,27.22
1,2026-09-01 22:16:00,22:16,C,23.44,23.5,22.78,25.67,25.0,74.0,27.22
1,2026-09-01 22:17:00,22:17,C,23.39,23.44,22.78,25.61,24.94,75.0,27.22
1,2026-09-01 22:18:00,22:18,C,23.39,23.44,22.78,25.56,24.94,75.0,27.22
1,2026-09-01 22:19:00,22:19,C,23.39,23.44,22.78,25.56,24.94,76.0,27.22
1,2026-09-01 22:20:00,22:20,C,23.39,23.44,22.78,25.56,24.94,76.0,27.22
1,2026-09-01 22:21:00,22:21,C,23.39,23.44,22.72,25.56,24.94,76.0,27.22
1,2026-09-01 22:22:00,22:22,C,23.33,23.39,22.72,25.5,24.83,76.0,27.22
1,2026-09-01 22:23:00,22:23,C,23.39,23.44,22.78,25.5,24.83,76.0,27.22
1,2026-09-01 22:24:00,22:24,C,23.33,23.44,22.78,25.44,24.78,76.0,27.22
1,2026-09-01 22:25:00,22:25,C,23.33,23.39,22.78,25.39,24.72,76.0,27.22
1,2026-09-01 22:26:00,22:26,C,23.33,23.44,22.83,25.33,24.67,76.0,27.22
1,2026-09-01 22:27:00,22:27,C,23.33,23.39,22.78,25.33,24.67,76.0,27.22
1,2026-09-01 22:28:00,22:28,C,23.28,23.33,22.72,25.33,24.67,76.0,27.22
1,2026-09-01 22:29:00,22:29,C,23.28,23.33,22.72,25.39,24.67,77.0,27.22
1,2026-09-01 22:30:00,22:30,C,23.28,23.39,22.72,25.39,24.72,77.0,27.22
1,2026-09-01 22:31:00,22:31,C,23.33,23.39,22.72,25.44,24.78,77.0,27.22
1,2026-09-01 22:32:00,22:32,C,23.28,23.39,22.72,25.39,24.72,77.0,27.22
1,2026-09-01 22:33:00,22:33,C,23.28,23.33,22.72,25.39,24.67,77.0,27.22
1,2026-09-01 22:34:00,22:34,C,23.28,23.33,22.72,25.33,24.67,77.0,27.22
1,2026-09-01 22:35:00,22:35,C,23.22,23.33,22.67,25.33,24.67,76.0,27.22
1,2026-09-01 22:36:00,22:36,C,23.22,23.28,22.61,25.33,24.67,77.0,27.22
1,2026-09-01 22:37:00,22:37,C,23.22,23.28,22.61,25.33,24.67,77.0,27.22
1,2026-09-01 22:38:00,22:38,C,23.22,23.28,22.61,25.33,24.67,77.0,27.22
1,2026-09-01 22:39:00,22:39,C,23.17,23.28,22.61,25.33,24.61,76.0,27.22
1,2026-09-01 22:40:00,22:40,C,23.17,23.22,22.56,25.28,24.61,77.0,27.22
1,2026-09-01 22:41:00,22:41,C,23.17,23.22,22.56,25.28,24.61,77.0,27.22
1,2026-09-01 22:42:00,22:42,C,23.17,23.22,22.56,25.28,24.61,77.0,26.11
1,2026-09-01 22:43:00,22:43,C,23.11,23.17,22.56,25.28,24.5,77.0,26.11
1,2026-09-01 22:44:00,22:44,C,23.17,23.22,22.61,25.22,24.5,77.0,26.11
1,2026-09-01 22:45:00,22:45,C,23.11,23.22,22.61,25.17,24.44,77.0,26.11
1,2026-09-01 22:46:00,22:46,C,23.11,23.22,22.61,25.11,24.44,78.0,26.11
1,2026-09-01 22:47:00,22:47,C,23.11,23.22,22.61,25.11,24.44,78.0,26.11
1,2026-09-01 22:48:00,22:48,C,23.11,23.22,22.61,25.11,24.44,78.0,26.11
1,2026-09-01 22:49:00,22:49,C,23.11,23.22,22.61,25.06,24.44,78.0,26.11
1,2026-09-01 22:50:00,22:50,C,23.11,23.17,22.61,25.0,24.39,78.0,26.11
1,2026-09-01 22:51:00,22:51,C,23.06,23.11,22.56,25.0,24.33,78.0,26.11
1,2026-09-01 22:52:00,22:52,C,23.06,23.11,22.56,25.0,24.33,78.0,26.11
1,2026-09-01 22:53:00,22:53,C,23.06,23.11,22.56,25.0,24.33,78.0,26.11
1,2026-09-01 22:54:00,22:54,C,23.06,23.11,22.56,24.94,24.33,78.0,26.11
1,2026-09-01 22:55:00,22:55,C,23.06,23.11,22.56,24.94,24.28,78.0,26.11
1,2026-09-01 22:56:00,22:56,C,23.06,23.11,22.56,24.94,24.28,78.0,26.11
1,2026-09-01 22:57:00,22:57,C,23.06,23.11,22.56,24.94,24.28,78.0,26.11
1,2026-09-01 22:58:00,22:58,C,23.06,23.11,22.56,24.94,24.33,79.0,26.67
1,2026-09-01 22:59:00,22:59,C,23.11,23.17,22.61,24.94,24.33,79.0,26.67
1,2026-09-01 23:00:00,23:00,C,23.11,23.17,22.61,24.83,24.28,79.0,26.67
1,2026-09-01 23:01:00,23:01,C,23.11,23.17,22.61,24.83,24.28,79.0,26.67
1,2026-09-01 23:02:00,23:02,C,23.11,23.17,22.61,24.94,24.28,79.0,26.67
1,2026-09-01 23:03:00,23:03,C,23.11,23.17,22.61,24.94,24.33,79.0,26.67
1,2026-09-01 23:04:00,23:04,C,23.11,23.17,22.61,24.94,24.39,80.0,26.67
1,2026-09-01 23:05:00,23:05,C,23.11,23.17,22.61,24.94,24.39,80.0,26.67
1,2026-09-01 23:06:00,23:06,C,23.06,23.11,22.56,24.94,24.39,80.0,26.67
1,2026-09-01 23:07:00,23:07,C,23.06,23.11,22.56,24.94,24.33,80.0,26.67
1,2026-09-01 23:08:00,23:08,C,23.06,23.11,22.56,24.94,24.33,80.0,26.67
1,2026-09-01 23:09:00,23:09,C,23.06,23.11,22.56,24.94,24.28,80.0,26.67
1,2026-09-01 23:10:00,23:10,C,23.06,23.11,22.56,24.89,24.28,80.0,26.67
1,2026-09-01 23:11:00,23:11,C,23.06,23.11,22.61,24.83,24.22,80.0,26.67
1,2026-09-01 23:12:00,23:12,C,23.06,23.11,22.61,24.83,24.22,81.0,26.67
1,2026-09-01 23:13:00,23:13,C,23.0,23.06,22.56,24.78,24.17,81.0,26.67
1,2026-09-01 23:14:00,23:14,C,23.06,23.11,22.61,24.78,24.11,81.0,26.67
1,2026-09-01 23:15:00,23:15,C,23.0,23.06,22.56,24.72,24.11,80.0,26.67
1,2026-09-01 23:16:00,23:16,C,23.0,23.06,22.56,24.67,24.11,80.0,26.11
1,2026-09-01 23:17:00,23:17,C,23.0,23.06,22.56,24.67,24.06,80.0,26.11
1,2026-09-01 23:18:00,23:18,C,23.0,23.06,22.56,24.72,24.11,80.0,26.11
1,2026-09-01 23:19:00,23:19,C,23.0,23.06,22.56,24.67,24.11,81.0,26.11
1,2026-09-01 23:20:00,23:20,C,23.0,23.06,22.56,24.67,24.11,81.0,26.11
1,2026-09-01 23:21:00,23:21,C,23.0,23.06,22.56,24.67,24.11,81.0,26.11
1,2026-09-01 23:22:00,23:22,C,23.0,23.06,22.56,24.78,24.11,81.0,26.67
1,2026-09-01 23:23:00,23:23,C,23.0,23.06,22.56,24.78,24.17,81.0,26.67
1,2026-09-01 23:24:00,23:24,C,23.0,23.06,22.56,24.72,24.11,81.0,26.67
1,2026-09-01 23:25:00,23:25,C,23.06,23.11,22.61,24.78,24.11,81.0,26.67
1,2026-09-01 23:26:00,23:26,C,23.06,23.11,22.61,24.78,24.11,82.0,26.67
1,2026-09-01 23:27:00,23:27,C,23.06,23.11,22.61,24.78,24.11,82.0,26.67
1,2026-09-01 23:28:00,23:28,C,23.06,23.11,22.61,24.72,24.11,82.0,26.11
1,2026-09-01 23:29:00,23:29,C,23.06,23.11,22.61,24.67,24.11,81.0,26.11
1,2026-09-01 23:30:00,23:30,C,23.06,23.11,22.61,24.67,24.11,82.0,26.11
1,2026-09-01 23:31:00,23:31,C,23.0,23.06,22.61,24.61,24.06,82.0,26.11
1,2026-09-01 23:32:00,23:32,C,23.0,23.06,22.61,24.61,24.0,82.0,26.11
1,2026-09-01 23:33:00,23:33,C,23.0,23.06,22.61,24.5,23.94,83.0,26.11
1,2026-09-01 23:34:00,23:34,C,23.0,23.06,22.61,24.5,23.94,83.0,26.11
1,2026-09-01 23:35:00,23:35,C,22.94,23.0,22.56,24.56,24.0,83.0,26.11
1,2026-09-01 23:36:00,23:36,C,22.94,23.0,22.56,24.56,24.0,83.0,26.11
1,2026-09-01 23:37:00,23:37,C,22.94,23.0,22.56,24.56,23.94,83.0,26.11
1,2026-09-01 23:38:00,23:38,C,22.94,23.0,22.56,24.5,23.94,83.0,26.11
1,2026-09-01 23:39:00,23:39,C,22.94,23.0,22.56,24.5,23.89,83.0,26.11
1,2026-09-01 23:40:00,23:40,C,22.94,23.0,22.56,24.5,23.94,83.0,26.11
1,2026-09-01 23:41:00,23:41,C,22.94,23.0,22.56,24.5,23.94,84.0,26.11
1,2026-09-01 23:42:00,23:42,C,22.94,23.0,22.56,24.5,23.89,84.0,26.11
1,2026-09-01 23:43:00,23:43,C,22.94,23.0,22.56,24.5,23.89,84.0,26.11
1,2026-09-01 23:44:00,23:44,C,22.94,23.0,22.56,24.5,23.89,84.0,26.11
1,2026-09-01 23:45:00,23:45,C,22.89,23.0,22.56,24.44,23.83,84.0,26.11
1,2026-09-01 23:46:00,23:46,C,22.89,22.94,22.56,24.39,23.78,84.0,26.11
1,2026-09-01 23:47:00,23:47,C,22.89,22.94,22.56,24.33,23.72,84.0,26.11
1,2026-09-01 23:48:00,23:48,C,22.89,22.94,22.56,24.33,23.72,84.0,26.11
1,2026-09-01 23:49:00,23:49,C,22.89,22.94,22.56,24.33,23.72,84.0,26.11
1,2026-09-01 23:50:00,23:50,C,22.83,22.89,22.5,24.33,23.72,84.0,26.11
1,2026-09-01 23:51:00,23:51,C,22.83,22.89,22.5,24.33,23.72,84.0,26.11
1,2026-09-01 23:52:00,23:52,C,22.83,22.89,22.5,24.33,23.67,84.0,26.11
1,2026-09-01 23:53:00,23:53,C,22.78,22.89,22.44,24.39,23.72,84.0,26.11
1,2026-09-01 23:54:00,23:54,C,22.83,22.89,22.44,24.39,23.78,84.0,26.11
1,2026-09-01 23:55:00,23:55,C,22.83,22.89,22.44,24.39,23.78,84.0,26.11
1,2026-09-01 23:56:00,23:56,C,22.83,22.89,22.44,24.33,23.78,84.0,26.11
1,2026-09-01 23:57:00,23:57,C,22.83,22.89,22.5,24.33,23.72,84.0,26.11
1,2026-09-01 23:58:00,23:58,C,22.78,22.89,22.44,24.33,23.72,84.0,26.11
1,2026-09-01 23:59:00,23:59,C,22.78,22.89,22.44,24.33,23.72,84.0,26.11
1,2026-09-02 00:00:00,00:00,C,22.78,22.89,22.44,24.33,23.72,84.0,26.11
1,2026-09-02 00:01:00,00:01,C,22.78,22.83,22.44,24.28,23.72,84.0,26.11
1,2026-09-02 00:02:00,00:02,C,22.78,22.83,22.44,24.28,23.72,85.0,26.11
1,2026-09-02 00:03:00,00:03,C,22.78,22.83,22.44,24.28,23.72,85.0,26.11
1,2026-09-02 00:04:00,00:04,C,22.78,22.83,22.44,24.28,23.72,85.0,26.11
1,2026-09-02 00:05:00,00:05,C,22.78,22.83,22.44,24.28,23.72,85.0,26.11
1,2026-09-02 00:06:00,00:06,C,22.78,22.83,22.44,24.28,23.72,85.0,26.11
1,2026-09-02 00:07:00,00:07,C,22.78,22.83,22.44,24.28,23.72,86.0,26.67
1,2026-09-02 00:08:00,00:08,C,22.78,22.83,22.44,24.28,23.61,85.0,26.11
1,2026-09-02 00:09:00,00:09,C,22.78,22.83,22.44,24.22,23.56,86.0,26.67
1,2026-09-02 00:10:00,00:10,C,22.78,22.83,22.44,24.17,23.56,86.0,25.56
1,2026-09-02 00:11:00,00:11,C,22.72,22.78,22.44,24.11,23.5,86.0,25.56
1,2026-09-02 00:12:00,00:12,C,22.67,22.72,22.39,24.11,23.44,86.0,25.56
1,2026-09-02 00:13:00,00:13,C,22.67,22.72,22.39,24.11,23.44,86.0,25.56
1,2026-09-02 00:14:00,00:14,C,22.67,22.72,22.39,24.0,23.39,86.0,25.56
1,2026-09-02 00:15:00,00:15,C,22.67,22.72,22.39,24.06,23.39,86.0,25.56
1,2026-09-02 00:16:00,00:16,C,22.67,22.72,22.39,24.0,23.39,86.0,25.56
1,2026-09-02 00:17:00,00:17,C,22.67,22.72,22.39,24.0,23.44,86.0,25.56
1,2026-09-02 00:18:00,00:18,C,22.67,22.72,22.39,24.0,23.44,86.0,25.56
1,2026-09-02 00:19:00,00:19,C,22.67,22.72,22.39,24.0,23.44,85.0,25.56
1,2026-09-02 00:20:00,00:20,C,22.67,22.72,22.39,24.0,23.44,86.0,25.56
1,2026-09-02 00:21:00,00:21,C,22.67,22.72,22.39,24.06,23.44,86.0,25.56
1,2026-09-02 00:22:00,00:22,C,22.67,22.72,22.39,24.06,23.44,86.0,25.56
1,2026-09-02 00:23:00,00:23,C,22.67,22.72,22.39,24.0,23.44,86.0,25.56
1,2026-09-02 00:24:00,00:24,C,22.67,22.72,22.39,24.0,23.44,86.0,25.56
1,2026-09-02 00:25:00,00:25,C,22.67,22.72,22.39,24.0,23.44,87.0,26.11
1,2026-09-02 00:26:00,00:26,C,22.67,22.72,22.33,24.11,23.44,86.0,25.56
1,2026-09-02 00:27:00,00:27,C,22.67,22.72,22.33,24.06,23.44,86.0,25.56
1,2026-09-02 00:28:00,00:28,C,22.67,22.72,22.33,24.0,23.44,86.0,25.56
1,2026-09-02 00:29:00,00:29,C,22.61,22.67,22.33,24.0,23.39,86.0,25.56
1,2026-09-02 00:30:00,00:30,C,22.61,22.67,22.33,24.0,23.39,86.0,25.56
1,2026-09-02 00:31:00,00:31,C,22.61,22.67,22.33,24.0,23.39,86.0,25.56
1,2026-09-02 00:32:00,00:32,C,22.61,22.67,22.33,23.94,23.39,86.0,25.56
1,2026-09-02 00:33:00,00:33,C,22.67,22.72,22.39,23.94,23.39,86.0,25.56
1,2026-09-02 00:34:00,00:34,C,22.67,22.72,22.39,23.94,23.39,86.0,25.56
1,2026-09-02 00:35:00,00:35,C,22.67,22.72,22.39,23.89,23.33,86.0,25.56
1,2026-09-02 00:36:00,00:36,C,22.61,22.67,22.39,23.83,23.28,86.0,25.56
1,2026-09-02 00:37:00,00:37,C,22.56,22.61,22.33,23.78,23.22,86.0,25.56
1,2026-09-02 00:38:00,00:38,C,22.56,22.61,22.28,23.78,23.22,86.0,25.56
1,2026-09-02 00:39:00,00:39,C,22.5,22.56,22.28,23.78,23.17,86.0,25.56
1,2026-09-02 00:40:00,00:40,C,22.56,22.61,22.28,23.78,23.22,87.0,26.11
1,2026-09-02 00:41:00,00:41,C,22.56,22.61,22.33,23.78,23.22,87.0,26.11
1,2026-09-02 00:42:00,00:42,C,22.61,22.67,22.39,23.83,23.28,88.0,26.11
1,2026-09-02 00:43:00,00:43,C,22.61,22.67,22.39,23.89,23.28,88.0,26.11
1,2026-09-02 00:44:00,00:44,C,22.61,22.67,22.39,23.89,23.28,88.0,26.11
1,2026-09-02 00:45:00,00:45,C,22.61,22.67,22.39,23.89,23.28,88.0,26.11
1,2026-09-02 00:46:00,00:46,C,22.61,22.67,22.39,23.89,23.28,88.0,26.11
1,2026-09-02 00:47:00,00:47,C,22.67,22.72,22.39,23.94,23.39,88.0,26.11
1,2026-09-02 00:48:00,00:48,C,22.61,22.72,22.39,23.94,23.28,88.0,26.11
1,2026-09-02 00:49:00,00:49,C,22.61,22.72,22.39,23.94,23.28,88.0,26.11
1,2026-09-02 00:50:00,00:50,C,22.61,22.72,22.39,23.94,23.28,88.0,26.11
1,2026-09-02 00:51:00,00:51,C,22.61,22.67,22.39,23.89,23.28,88.0,26.11
1,2026-09-02 00:52:00,00:52,C,22.61,22.67,22.39,23.89,23.28,88.0,26.11
1,2026-09-02 00:53:00,00:53,C,22.61,22.67,22.39,23.89,23.28,88.0,26.11
1,2026-09-02 00:54:00,00:54,C,22.61,22.67,22.39,23.83,23.22,88.0,26.11
1,2026-09-02 00:55:00,00:55,C,22.61,22.67,22.39,23.78,23.17,88.0,26.11
1,2026-09-02 00:56:00,00:56,C,22.56,22.67,22.39,23.78,23.11,89.0,26.11
1,2026-09-02 00:57:00,00:57,C,22.56,22.67,22.39,23.72,23.11,89.0,26.11
1,2026-09-02 00:58:00,00:58,C,22.56,22.67,22.39,23.72,23.11,89.0,26.11
1,2026-09-02 00:59:00,00:59,C,22.56,22.67,22.39,23.72,23.11,89.0,26.11
1,2026-09-02 01:00:00,01:00,C,22.56,22.61,22.39,23.67,23.11,89.0,26.11
1,2026-09-02 01:01:00,01:01,C,22.56,22.61,22.39,23.67,23.11,89.0,26.11
1,2026-09-02 01:02:00,01:02,C,22.56,22.61,22.39,23.67,23.11,89.0,26.11
1,2026-09-02 01:03:00,01:03,C,22.56,22.61,22.39,23.67,23.11,90.0,26.11
1,2026-09-02 01:04:00,01:04,C,22.56,22.61,22.33,23.72,23.11,90.0,26.11
1,2026-09-02 01:05:00,01:05,C,22.5,22.56,22.28,23.67,23.11,90.0,26.11
1,2026-09-02 01:06:00,01:06,C,22.5,22.56,22.28,23.67,23.11,90.0,26.11
1,2026-09-02 01:07:00,01:07,C,22.5,22.56,22.33,23.61,23.06,90.0,26.11
1,2026-09-02 01:08:00,01:08,C,22.56,22.61,22.39,23.61,23.06,90.0,26.11
1,2026-09-02 01:09:00,01:09,C,22.56,22.61,22.39,23.61,23.06,90.0,25.56
1,2026-09-02 01:10:00,01:10,C,22.56,22.61,22.39,23.56,23.0,90.0,25.56
1,2026-09-02 01:11:00,01:11,C,22.5,22.56,22.28,23.56,23.06,90.0,25.56
1,2026-09-02 01:12:00,01:12,C,22.5,22.56,22.28,23.56,23.06,90.0,25.56
1,2026-09-02 01:13:00,01:13,C,22.44,22.5,22.28,23.56,23.0,90.0,25.56
1,2026-09-02 01:14:00,01:14,C,22.44,22.5,22.28,23.5,22.94,90.0,25.56
1,2026-09-02 01:15:00,01:15,C,22.39,22.44,22.22,23.5,22.94,90.0,25.56
1,2026-09-02 01:16:00,01:16,C,22.39,22.44,22.22,23.5,22.89,91.0,25.56
1,2026-09-02 01:17:00,01:17,C,22.39,22.44,22.22,23.56,22.89,91.0,25.56
1,2026-09-02 01:18:00,01:18,C,22.39,22.44,22.22,23.5,22.89,91.0,25.56
1,2026-09-02 01:19:00,01:19,C,22.39,22.44,22.22,23.5,22.89,91.0,25.56
1,2026-09-02 01:20:00,01:20,C,22.39,22.44,22.22,23.44,22.89,91.0,25.56
1,2026-09-02 01:21:00,01:21,C,22.39,22.44,22.22,23.44,22.83,91.0,25.56
1,2026-09-02 01:22:00,01:22,C,22.39,22.44,22.22,23.39,22.78,91.0,25.56
1,2026-09-02 01:23:00,01:23,C,22.39,22.44,22.22,23.39,22.78,91.0,25.56
1,2026-09-02 01:24:00,01:24,C,22.39,22.44,22.22,23.39,22.78,91.0,25.56
1,2026-09-02 01:25:00,01:25,C,22.33,22.39,22.17,23.39,22.78,91.0,25.56
1,2026-09-02 01:26:00,01:26,C,22.33,22.39,22.17,23.39,22.78,91.0,25.56
1,2026-09-02 01:27:00,01:27,C,22.33,22.39,22.17,23.39,22.78,91.0,25.56
1,2026-09-02 01:28:00,01:28,C,22.33,22.39,22.17,23.39,22.78,91.0,25.56
1,2026-09-02 01:29:00,01:29,C,22.39,22.44,22.22,23.33,22.78,92.0,25.56
1,2026-09-02 01:30:00,01:30,C,22.39,22.39,22.22,23.28,22.78,92.0,25.56
1,2026-09-02 01:31:00,01:31,C,22.39,22.39,22.22,23.28,22.78,92.0,25.56
1,2026-09-02 01:32:00,01:32,C,22.39,22.39,22.22,23.28,22.78,92.0,25.56
1,2026-09-02 01:33:00,01:33,C,22.39,22.39,22.22,23.28,22.78,92.0,25.56
1,2026-09-02 01:34:00,01:34,C,22.39,22.44,22.22,23.39,22.78,92.0,25.56
1,2026-09-02 01:35:00,01:35,C,22.39,22.44,22.28,23.39,22.78,92.0,25.56
1,2026-09-02 01:36:00,01:36,C,22.39,22.44,22.22,23.39,22.83,92.0,25.56
1,2026-09-02 01:37:00,01:37,C,22.39,22.44,22.22,23.44,22.83,92.0,25.56
1,2026-09-02 01:38:00,01:38,C,22.39,22.44,22.22,23.44,22.89,92.0,25.56
1,2026-09-02 01:39:00,01:39,C,22.39,22.44,22.22,23.44,22.89,92.0,25.56
1,2026-09-02 01:40:00,01:40,C,22.39,22.44,22.22,23.44,22.83,92.0,25.56
1,2026-09-02 01:41:00,01:41,C,22.39,22.44,22.22,23.39,22.78,92.0,25.56
1,2026-09-02 01:42:00,01:42,C,22.39,22.44,22.22,23.39,22.78,92.0,25.56
1,2026-09-02 01:43:00,01:43,C,22.33,22.39,22.17,23.28,22.72,92.0,25.56
1,2026-09-02 01:44:00,01:44,C,22.28,22.33,22.17,23.28,22.67,92.0,25.56
1,2026-09-02 01:45:00,01:45,C,22.28,22.33,22.17,23.22,22.61,92.0,25.56
1,2026-09-02 01:46:00,01:46,C,22.28,22.33,22.17,23.22,22.61,92.0,25.56
1,2026-09-02 01:47:00,01:47,C,22.28,22.33,22.17,23.17,22.61,92.0,25.56
1,2026-09-02 01:48:00,01:48,C,22.28,22.33,22.17,23.11,22.56,92.0,25.56
1,2026-09-02 01:49:00,01:49,C,22.28,22.33,22.17,23.11,22.56,92.0,25.56
1,2026-09-02 01:50:00,01:50,C,22.28,22.33,22.17,23.11,22.56,92.0,25.56
1,2026-09-02 01:51:00,01:51,C,22.28,22.33,22.17,23.06,22.56,92.0,25.0
1,2026-09-02 01:52:00,01:52,C,22.17,22.22,22.11,23.0,22.44,93.0,25.0
1,2026-09-02 01:53:00,01:53,C,22.17,22.22,22.11,22.94,22.44,93.0,25.0
1,2026-09-02 01:54:00,01:54,C,22.22,22.28,22.17,22.94,22.44,93.0,25.0
1,2026-09-02 01:55:00,01:55,C,22.22,22.28,22.17,22.89,22.44,93.0,25.0
1,2026-09-02 01:56:00,01:56,C,22.22,22.22,22.11,22.94,22.5,94.0,25.56
1,2026-09-02 01:57:00,01:57,C,22.28,22.28,22.17,22.94,22.56,94.0,25.56
1,2026-09-02 01:58:00,01:58,C,22.28,22.28,22.17,23.0,22.56,94.0,25.56
1,2026-09-02 01:59:00,01:59,C,22.28,22.28,22.17,23.0,22.56,93.0,25.0
1,2026-09-02 02:00:00,02:00,C,22.22,22.22,22.11,22.94,22.5,93.0,25.0
1,2026-09-02 02:01:00,02:01,C,22.17,22.22,22.11,22.94,22.44,94.0,25.56
1,2026-09-02 02:02:00,02:02,C,22.17,22.22,22.11,22.94,22.44,94.0,25.56
1,2026-09-02 02:03:00,02:03,C,22.22,22.28,22.17,23.06,22.44,94.0,25.56
1,2026-09-02 02:04:00,02:04,C,22.22,22.28,22.17,23.06,22.5,94.0,25.56
1,2026-09-02 02:05:00,02:05,C,22.22,22.28,22.17,23.06,22.5,94.0,25.56
1,2026-09-02 02:06:00,02:06,C,22.22,22.28,22.17,23.06,22.5,94.0,26.11
1,2026-09-02 02:07:00,02:07,C,22.22,22.28,22.11,23.06,22.5,94.0,25.56
1,2026-09-02 02:08:00,02:08,C,22.17,22.22,22.06,23.06,22.44,94.0,25.56
1,2026-09-02 02:09:00,02:09,C,22.11,22.17,22.06,23.0,22.39,94.0,25.56
1,2026-09-02 02:10:00,02:10,C,22.11,22.17,22.06,22.94,22.39,94.0,25.56
1,2026-09-02 02:11:00,02:11,C,22.11,22.17,22.06,22.94,22.39,94.0,25.56
1,2026-09-02 02:12:00,02:12,C,22.11,22.17,22.06,22.94,22.39,94.0,25.56
1,2026-09-02 02:13:00,02:13,C,22.11,22.17,22.06,22.94,22.39,94.0,25.56
1,2026-09-02 02:14:00,02:14,C,22.11,22.17,22.06,22.94,22.39,94.0,25.56
1,2026-09-02 02:15:00,02:15,C,22.11,22.17,22.06,22.94,22.39,94.0,25.56
1,2026-09-02 02:16:00,02:16,C,22.11,22.17,22.0,22.94,22.39,94.0,25.56
1,2026-09-02 02:17:00,02:17,C,22.11,22.17,22.0,22.94,22.39,94.0,25.56
1,2026-09-02 02:18:00,02:18,C,22.11,22.17,22.0,22.94,22.39,94.0,25.56
1,2026-09-02 02:19:00,02:19,C,22.06,22.11,22.0,22.89,22.33,94.0,25.56
1,2026-09-02 02:20:00,02:20,C,22.11,22.17,22.06,22.89,22.33,94.0,25.56
1,2026-09-02 02:21:00,02:21,C,22.11,22.17,22.06,22.89,22.33,94.0,25.56
1,2026-09-02 02:22:00,02:22,C,22.11,22.17,22.06,22.89,22.33,94.0,25.56
1,2026-09-02 02:23:00,02:23,C,22.06,22.11,22.0,22.83,22.28,95.0,25.56
1,2026-09-02 02:24:00,02:24,C,22.06,22.11,22.0,22.89,22.33,95.0,25.56
1,2026-09-02 02:25:00,02:25,C,22.06,22.11,22.0,22.89,22.33,95.0,25.56
1,2026-09-02 02:26:00,02:26,C,22.06,22.11,22.0,22.89,22.33,95.0,25.56
1,2026-09-02 02:27:00,02:27,C,22.06,22.11,22.0,22.89,22.33,95.0,25.56
1,2026-09-02 02:28:00,02:28,C,22.06,22.11,22.0,22.89,22.33,95.0,25.56
1,2026-09-02 02:29:00,02:29,C,22.06,22.11,22.0,22.89,22.33,95.0,25.56
1,2026-09-02 02:30:00,02:30,C,22.06,22.11,22.0,22.89,22.33,95.0,25.56
1,2026-09-02 02:31:00,02:31,C,22.11,22.17,22.06,22.89,22.39,95.0,25.56
1,2026-09-02 02:32:00,02:32,C,22.11,22.17,22.06,22.89,22.39,95.0,25.56
1,2026-09-02 02:33:00,02:33,C,22.17,22.22,22.11,22.94,22.39,95.0,25.56
1,2026-09-02 02:34:00,02:34,C,22.11,22.17,22.06,22.94,22.39,94.0,25.56
1,2026-09-02 02:35:00,02:35,C,22.17,22.22,22.11,22.94,22.39,94.0,25.56
1,2026-09-02 02:36:00,02:36,C,22.11,22.17,22.06,22.94,22.39,94.0,25.56
1,2026-09-02 02:37:00,02:37,C,22.11,22.17,22.06,22.94,22.39,95.0,25.56
1,2026-09-02 02:38:00,02:38,C,22.11,22.17,22.06,22.89,22.33,95.0,25.56
1,2026-09-02 02:39:00,02:39,C,22.06,22.11,22.0,22.89,22.33,95.0,25.56
1,2026-09-02 02:40:00,02:40,C,22.06,22.11,22.0,22.89,22.28,95.0,25.56
1,2026-09-02 02:41:00,02:41,C,22.0,22.06,21.94,22.89,22.28,95.0,25.56
1,2026-09-02 02:42:00,02:42,C,22.06,22.11,21.94,22.89,22.33,95.0,25.56
1,2026-09-02 02:43:00,02:43,C,22.0,22.06,21.94,22.89,22.28,95.0,25.56
1,2026-09-02 02:44:00,02:44,C,22.06,22.11,22.0,22.89,22.33,95.0,25.56
1,2026-09-02 02:45:00,02:45,C,22.0,22.06,21.94,22.89,22.28,95.0,25.56
1,2026-09-02 02:46:00,02:46,C,22.06,22.11,22.0,22.89,22.28,95.0,25.56
1,2026-09-02 02:47:00,02:47,C,22.0,22.06,21.94,22.89,22.28,96.0,25.56
1,2026-09-02 02:48:00,02:48,C,22.0,22.06,21.89,22.83,22.28,95.0,25.56
1,2026-09-02 02:49:00,02:49,C,21.94,22.0,21.89,22.83,22.22,96.0,25.56
1,2026-09-02 02:50:00,02:50,C,21.94,22.0,21.89,22.83,22.22,96.0,25.56
1,2026-09-02 02:51:00,02:51,C,21.94,22.0,21.89,22.83,22.22,96.0,25.56
1,2026-09-02 02:52:00,02:52,C,22.06,22.11,22.0,22.89,22.22,96.0,25.56
1,2026-09-02 02:53:00,02:53,C,22.11,22.17,22.06,22.89,22.28,96.0,25.56
1,2026-09-02 02:54:00,02:54,C,22.11,22.17,22.06,22.89,22.28,96.0,25.56
1,2026-09-02 02:55:00,02:55,C,22.11,22.17,22.06,22.89,22.28,96.0,25.56
1,2026-09-02 02:56:00,02:56,C,22.06,22.11,22.0,22.89,22.28,96.0,25.56
1,2026-09-02 02:57:00,02:57,C,22.06,22.11,22.0,22.83,22.22,96.0,25.56
1,2026-09-02 02:58:00,02:58,C,22.06,22.11,22.0,22.78,22.22,96.0,25.56
1,2026-09-02 02:59:00,02:59,C,22.06,22.11,22.0,22.83,22.22,96.0,25.56
1,2026-09-02 03:00:00,03:00,C,22.06,22.11,22.0,22.83,22.28,96.0,25.56
1,2026-09-02 03:01:00,03:01,C,22.11,22.17,22.06,22.83,22.28,96.0,25.56
1,2026-09-02 03:02:00,03:02,C,22.11,22.17,22.06,22.83,22.28,96.0,25.56
1,2026-09-02 03:03:00,03:03,C,22.11,22.17,22.06,22.89,22.28,96.0,25.56
1,2026-09-02 03:04:00,03:04,C,22.11,22.17,22.06,22.89,22.28,96.0,25.56
1,2026-09-02 03:05:00,03:05,C,22.11,22.17,22.06,22.83,22.28,96.0,25.56
1,2026-09-02 03:06:00,03:06,C,22.06,22.11,22.0,22.78,22.22,96.0,25.56
1,2026-09-02 03:07:00,03:07,C,22.06,22.11,22.0,22.78,22.22,96.0,25.56
1,2026-09-02 03:08:00,03:08,C,22.06,22.11,22.06,22.72,22.22,96.0,25.56
1,2026-09-02 03:09:00,03:09,C,22.06,22.11,22.06,22.72,22.22,95.0,25.56
1,2026-09-02 03:10:00,03:10,C,22.06,22.11,22.06,22.72,22.22,95.0,25.56
1,2026-09-02 03:11:00,03:11,C,22.11,22.17,22.06,22.72,22.28,95.0,25.56
1,2026-09-02 03:12:00,03:12,C,22.06,22.11,22.06,22.78,22.22,95.0,25.56
1,2026-09-02 03:13:00,03:13,C,22.06,22.11,22.06,22.78,22.22,95.0,25.56
1,2026-09-02 03:14:00,03:14,C,22.06,22.11,22.0,22.72,22.22,96.0,25.56
1,2026-09-02 03:15:00,03:15,C,22.06,22.11,22.0,22.72,22.22,96.0,25.56
1,2026-09-02 03:16:00,03:16,C,22.06,22.11,22.0,22.72,22.22,96.0,25.56
1,2026-09-02 03:17:00,03:17,C,22.0,22.06,22.0,22.72,22.17,96.0,25.56
1,2026-09-02 03:18:00,03:18,C,22.0,22.06,22.0,22.72,22.17,96.0,25.56
1,2026-09-02 03:19:00,03:19,C,22.0,22.06,22.0,22.72,22.17,96.0,25.56
1,2026-09-02 03:20:00,03:20,C,22.0,22.06,21.94,22.72,22.17,96.0,25.56
1,2026-09-02 03:21:00,03:21,C,21.94,22.0,21.89,22.72,22.17,97.0,25.56
1,2026-09-02 03:22:00,03:22,C,21.94,22.0,21.89,22.61,22.17,97.0,25.56
1,2026-09-02 03:23:00,03:23,C,22.0,22.06,22.0,22.72,22.17,96.0,25.56
1,2026-09-02 03:24:00,03:24,C,22.0,22.11,22.0,22.78,22.17,96.0,25.56
1,2026-09-02 03:25:00,03:25,C,22.06,22.11,22.0,22.78,22.22,96.0,25.56
1,2026-09-02 03:26:00,03:26,C,22.0,22.11,22.0,22.78,22.17,96.0,25.56
1,2026-09-02 03:27:00,03:27,C,22.06,22.11,22.0,22.78,22.22,96.0,25.56
1,2026-09-02 03:28:00,03:28,C,22.06,22.11,22.0,22.89,22.22,96.0,25.56
1,2026-09-02 03:29:00,03:29,C,22.06,22.11,22.0,22.89,22.22,96.0,25.56
1,2026-09-02 03:30:00,03:30,C,22.06,22.17,22.06,22.89,22.22,96.0,25.56
1,2026-09-02 03:31:00,03:31,C,22.06,22.11,22.0,22.89,22.22,96.0,25.56
1,2026-09-02 03:32:00,03:32,C,22.06,22.17,22.06,22.89,22.22,96.0,25.56
1,2026-09-02 03:33:00,03:33,C,22.06,22.17,22.06,22.89,22.22,96.0,25.56
1,2026-09-02 03:34:00,03:34,C,22.06,22.17,22.06,22.89,22.22,96.0,25.56
1,2026-09-02 03:35:00,03:35,C,22.06,22.11,22.0,22.83,22.22,97.0,25.56
1,2026-09-02 03:36:00,03:36,C,22.0,22.11,22.0,22.78,22.17,97.0,25.56
1,2026-09-02 03:37:00,03:37,C,21.94,22.0,21.89,22.78,22.17,97.0,25.56
1,2026-09-02 03:38:00,03:38,C,21.94,22.0,21.89,22.72,22.11,97.0,25.56
1,2026-09-02 03:39:00,03:39,C,21.94,22.0,21.89,22.72,22.11,97.0,25.56
1,2026-09-02 03:40:00,03:40,C,21.94,22.0,21.89,22.67,22.11,97.0,25.56
1,2026-09-02 03:41:00,03:41,C,21.94,22.0,21.89,22.72,22.17,97.0,25.56
1,2026-09-02 03:42:00,03:42,C,21.94,22.0,21.89,22.67,22.11,97.0,25.56
1,2026-09-02 03:43:00,03:43,C,21.89,21.94,21.89,22.61,22.06,97.0,25.56
1,2026-09-02 03:44:00,03:44,C,21.89,21.94,21.89,22.61,22.06,97.0,25.56
1,2026-09-02 03:45:00,03:45,C,21.89,21.94,21.89,22.61,22.06,97.0,25.56
1,2026-09-02 03:46:00,03:46,C,21.89,21.94,21.83,22.56,22.06,97.0,25.56
1,2026-09-02 03:47:00,03:47,C,21.89,21.94,21.83,22.56,22.06,97.0,25.56
1,2026-09-02 03:48:00,03:48,C,21.83,21.89,21.83,22.56,22.0,97.0,25.56
1,2026-09-02 03:49:00,03:49,C,21.89,21.94,21.83,22.56,22.06,97.0,25.56
1,2026-09-02 03:50:00,03:50,C,21.89,21.94,21.83,22.5,22.06,97.0,25.56
1,2026-09-02 03:51:00,03:51,C,21.83,21.89,21.83,22.5,22.0,97.0,22.22
1,2026-09-02 03:52:00,03:52,C,21.83,21.89,21.83,22.56,22.0,98.0,25.56
1,2026-09-02 03:53:00,03:53,C,21.89,21.94,21.89,22.56,22.06,98.0,25.56
1,2026-09-02 03:54:00,03:54,C,21.89,21.94,21.89,22.56,22.06,98.0,25.56
1,2026-09-02 03:55:00,03:55,C,21.89,21.94,21.89,22.56,22.06,98.0,25.56
1,2026-09-02 03:56:00,03:56,C,21.89,21.94,21.89,22.56,22.06,98.0,25.56
1,2026-09-02 03:57:00,03:57,C,21.89,21.94,21.89,22.56,22.06,97.0,25.56
1,2026-09-02 03:58:00,03:58,C,21.83,21.89,21.83,22.56,22.0,97.0,25.56
1,2026-09-02 03:59:00,03:59,C,21.83,21.89,21.83,22.5,22.0,98.0,22.22
1,2026-09-02 04:00:00,04:00,C,21.83,21.89,21.83,22.44,22.0,98.0,22.22
1,2026-09-02 04:01:00,04:01,C,21.83,21.89,21.83,22.44,22.0,98.0,22.22
1,2026-09-02 04:02:00,04:02,C,21.89,21.94,21.89,22.44,22.0,98.0,22.22
1,2026-09-02 04:03:00,04:03,C,21.89,21.94,21.89,22.44,22.0,98.0,22.22
1,2026-09-02 04:04:00,04:04,C,21.83,21.89,21.83,22.44,22.0,98.0,22.22
1,2026-09-02 04:05:00,04:05,C,21.83,21.89,21.83,22.44,21.94,98.0,22.22
1,2026-09-02 04:06:00,04:06,C,21.83,21.89,21.83,22.44,21.94,98.0,22.22
1,2026-09-02 04:07:00,04:07,C,21.83,21.89,21.83,22.44,22.0,98.0,22.22
1,2026-09-02 04:08:00,04:08,C,21.83,21.89,21.83,22.39,21.94,98.0,22.22
1,2026-09-02 04:09:00,04:09,C,21.78,21.83,21.78,22.39,21.89,98.0,22.22
1,2026-09-02 04:10:00,04:10,C,21.72,21.78,21.72,22.39,21.89,98.0,22.22
1,2026-09-02 04:11:00,04:11,C,21.83,21.89,21.83,22.39,21.89,98.0,22.22
1,2026-09-02 04:12:00,04:12,C,21.83,21.89,21.83,22.39,21.89,97.0,22.22
1,2026-09-02 04:13:00,04:13,C,21.83,21.89,21.83,22.39,21.94,97.0,22.22
1,2026-09-02 04:14:00,04:14,C,21.83,21.89,21.83,22.39,22.0,97.0,22.22
1,2026-09-02 04:15:00,04:15,C,21.89,21.94,21.89,22.39,22.0,98.0,22.22
1,2026-09-02 04:16:00,04:16,C,21.83,21.89,21.83,22.39,22.0,98.0,22.22
1,2026-09-02 04:17:00,04:17,C,21.83,21.89,21.83,22.39,21.94,98.0,22.22
1,2026-09-02 04:18:00,04:18,C,21.78,21.83,21.78,22.39,21.89,98.0,22.22
1,2026-09-02 04:19:00,04:19,C,21.83,21.89,21.83,22.33,21.89,98.0,22.22
1,2026-09-02 04:20:00,04:20,C,21.72,21.78,21.72,22.28,21.89,98.0,22.22
1,2026-09-02 04:21:00,04:21,C,21.78,21.83,21.78,22.28,21.89,98.0,22.22
1,2026-09-02 04:22:00,04:22,C,21.83,21.89,21.83,22.28,21.89,98.0,22.22
1,2026-09-02 04:23:00,04:23,C,21.83,21.83,21.83,22.22,21.89,98.0,22.22
1,2026-09-02 04:24:00,04:24,C,21.78,21.83,21.78,22.22,21.83,98.0,22.22
1,2026-09-02 04:25:00,04:25,C,21.83,21.83,21.83,22.22,21.83,98.0,22.22
1,2026-09-02 04:26:00,04:26,C,21.83,21.83,21.83,22.22,21.89,98.0,22.22
1,2026-09-02 04:27:00,04:27,C,21.83,21.89,21.83,22.28,21.89,98.0,22.22
1,2026-09-02 04:28:00,04:28,C,21.83,21.89,21.83,22.28,21.89,99.0,22.22
1,2026-09-02 04:29:00,04:29,C,21.83,21.89,21.83,22.28,21.89,98.0,22.22
1,2026-09-02 04:30:00,04:30,C,21.83,21.83,21.83,22.22,21.89,98.0,22.22
1,2026-09-02 04:31:00,04:31,C,21.83,21.89,21.83,22.28,21.89,98.0,22.22
1,2026-09-02 04:32:00,04:32,C,21.89,21.89,21.89,22.28,21.89,98.0,22.22
1,2026-09-02 04:33:00,04:33,C,21.83,21.89,21.83,22.28,21.89,98.0,22.22
1,2026-09-02 04:34:00,04:34,C,21.83,21.89,21.83,22.28,21.89,98.0,22.22
1,2026-09-02 04:35:00,04:35,C,21.89,21.89,21.89,22.33,21.89,98.0,22.22
1,2026-09-02 04:36:00,04:36,C,21.89,21.89,21.89,22.28,21.89,98.0,22.22
1,2026-09-02 04:37:00,04:37,C,21.83,21.89,21.83,22.28,21.89,98.0,22.22
1,2026-09-02 04:38:00,04:38,C,21.83,21.89,21.83,22.28,21.89,98.0,22.22
1,2026-09-02 04:39:00,04:39,C,21.83,21.83,21.83,22.22,21.89,99.0,22.22
1,2026-09-02 04:40:00,04:40,C,21.83,21.83,21.83,22.22,21.89,99.0,22.22
1,2026-09-02 04:41:00,04:41,C,21.83,21.83,21.83,22.22,21.83,99.0,22.22
1,2026-09-02 04:42:00,04:42,C,21.83,21.83,21.83,22.22,21.83,99.0,22.22
1,2026-09-02 04:43:00,04:43,C,21.78,21.83,21.78,22.22,21.83,99.0,22.22
1,2026-09-02 04:44:00,04:44,C,21.72,21.78,21.72,22.22,21.83,99.0,22.22
1,2026-09-02 04:45:00,04:45,C,21.72,21.78,21.72,22.22,21.83,99.0,22.22
1,2026-09-02 04:46:00,04:46,C,21.72,21.78,21.72,22.22,21.83,99.0,22.22
1,2026-09-02 04:47:00,04:47,C,21.72,21.78,21.72,22.22,21.83,99.0,22.22
1,2026-09-02 04:48:00,04:48,C,21.78,21.83,21.78,22.22,21.83,99.0,22.22
1,2026-09-02 04:49:00,04:49,C,21.83,21.83,21.83,22.22,21.89,99.0,22.22
1,2026-09-02 04:50:00,04:50,C,21.78,21.83,21.78,22.22,21.89,99.0,22.22
1,2026-09-02 04:51:00,04:51,C,21.78,21.83,21.78,22.22,21.89,99.0,22.22
1,2026-09-02 04:52:00,04:52,C,21.72,21.78,21.72,22.22,21.83,99.0,22.22
1,2026-09-02 04:53:00,04:53,C,21.72,21.78,21.72,22.22,21.83,99.0,22.22
1,2026-09-02 04:54:00,04:54,C,21.72,21.72,21.72,22.17,21.72,99.0,22.22
1,2026-09-02 04:55:00,04:55,C,21.67,21.72,21.67,22.17,21.72,99.0,22.22
1,2026-09-02 04:56:00,04:56,C,21.67,21.67,21.67,22.06,21.67,99.0,22.22
1,2026-09-02 04:57:00,04:57,C,21.67,21.67,21.67,22.06,21.67,99.0,22.22
1,2026-09-02 04:58:00,04:58,C,21.67,21.72,21.72,22.06,21.67,99.0,22.22
1,2026-09-02 04:59:00,04:59,C,21.72,21.72,21.72,22.06,21.72,99.0,22.22
1,2026-09-02 05:00:00,05:00,C,21.72,21.72,21.72,22.06,21.72,99.0,22.22
1,2026-09-02 05:01:00,05:01,C,21.72,21.72,21.72,22.06,21.72,99.0,22.22
1,2026-09-02 05:02:00,05:02,C,21.72,21.72,21.72,22.06,21.72,99.0,22.22
1,2026-09-02 05:03:00,05:03,C,21.67,21.67,21.67,22.06,21.72,99.0,22.22
1,2026-09-02 05:04:00,05:04,C,21.67,21.67,21.67,22.06,21.72,99.0,22.22
1,2026-09-02 05:05:00,05:05,C,21.67,21.67,21.67,22.06,21.72,99.0,22.22
1,2026-09-02 05:06:00,05:06,C,21.67,21.67,21.67,22.06,21.72,99.0,22.22
1,2026-09-02 05:07:00,05:07,C,21.61,21.67,21.61,22.06,21.72,99.0,22.22
1,2026-09-02 05:08:00,05:08,C,21.67,21.67,21.67,22.06,21.72,99.0,22.22
1,2026-09-02 05:09:00,05:09,C,21.67,21.67,21.67,22.06,21.72,99.0,22.22
1,2026-09-02 05:10:00,05:10,C,21.67,21.67,21.67,22.06,21.72,99.0,22.22
1,2026-09-02 05:11:00,05:11,C,21.61,21.67,21.61,22.06,21.72,99.0,22.22
1,2026-09-02 05:12:00,05:12,C,21.61,21.61,21.61,22.0,21.67,99.0,22.22
1,2026-09-02 05:13:00,05:13,C,21.56,21.61,21.56,22.0,21.61,99.0,22.22
1,2026-09-02 05:14:00,05:14,C,21.56,21.61,21.56,22.0,21.67,99.0,22.22
1,2026-09-02 05:15:00,05:15,C,21.61,21.61,21.61,22.0,21.67,99.0,22.22
1,2026-09-02 05:16:00,05:16,C,21.67,21.67,21.67,22.0,21.67,99.0,22.22
1,2026-09-02 05:17:00,05:17,C,21.67,21.67,21.67,22.0,21.67,99.0,22.22
1,2026-09-02 05:18:00,05:18,C,21.67,21.67,21.67,22.0,21.67,99.0,22.22
1,2026-09-02 05:19:00,05:19,C,21.61,21.67,21.67,21.94,21.61,99.0,22.22
1,2026-09-02 05:20:00,05:20,C,21.67,21.67,21.67,21.94,21.67,99.0,22.22
1,2026-09-02 05:21:00,05:21,C,21.67,21.67,21.67,21.94,21.67,99.0,22.22
1,2026-09-02 05:22:00,05:22,C,21.61,21.61,21.61,22.0,21.67,99.0,22.22
1,2026-09-02 05:23:00,05:23,C,21.72,21.72,21.72,22.06,21.72,100.0,22.22
1,2026-09-02 05:24:00,05:24,C,21.72,21.72,21.72,22.0,21.72,100.0,22.22
1,2026-09-02 05:25:00,05:25,C,21.67,21.67,21.67,22.06,21.72,100.0,22.22
1,2026-09-02 05:26:00,05:26,C,21.67,21.67,21.67,22.06,21.72,100.0,22.22
1,2026-09-02 05:27:00,05:27,C,21.67,21.67,21.67,22.06,21.72,100.0,22.22
1,2026-09-02 05:28:00,05:28,C,21.61,21.61,21.61,22.0,21.67,100.0,22.22
1,2026-09-02 05:29:00,05:29,C,21.61,21.61,21.61,22.0,21.67,99.0,22.22
1,2026-09-02 05:30:00,05:30,C,21.67,21.67,21.67,22.0,21.67,99.0,22.22
1,2026-09-02 05:31:00,05:31,C,21.67,21.67,21.67,22.0,21.67,99.0,22.22
1,2026-09-02 05:32:00,05:32,C,21.67,21.67,21.67,21.94,21.67,99.0,22.22
1,2026-09-02 05:33:00,05:33,C,21.67,21.67,21.67,21.94,21.67,99.0,22.22
1,2026-09-02 05:34:00,05:34,C,21.67,21.67,21.67,21.94,21.67,99.0,22.22
1,2026-09-02 05:35:00,05:35,C,21.56,21.61,21.56,21.89,21.67,99.0,21.67
1,2026-09-02 05:36:00,05:36,C,21.61,21.61,21.61,21.89,21.61,99.0,21.67
1,2026-09-02 05:37:00,05:37,C,21.56,21.61,21.61,21.89,21.56,99.0,21.67
1,2026-09-02 05:38:00,05:38,C,21.67,21.67,21.67,21.89,21.67,99.0,21.67
1,2026-09-02 05:39:00,05:39,C,21.67,21.67,21.67,21.94,21.67,100.0,22.22
1,2026-09-02 05:40:00,05:40,C,21.67,21.67,21.67,22.0,21.72,100.0,22.22
1,2026-09-02 05:41:00,05:41,C,21.67,21.67,21.67,21.94,21.72,100.0,22.22
1,2026-09-02 05:42:00,05:42,C,21.67,21.67,21.67,21.94,21.72,100.0,22.22
1,2026-09-02 05:43:00,05:43,C,21.67,21.67,21.67,21.89,21.67,100.0,22.22
1,2026-09-02 05:44:00,05:44,C,21.67,21.67,21.67,21.89,21.67,99.0,21.67
1,2026-09-02 05:45:00,05:45,C,21.56,21.56,21.56,21.89,21.61,99.0,21.67
1,2026-09-02 05:46:00,05:46,C,21.61,21.61,21.61,21.89,21.61,99.0,21.67
1,2026-09-02 05:47:00,05:47,C,21.61,21.67,21.67,21.89,21.56,99.0,21.67
1,2026-09-02 05:48:00,05:48,C,21.61,21.67,21.67,21.89,21.61,99.0,21.67
1,2026-09-02 05:49:00,05:49,C,21.56,21.56,21.56,21.89,21.61,99.0,21.67
1,2026-09-02 05:50:00,05:50,C,21.56,21.61,21.56,21.89,21.67,100.0,22.22
1,2026-09-02 05:51:00,05:51,C,21.61,21.61,21.61,21.89,21.61,100.0,22.22
1,2026-09-02 05:52:00,05:52,C,21.56,21.56,21.56,21.89,21.56,100.0,22.22
1,2026-09-02 05:53:00,05:53,C,21.56,21.61,21.61,21.89,21.56,100.0,22.22
1,2026-09-02 05:54:00,05:54,C,21.61,21.67,21.67,21.89,21.61,100.0,22.22
1,2026-09-02 05:55:00,05:55,C,21.56,21.56,21.56,21.89,21.61,100.0,22.22
1,2026-09-02 05:56:00,05:56,C,21.56,21.56,21.56,21.89,21.61,100.0,22.22
1,2026-09-02 05:57:00,05:57,C,21.56,21.56,21.56,21.89,21.56,100.0,22.22
1,2026-09-02 05:58:00,05:58,C,21.56,21.56,21.56,21.83,21.56,100.0,22.22
1,2026-09-02 05:59:00,05:59,C,21.56,21.56,21.56,21.89,21.56,100.0,22.22
1,2026-09-02 06:00:00,06:00,C,21.56,21.61,21.61,21.89,21.56,100.0,22.22
1,2026-09-02 06:01:00,06:01,C,21.67,21.72,21.72,22.0,21.67,100.0,22.22
1,2026-09-02 06:02:00,06:02,C,21.67,21.72,21.72,21.94,21.67,100.0,22.22
1,2026-09-02 06:03:00,06:03,C,21.67,21.67,21.67,21.94,21.67,100.0,22.22
1,2026-09-02 06:04:00,06:04,C,21.56,21.56,21.56,21.89,21.61,100.0,22.22
1,2026-09-02 06:05:00,06:05,C,21.56,21.56,21.56,21.89,21.56,100.0,22.22
1,2026-09-02 06:06:00,06:06,C,21.56,21.56,21.56,21.89,21.56,100.0,22.22
1,2026-09-02 06:07:00,06:07,C,21.56,21.56,21.56,21.89,21.56,100.0,22.22
1,2026-09-02 06:08:00,06:08,C,21.56,21.56,21.56,21.89,21.56,100.0,22.22
1,2026-09-02 06:09:00,06:09,C,21.5,21.5,21.5,21.89,21.56,100.0,22.22
1,2026-09-02 06:10:00,06:10,C,21.5,21.5,21.5,21.89,21.56,100.0,22.22
1,2026-09-02 06:11:00,06:11,C,21.5,21.5,21.5,21.89,21.56,100.0,22.22
1,2026-09-02 06:12:00,06:12,C,21.44,21.5,21.44,21.89,21.56,100.0,22.22
1,2026-09-02 06:13:00,06:13,C,21.5,21.5,21.5,21.89,21.56,100.0,22.22
1,2026-09-02 06:14:00,06:14,C,21.44,21.5,21.44,21.89,21.56,100.0,22.22
1,2026-09-02 06:15:00,06:15,C,21.5,21.56,21.5,21.89,21.61,100.0,22.22
1,2026-09-02 06:16:00,06:16,C,21.44,21.44,21.39,21.94,21.61,100.0,22.22
1,2026-09-02 06:17:00,06:17,C,21.44,21.5,21.44,21.89,21.56,100.0,22.22
1,2026-09-02 06:18:00,06:18,C,21.5,21.5,21.5,21.89,21.56,100.0,22.22
1,2026-09-02 06:19:00,06:19,C,21.44,21.5,21.44,21.89,21.56,100.0,22.22
1,2026-09-02 06:20:00,06:20,C,21.39,21.44,21.39,21.89,21.56,100.0,22.22
1,2026-09-02 06:21:00,06:21,C,21.39,21.44,21.39,21.89,21.5,100.0,22.22
1,2026-09-02 06:22:00,06:22,C,21.44,21.44,21.44,21.83,21.5,100.0,22.22
1,2026-09-02 06:23:00,06:23,C,21.39,21.44,21.39,21.83,21.5,100.0,22.22
1,2026-09-02 06:24:00,06:24,C,21.39,21.39,21.39,21.72,21.39,100.0,22.22
1,2026-09-02 06:25:00,06:25,C,21.44,21.5,21.5,21.72,21.39,100.0,22.22
1,2026-09-02 06:26:00,06:26,C,21.44,21.5,21.5,21.72,21.44,100.0,22.22
1,2026-09-02 06:27:00,06:27,C,21.44,21.5,21.5,21.72,21.44,100.0,22.22
1,2026-09-02 06:28:00,06:28,C,21.5,21.56,21.56,21.78,21.5,100.0,22.22
1,2026-09-02 06:29:00,06:29,C,21.5,21.56,21.56,21.83,21.5,100.0,22.22
1,2026-09-02 06:30:00,06:30,C,21.56,21.56,21.56,21.83,21.56,100.0,22.22
1,2026-09-02 06:31:00,06:31,C,21.56,21.56,21.56,21.83,21.56,100.0,22.22
1,2026-09-02 06:32:00,06:32,C,21.56,21.56,21.56,21.78,21.56,100.0,22.22
1,2026-09-02 06:33:00,06:33,C,21.5,21.56,21.56,21.78,21.5,100.0,22.22
1,2026-09-02 06:34:00,06:34,C,21.56,21.56,21.56,21.83,21.56,100.0,22.22
1,2026-09-02 06:35:00,06:35,C,21.56,21.56,21.56,21.83,21.56,100.0,22.22
1,2026-09-02 06:36:00,06:36,C,21.56,21.56,21.56,21.83,21.56,100.0,22.22
1,2026-09-02 06:37:00,06:37,C,21.5,21.5,21.5,21.83,21.56,100.0,22.22
1,2026-09-02 06:38:00,06:38,C,21.5,21.5,21.5,21.83,21.56,100.0,22.22
1,2026-09-02 06:39:00,06:39,C,21.5,21.5,21.5,21.83,21.56,100.0,22.22
1,2026-09-02 06:40:00,06:40,C,21.56,21.56,21.56,21.83,21.56,100.0,22.22
1,2026-09-02 06:41:00,06:41,C,21.56,21.56,21.56,21.83,21.56,100.0,22.22
1,2026-09-02 06:42:00,06:42,C,21.56,21.56,21.56,21.83,21.56,100.0,22.22
1,2026-09-02 06:43:00,06:43,C,21.56,21.56,21.56,21.83,21.56,100.0,22.22
1,2026-09-02 06:44:00,06:44,C,21.56,21.56,21.56,21.78,21.56,100.0,22.22
1,2026-09-02 06:45:00,06:45,C,21.5,21.5,21.5,21.72,21.5,100.0,22.22
1,2026-09-02 06:46:00,06:46,C,21.44,21.44,21.44,21.72,21.44,100.0,22.22
1,2026-09-02 06:47:00,06:47,C,21.44,21.44,21.5,21.67,21.39,100.0,22.22
1,2026-09-02 06:48:00,06:48,C,21.44,21.44,21.5,21.67,21.39,100.0,22.22
1,2026-09-02 06:49:00,06:49,C,21.39,21.44,21.44,21.67,21.39,100.0,22.22
1,2026-09-02 06:50:00,06:50,C,21.44,21.44,21.5,21.67,21.39,100.0,22.22
1,2026-09-02 06:51:00,06:51,C,21.44,21.5,21.5,21.67,21.44,100.0,22.22
1,2026-09-02 06:52:00,06:52,C,21.44,21.44,21.44,21.67,21.44,100.0,22.22
1,2026-09-02 06:53:00,06:53,C,21.5,21.5,21.5,21.67,21.5,100.0,22.22
1,2026-09-02 06:54:00,06:54,C,21.5,21.5,21.5,21.72,21.5,100.0,22.22
1,2026-09-02 06:55:00,06:55,C,21.39,21.44,21.39,21.72,21.5,100.0,22.22
1,2026-09-02 06:56:00,06:56,C,21.39,21.39,21.39,21.67,21.39,100.0,22.22
1,2026-09-02 06:57:00,06:57,C,21.39,21.39,21.39,21.67,21.39,100.0,22.22
1,2026-09-02 06:58:00,06:58,C,21.39,21.44,21.44,21.67,21.39,100.0,22.22
1,2026-09-02 06:59:00,06:59,C,21.44,21.44,21.5,21.67,21.39,100.0,22.22
1,2026-09-02 07:00:00,07:00,C,21.44,21.5,21.5,21.67,21.44,100.0,22.22
1,2026-09-02 07:01:00,07:01,C,21.44,21.44,21.44,21.67,21.44,100.0,22.22
1,2026-09-02 07:02:00,07:02,C,21.39,21.39,21.39,21.67,21.39,100.0,22.22
1,2026-09-02 07:03:00,07:03,C,21.39,21.39,21.39,21.67,21.39,100.0,22.22
1,2026-09-02 07:04:00,07:04,C,21.39,21.39,21.39,21.67,21.39,100.0,22.22
1,2026-09-02 07:05:00,07:05,C,21.39,21.39,21.39,21.61,21.39,100.0,22.22
1,2026-09-02 07:06:00,07:06,C,21.39,21.39,21.39,21.61,21.39,100.0,22.22
1,2026-09-02 07:07:00,07:07,C,21.33,21.33,21.33,21.67,21.39,100.0,22.22
1,2026-09-02 07:08:00,07:08,C,21.33,21.33,21.33,21.72,21.39,100.0,22.22
1,2026-09-02 07:09:00,07:09,C,21.33,21.39,21.33,21.72,21.44,100.0,22.22
1,2026-09-02 07:10:00,07:10,C,21.33,21.39,21.33,21.72,21.5,100.0,22.22
1,2026-09-02 07:11:00,07:11,C,21.33,21.39,21.33,21.72,21.5,100.0,22.22
1,2026-09-02 07:12:00,07:12,C,21.33,21.39,21.33,21.72,21.5,100.0,22.22
1,2026-09-02 07:13:00,07:13,C,21.33,21.39,21.33,21.72,21.5,100.0,22.22
1,2026-09-02 07:14:00,07:14,C,21.33,21.39,21.33,21.72,21.44,100.0,22.22
1,2026-09-02 07:15:00,07:15,C,21.33,21.33,21.33,21.67,21.39,100.0,22.22
1,2026-09-02 07:16:00,07:16,C,21.39,21.39,21.39,21.67,21.39,100.0,22.22
1,2026-09-02 07:17:00,07:17,C,21.39,21.39,21.39,21.67,21.39,100.0,22.22
1,2026-09-02 07:18:00,07:18,C,21.39,21.44,21.44,21.67,21.39,100.0,22.22
1,2026-09-02 07:19:00,07:19,C,21.44,21.44,21.44,21.67,21.44,100.0,22.22
1,2026-09-02 07:20:00,07:20,C,21.39,21.39,21.39,21.67,21.44,100.0,22.22
1,2026-09-02 07:21:00,07:21,C,21.39,21.39,21.39,21.61,21.39,100.0,22.22
1,2026-09-02 07:22:00,07:22,C,21.39,21.39,21.39,21.67,21.39,100.0,22.22
1,2026-09-02 07:23:00,07:23,C,21.39,21.39,21.39,21.67,21.39,100.0,22.22
1,2026-09-02 07:24:00,07:24,C,21.39,21.39,21.39,21.67,21.39,100.0,22.22
1,2026-09-02 07:25:00,07:25,C,21.39,21.39,21.39,21.61,21.39,100.0,22.22
1,2026-09-02 07:26:00,07:26,C,21.39,21.39,21.39,21.56,21.39,100.0,22.22
1,2026-09-02 07:27:00,07:27,C,21.39,21.39,21.39,21.56,21.39,100.0,22.22
1,2026-09-02 07:28:00,07:28,C,21.33,21.33,21.33,21.56,21.39,100.0,22.22
1,2026-09-02 07:29:00,07:29,C,21.39,21.39,21.39,21.67,21.39,100.0,22.22
1,2026-09-02 07:30:00,07:30,C,21.39,21.39,21.39,21.67,21.44,100.0,22.22
1,2026-09-02 07:31:00,07:31,C,21.39,21.39,21.39,21.67,21.5,100.0,22.22
1,2026-09-02 07:32:00,07:32,C,21.33,21.33,21.33,21.61,21.44,100.0,22.22
1,2026-09-02 07:33:00,07:33,C,21.33,21.33,21.33,21.61,21.44,100.0,22.22
1,2026-09-02 07:34:00,07:34,C,21.39,21.39,21.39,21.67,21.44,100.0,22.22
1,2026-09-02 07:35:00,07:35,C,21.44,21.44,21.44,21.72,21.5,100.0,22.22
1,2026-09-02 07:36:00,07:36,C,21.5,21.5,21.5,21.72,21.56,100.0,22.22
1,2026-09-02 07:37:00,07:37,C,21.5,21.5,21.5,21.72,21.56,100.0,22.22
1,2026-09-02 07:38:00,07:38,C,21.5,21.5,21.5,21.72,21.56,100.0,22.22
1,2026-09-02 07:39:00,07:39,C,21.5,21.5,21.5,21.72,21.56,100.0,22.22
1,2026-09-02 07:40:00,07:40,C,21.56,21.56,21.56,21.78,21.61,100.0,22.22
1,2026-09-02 07:41:00,07:41,C,21.56,21.56,21.56,21.78,21.61,100.0,22.22
1,2026-09-02 07:42:00,07:42,C,21.56,21.56,21.56,21.72,21.67,100.0,22.22
1,2026-09-02 07:43:00,07:43,C,21.5,21.5,21.5,21.72,21.61,100.0,22.22
1,2026-09-02 07:44:00,07:44,C,21.5,21.5,21.5,21.78,21.61,100.0,22.22
1,2026-09-02 07:45:00,07:45,C,21.44,21.44,21.39,21.78,21.67,100.0,22.22
1,2026-09-02 07:46:00,07:46,C,21.5,21.56,21.5,21.72,21.67,100.0,22.22
1,2026-09-02 07:47:00,07:47,C,21.5,21.56,21.5,21.72,21.67,100.0,22.22
1,2026-09-02 07:48:00,07:48,C,21.5,21.56,21.5,21.72,21.67,100.0,22.22
1,2026-09-02 07:49:00,07:49,C,21.5,21.5,21.44,21.72,21.72,100.0,22.22
1,2026-09-02 07:50:00,07:50,C,21.56,21.56,21.5,21.72,21.72,100.0,22.22
1,2026-09-02 07:51:00,07:51,C,21.56,21.56,21.5,21.78,21.72,100.0,22.22
1,2026-09-02 07:52:00,07:52,C,21.56,21.61,21.56,21.78,21.72,100.0,22.22
1,2026-09-02 07:53:00,07:53,C,21.56,21.61,21.56,21.78,21.72,100.0,22.22
1,2026-09-02 07:54:00,07:54,C,21.67,21.67,21.67,21.83,21.83,100.0,22.22
1,2026-09-02 07:55:00,07:55,C,21.67,21.72,21.67,21.89,21.83,100.0,22.22
1,2026-09-02 07:56:00,07:56,C,21.72,21.72,21.67,21.89,21.89,100.0,22.22
1,2026-09-02 07:57:00,07:57,C,21.72,21.72,21.67,21.89,21.89,100.0,22.22
1,2026-09-02 07:58:00,07:58,C,21.72,21.72,21.67,21.89,21.89,100.0,22.22
1,2026-09-02 07:59:00,07:59,C,21.72,21.78,21.72,22.0,21.89,100.0,22.22
1,2026-09-02 08:00:00,08:00,C,21.72,21.78,21.72,22.0,21.89,100.0,22.22
1,2026-09-02 08:01:00,08:01,C,21.72,21.78,21.72,22.0,21.89,100.0,22.22
1,2026-09-02 08:02:00,08:02,C,21.72,21.78,21.72,22.06,21.89,100.0,22.22
1,2026-09-02 08:03:00,08:03,C,21.72,21.78,21.72,22.06,21.89,100.0,22.22
1,2026-09-02 08:04:00,08:04,C,21.78,21.78,21.72,22.06,21.94,100.0,22.22
1,2026-09-02 08:05:00,08:05,C,21.78,21.78,21.72,22.06,22.0,100.0,22.22
1,2026-09-02 08:06:00,08:06,C,21.78,21.78,21.72,22.06,22.0,100.0,22.22
1,2026-09-02 08:07:00,08:07,C,21.83,21.83,21.78,22.11,22.0,100.0,22.22
1,2026-09-02 08:08:00,08:08,C,21.89,21.89,21.83,22.17,22.06,100.0,22.22
1,2026-09-02 08:09:00,08:09,C,21.89,21.89,21.83,22.17,22.06,100.0,22.22
1,2026-09-02 08:10:00,08:10,C,21.89,21.89,21.83,22.22,22.06,100.0,22.22
1,2026-09-02 08:11:00,08:11,C,21.89,21.89,21.83,22.22,22.06,100.0,22.22
1,2026-09-02 08:12:00,08:12,C,21.94,21.94,21.89,22.22,22.17,100.0,22.22
1,2026-09-02 08:13:00,08:13,C,22.06,22.06,22.0,22.28,22.22,100.0,22.22
1,2026-09-02 08:14:00,08:14,C,22.06,22.06,22.0,22.33,22.28,100.0,22.22
1,2026-09-02 08:15:00,08:15,C,22.06,22.06,22.0,22.39,22.28,100.0,22.22
1,2026-09-02 08:16:00,08:16,C,22.11,22.11,22.0,22.39,22.39,100.0,22.22
1,2026-09-02 08:17:00,08:17,C,22.17,22.17,22.06,22.39,22.5,100.0,22.22
1,2026-09-02 08:18:00,08:18,C,22.22,22.22,22.11,22.44,22.61,100.0,22.22
1,2026-09-02 08:19:00,08:19,C,22.33,22.28,22.17,22.5,22.78,100.0,26.11
1,2026-09-02 08:20:00,08:20,C,22.33,22.33,22.17,22.56,22.89,100.0,26.11
1,2026-09-02 08:21:00,08:21,C,22.33,22.28,22.11,22.56,22.89,100.0,26.11
1,2026-09-02 08:22:00,08:22,C,22.22,22.22,22.06,22.56,22.78,100.0,26.11
1,2026-09-02 08:23:00,08:23,C,22.22,22.22,22.06,22.56,22.67,100.0,26.11
1,2026-09-02 08:24:00,08:24,C,22.28,22.22,22.11,22.61,22.67,100.0,26.11
1,2026-09-02 08:25:00,08:25,C,22.22,22.22,22.06,22.61,22.61,100.0,26.11
1,2026-09-02 08:26:00,08:26,C,22.22,22.22,22.11,22.61,22.61,100.0,26.11
1,2026-09-02 08:27:00,08:27,C,22.28,22.28,22.17,22.61,22.56,100.0,26.11
1,2026-09-02 08:28:00,08:28,C,22.33,22.33,22.22,22.72,22.61,100.0,26.11
1,2026-09-02 08:29:00,08:29,C,22.33,22.33,22.22,22.72,22.61,100.0,26.11
1,2026-09-02 08:30:00,08:30,C,22.39,22.39,22.28,22.72,22.72,100.0,26.11
1,2026-09-02 08:31:00,08:31,C,22.39,22.39,22.28,22.78,22.72,100.0,26.11
1,2026-09-02 08:32:00,08:32,C,22.39,22.39,22.28,22.78,22.78,100.0,26.11
1,2026-09-02 08:33:00,08:33,C,22.44,22.44,22.33,22.78,22.83,100.0,26.11
1,2026-09-02 08:34:00,08:34,C,22.5,22.5,22.39,22.83,22.89,100.0,26.11
1,2026-09-02 08:35:00,08:35,C,22.61,22.56,22.44,22.89,23.0,100.0,26.11
1,2026-09-02 08:36:00,08:36,C,22.72,22.67,22.56,22.89,23.11,100.0,26.11
1,2026-09-02 08:37:00,08:37,C,22.72,22.67,22.56,22.94,23.17,100.0,26.11
1,2026-09-02 08:38:00,08:38,C,22.72,22.72,22.56,23.06,23.22,100.0,26.11
1,2026-09-02 08:39:00,08:39,C,22.78,22.78,22.61,23.06,23.28,100.0,26.11
1,2026-09-02 08:40:00,08:40,C,22.78,22.78,22.61,23.11,23.33,100.0,26.67
1,2026-09-02 08:41:00,08:41,C,22.89,22.83,22.67,23.11,23.44,100.0,26.67
1,2026-09-02 08:42:00,08:42,C,22.94,22.89,22.72,23.22,23.5,100.0,26.67
1,2026-09-02 08:43:00,08:43,C,23.0,23.0,22.78,23.22,23.67,100.0,26.67
1,2026-09-02 08:44:00,08:44,C,23.0,23.0,22.78,23.28,23.67,100.0,26.67
1,2026-09-02 08:45:00,08:45,C,23.06,23.06,22.89,23.39,23.61,100.0,26.67
1,2026-09-02 08:46:00,08:46,C,23.06,23.06,22.89,23.5,23.61,100.0,26.67
1,2026-09-02 08:47:00,08:47,C,23.11,23.11,22.94,23.61,23.61,100.0,27.78
1,2026-09-02 08:48:00,08:48,C,23.11,23.17,22.94,23.72,23.67,100.0,27.78
1,2026-09-02 08:49:00,08:49,C,23.22,23.22,23.06,23.83,23.72,100.0,27.78
1,2026-09-02 08:50:00,08:50,C,23.28,23.28,23.06,23.94,23.83,100.0,27.78
1,2026-09-02 08:51:00,08:51,C,23.33,23.33,23.11,23.94,23.94,100.0,27.78
1,2026-09-02 08:52:00,08:52,C,23.33,23.33,23.11,24.0,23.94,100.0,27.78
1,2026-09-02 08:53:00,08:53,C,23.33,23.33,23.11,24.0,24.0,99.0,27.22
1,2026-09-02 08:54:00,08:54,C,23.33,23.33,23.11,24.06,24.0,99.0,27.22
1,2026-09-02 08:55:00,08:55,C,23.33,23.33,23.11,24.06,24.0,99.0,27.22
1,2026-09-02 08:56:00,08:56,C,23.33,23.33,23.11,24.06,24.0,99.0,27.22
1,2026-09-02 08:57:00,08:57,C,23.39,23.39,23.17,24.06,24.0,99.0,27.22
1,2026-09-02 08:58:00,08:58,C,23.5,23.5,23.22,24.11,24.22,99.0,27.22
1,2026-09-02 08:59:00,08:59,C,23.61,23.56,23.28,24.17,24.44,99.0,27.22
1,2026-09-02 09:00:00,09:00,C,23.67,23.61,23.28,24.28,24.61,99.0,28.33
1,2026-09-02 09:01:00,09:01,C,23.72,23.67,23.33,24.33,24.72,99.0,28.33
1,2026-09-02 09:02:00,09:02,C,23.78,23.78,23.39,24.44,24.83,99.0,28.33
1,2026-09-02 09:03:00,09:03,C,23.83,23.78,23.39,24.61,24.89,97.0,28.33
1,2026-09-02 09:04:00,09:04,C,23.83,23.83,23.39,24.67,25.0,98.0,28.33
1,2026-09-02 09:05:00,09:05,C,23.94,23.89,23.44,24.72,25.17,98.0,28.33
1,2026-09-02 09:06:00,09:06,C,24.0,23.94,23.5,24.78,25.22,98.0,29.44
1,2026-09-02 09:07:00,09:07,C,24.0,23.94,23.5,24.78,25.33,97.0,29.44
1,2026-09-02 09:08:00,09:08,C,24.11,24.06,23.56,24.78,25.56,97.0,29.44
1,2026-09-02 09:09:00,09:09,C,24.17,24.11,23.56,24.83,25.72,97.0,29.44
1,2026-09-02 09:10:00,09:10,C,24.28,24.17,23.61,24.83,25.89,98.0,29.44
1,2026-09-02 09:11:00,09:11,C,24.39,24.22,23.67,24.83,26.11,98.0,29.44
1,2026-09-02 09:12:00,09:12,C,24.5,24.33,23.72,24.94,26.33,98.0,29.44
1,2026-09-02 09:13:00,09:13,C,24.61,24.44,23.78,25.0,26.61,98.0,29.44
1,2026-09-02 09:14:00,09:14,C,24.61,24.5,23.78,25.11,26.72,98.0,29.44
1,2026-09-02 09:15:00,09:15,C,24.72,24.56,23.89,25.17,26.83,98.0,29.44
1,2026-09-02 09:16:00,09:16,C,24.94,24.78,24.0,25.28,27.28,98.0,29.44
1,2026-09-02 09:17:00,09:17,C,25.17,24.94,24.06,25.39,27.89,98.0,29.44
1,2026-09-02 09:18:00,09:18,C,25.17,24.94,24.0,25.44,28.06,97.0,29.44
1,2026-09-02 09:19:00,09:19,C,25.17,24.94,24.0,25.5,28.0,97.0,29.44
1,2026-09-02 09:20:00,09:20,C,25.22,25.0,24.11,25.61,27.94,97.0,29.44
1,2026-09-02 09:21:00,09:21,C,25.44,25.22,24.28,25.67,28.33,97.0,29.44
1,2026-09-02 09:22:00,09:22,C,25.67,25.33,24.28,25.72,28.94,96.0,28.89
1,2026-09-02 09:23:00,09:23,C,26.17,25.78,24.61,25.89,29.89,96.0,30.0
1,2026-09-02 09:24:00,09:24,C,26.72,26.17,24.78,26.06,31.33,97.0,30.56
1,2026-09-02 09:25:00,09:25,C,27.0,26.39,24.78,26.17,32.28,96.0,30.0
1,2026-09-02 09:26:00,09:26,C,26.89,26.33,24.67,26.33,32.22,92.0,30.0
1,2026-09-02 09:27:00,09:27,C,26.78,26.22,24.61,26.39,31.83,89.0,30.56
1,2026-09-02 09:28:00,09:28,C,26.61,26.11,24.5,26.5,31.56,88.0,30.56
1,2026-09-02 09:29:00,09:29,C,26.61,26.11,24.5,26.5,31.67,89.0,30.56
1,2026-09-02 09:30:00,09:30,C,26.72,26.17,24.5,26.56,32.0,87.0,30.56
1,2026-09-02 09:31:00,09:31,C,26.67,26.17,24.44,26.61,32.0,85.0,30.0
1,2026-09-02 09:32:00,09:32,C,26.44,25.94,24.28,26.67,31.67,85.0,30.0
1,2026-09-02 09:33:00,09:33,C,26.28,25.83,24.28,26.72,31.06,85.0,30.0
1,2026-09-02 09:34:00,09:34,C,26.17,25.78,24.28,26.72,30.61,84.0,30.0
1,2026-09-02 09:35:00,09:35,C,26.11,25.78,24.39,26.78,30.28,84.0,30.0
1,2026-09-02 09:36:00,09:36,C,26.11,25.78,24.44,26.83,30.17,80.0,29.44
1,2026-09-02 09:37:00,09:37,C,26.11,25.78,24.5,26.83,29.94,81.0,30.0
1,2026-09-02 09:38:00,09:38,C,26.0,25.72,24.44,26.83,29.78,80.0,29.44
1,2026-09-02 09:39:00,09:39,C,26.0,25.72,24.5,26.89,29.67,80.0,29.44
1,2026-09-02 09:40:00,09:40,C,26.11,25.83,24.61,26.89,29.67,80.0,29.44
1,2026-09-02 09:41:00,09:41,C,26.17,25.89,24.67,26.89,29.67,81.0,30.0
1,2026-09-02 09:42:00,09:42,C,26.06,25.78,24.61,26.89,29.56,79.0,29.44
1,2026-09-02 09:43:00,09:43,C,26.06,25.78,24.61,26.89,29.5,80.0,29.44
1,2026-09-02 09:44:00,09:44,C,26.0,25.72,24.56,26.94,29.39,79.0,30.56
1,2026-09-02 09:45:00,09:45,C,26.06,25.83,24.61,27.0,29.56,78.0,30.56
1,2026-09-02 09:46:00,09:46,C,26.11,25.83,24.61,27.06,29.67,80.0,30.56
1,2026-09-02 09:47:00,09:47,C,26.22,25.94,24.67,27.06,29.89,78.0,30.56
1,2026-09-02 09:48:00,09:48,C,26.39,26.11,24.78,27.17,30.28,78.0,30.56
1,2026-09-02 09:49:00,09:49,C,26.78,26.39,25.06,27.28,30.83,77.0,30.56
1,2026-09-02 09:50:00,09:50,C,27.56,27.11,25.56,27.5,32.39,75.0,31.11
1,2026-09-02 09:51:00,09:51,C,28.5,27.78,25.83,27.72,34.78,73.0,31.11
1,2026-09-02 09:52:00,09:52,C,29.22,28.33,26.0,28.0,36.83,73.0,31.11
1,2026-09-02 09:53:00,09:53,C,30.06,29.0,26.33,28.28,38.89,67.0,31.11
1,2026-09-02 09:54:00,09:54,C,30.39,29.22,26.22,28.5,40.22,63.0,30.56
1,2026-09-02 09:55:00,09:55,C,30.33,29.11,25.94,28.56,40.61,64.0,30.56
1,2026-09-02 09:56:00,09:56,C,29.83,28.72,25.67,28.61,39.56,62.0,31.67
1,2026-09-02 09:57:00,09:57,C,29.22,28.28,25.5,28.61,38.06,63.0,31.67
1,2026-09-02 09:58:00,09:58,C,29.06,28.22,25.67,28.72,37.06,63.0,31.67
1,2026-09-02 09:59:00,09:59,C,28.89,28.11,25.72,28.78,36.39,60.0,31.11
1,2026-09-02 10:00:00,10:00,C,28.61,27.94,25.56,28.89,35.83,60.0,31.11
1,2026-09-02 10:01:00,10:01,C,28.44,27.83,25.56,28.89,35.33,61.0,31.11
1,2026-09-02 10:02:00,10:02,C,28.56,27.94,25.78,28.94,35.11,62.0,31.67
1,2026-09-02 10:03:00,10:03,C,28.94,28.28,26.0,29.11,35.83,64.0,31.67
1,2026-09-02 10:04:00,10:04,C,29.39,28.61,26.17,29.11,37.06,61.0,31.11
1,2026-09-02 10:05:00,10:05,C,29.56,28.72,26.0,29.28,38.0,60.0,32.22
1,2026-09-02 10:06:00,10:06,C,29.61,28.72,25.89,29.33,38.39,61.0,32.22
1,2026-09-02 10:07:00,10:07,C,29.5,28.61,25.72,29.33,38.39,58.0,31.67
1,2026-09-02 10:08:00,10:08,C,29.44,28.56,25.61,29.33,38.56,56.0,31.67
1,2026-09-02 10:09:00,10:09,C,29.17,28.28,25.33,29.39,38.28,55.0,31.11
1,2026-09-02 10:10:00,10:10,C,29.17,28.33,25.56,29.5,37.72,54.0,31.11
1,2026-09-02 10:11:00,10:11,C,29.28,28.44,25.72,29.67,37.61,55.0,31.11
1,2026-09-02 10:12:00,10:12,C,29.28,28.44,25.61,29.72,37.94,53.0,31.11
1,2026-09-02 10:13:00,10:13,C,29.33,28.5,25.67,29.78,37.94,51.0,31.67
1,2026-09-02 10:14:00,10:14,C,29.33,28.56,25.78,30.0,37.78,52.0,31.67
1,2026-09-02 10:15:00,10:15,C,29.39,28.61,25.83,30.11,37.72,52.0,31.67
1,2026-09-02 10:16:00,10:16,C,29.39,28.72,26.06,30.17,37.33,52.0,31.67
1,2026-09-02 10:17:00,10:17,C,29.5,28.78,26.17,30.28,37.39,52.0,31.67
1,2026-09-02 10:18:00,10:18,C,29.89,29.11,26.33,30.5,38.28,52.0,32.78
1,2026-09-02 10:19:00,10:19,C,30.39,29.5,26.56,30.67,39.33,50.0,32.22
1,2026-09-02 10:20:00,10:20,C,30.56,29.67,26.67,30.72,39.67,51.0,32.78
1,2026-09-02 10:21:00,10:21,C,30.28,29.39,26.39,30.67,39.39,51.0,32.78
1,2026-09-02 10:22:00,10:22,C,30.17,29.33,26.33,30.78,39.17,51.0,32.78
1,2026-09-02 10:23:00,10:23,C,30.33,29.5,26.56,30.83,39.28,51.0,33.33
1,2026-09-02 10:24:00,10:24,C,30.83,29.89,26.83,31.06,40.22,51.0,33.33
1,2026-09-02 10:25:00,10:25,C,31.61,30.5,27.17,31.17,42.06,50.0,33.33
1,2026-09-02 10:26:00,10:26,C,32.28,31.06,27.44,31.44,43.67,51.0,34.44
1,2026-09-02 10:27:00,10:27,C,32.5,31.17,27.22,31.56,44.94,47.0,33.89
1,2026-09-02 10:28:00,10:28,C,32.56,31.17,27.0,31.67,45.61,46.0,33.33
1,2026-09-02 10:29:00,10:29,C,33.0,31.56,27.28,31.89,46.39,45.0,33.33
1,2026-09-02 10:30:00,10:30,C,33.28,31.78,27.44,31.94,47.0,45.0,34.44
1,2026-09-02 10:31:00,10:31,C,33.61,32.06,27.67,32.17,47.5,42.0,33.89
1,2026-09-02 10:32:00,10:32,C,33.72,32.17,27.72,32.17,47.89,41.0,33.33
1,2026-09-02 10:33:00,10:33,C,33.83,32.28,27.78,32.39,48.0,38.0,32.78
1,2026-09-02 10:34:00,10:34,C,33.89,32.28,27.72,32.56,48.28,38.0,33.89
1,2026-09-02 10:35:00,10:35,C,34.11,32.5,27.83,32.83,48.78,38.0,33.89
1,2026-09-02 10:36:00,10:36,C,34.17,32.56,27.83,32.89,49.06,37.0,33.33
1,2026-09-02 10:37:00,10:37,C,33.56,31.94,27.06,32.61,48.72,35.0,33.33
1,2026-09-02 10:38:00,10:38,C,33.33,31.72,26.89,32.56,48.39,33.0,32.78
1,2026-09-02 10:39:00,10:39,C,33.17,31.61,26.83,32.5,48.06,35.0,32.22
1,2026-09-02 10:40:00,10:40,C,33.44,31.94,27.28,32.72,48.0,36.0,33.33
1,2026-09-02 10:41:00,10:41,C,33.83,32.33,27.67,32.94,48.39,32.0,32.78
1,2026-09-02 10:42:00,10:42,C,34.0,32.44,27.61,33.06,49.06,33.0,32.78
1,2026-09-02 10:43:00,10:43,C,33.44,31.83,26.89,32.94,48.83,31.0,32.22
1,2026-09-02 10:44:00,10:44,C,33.33,31.78,26.83,32.94,48.56,32.0,32.78
1,2026-09-02 10:45:00,10:45,C,33.5,31.94,27.06,33.06,48.67,31.0,32.22
1,2026-09-02 10:46:00,10:46,C,34.0,32.39,27.56,33.17,49.06,33.0,33.33
1,2026-09-02 10:47:00,10:47,C,34.39,32.78,27.94,33.44,49.44,32.0,33.33
1,2026-09-02 10:48:00,10:48,C,34.22,32.61,27.61,33.61,49.67,31.0,33.89
1,2026-09-02 10:49:00,10:49,C,34.28,32.67,27.72,33.78,49.61,30.0,33.89
1,2026-09-02 10:50:00,10:50,C,34.33,32.78,27.94,34.0,49.33,30.0,33.89
1,2026-09-02 10:51:00,10:51,C,34.39,32.89,28.06,34.22,49.22,30.0,34.44
1,2026-09-02 10:52:00,10:52,C,34.61,33.11,28.17,34.5,49.78,29.0,0.0
1,2026-09-02 10:53:00,10:53,C,34.5,32.94,27.78,34.44,50.33,29.0,0.0
1,2026-09-02 10:54:00,10:54,C,34.78,33.22,28.11,34.5,50.5,28.0,0.0
1,2026-09-02 10:55:00,10:55,C,34.44,32.83,27.61,34.39,50.44,27.0,0.0
1,2026-09-02 10:56:00,10:56,C,34.22,32.61,27.39,34.28,50.22,27.0,0.0
1,2026-09-02 10:57:00,10:57,C,34.78,33.17,28.11,34.5,50.39,30.0,34.44
1,2026-09-02 10:58:00,10:58,C,35.06,33.44,28.28,34.61,50.94,27.0,0.0
1,2026-09-02 10:59:00,10:59,C,34.72,33.06,27.72,34.5,51.22,27.0,0.0
1,2026-09-02 11:00:00,11:00,C,35.11,33.5,28.28,34.83,51.17,29.0,0.0
1,2026-09-02 11:01:00,11:01,C,35.5,33.89,28.78,35.0,51.28,27.0,0.0
1,2026-09-02 11:02:00,11:02,C,35.22,33.61,28.39,35.11,51.22,26.0,0.0
1,2026-09-02 11:03:00,11:03,C,35.33,33.72,28.5,35.33,51.28,27.0,0.0
1,2026-09-02 11:04:00,11:04,C,35.28,33.67,28.39,35.11,51.5,26.0,0.0
1,2026-09-02 11:05:00,11:05,C,34.83,33.22,27.94,35.0,51.06,26.0,0.0
1,2026-09-02 11:06:00,11:06,C,35.22,33.61,28.39,35.28,51.22,26.0,0.0
1,2026-09-02 11:07:00,11:07,C,34.83,33.17,27.89,34.67,51.11,27.0,0.0
1,2026-09-02 11:08:00,11:08,C,34.56,33.0,27.78,34.72,50.5,26.0,0.0
1,2026-09-02 11:09:00,11:09,C,34.94,33.39,28.28,34.78,50.61,27.0,0.0
1,2026-09-02 11:10:00,11:10,C,35.0,33.44,28.39,34.94,50.44,26.0,0.0
1,2026-09-02 11:11:00,11:11,C,35.17,33.61,28.61,35.17,50.56,29.0,0.0
1,2026-09-02 11:12:00,11:12,C,35.89,34.33,29.33,35.61,51.28,28.0,0.0
1,2026-09-02 11:13:00,11:13,C,35.22,33.5,28.06,35.0,52.0,25.0,0.0
1,2026-09-02 11:14:00,11:14,C,34.72,33.06,27.56,34.67,51.61,25.0,0.0
1,2026-09-02 11:15:00,11:15,C,34.56,32.83,27.39,34.39,51.33,24.0,0.0
1,2026-09-02 11:16:00,11:16,C,34.28,32.61,27.17,34.28,50.94,24.0,0.0
1,2026-09-02 11:17:00,11:17,C,34.44,32.78,27.39,34.39,50.94,24.0,0.0
1,2026-09-02 11:18:00,11:18,C,34.39,32.67,27.22,34.28,51.17,24.0,0.0
1,2026-09-02 11:19:00,11:19,C,34.33,32.67,27.28,34.33,50.94,24.0,0.0
1,2026-09-02 11:20:00,11:20,C,34.39,32.72,27.33,34.39,51.0,27.0,0.0
1,2026-09-02 11:21:00,11:21,C,34.61,32.94,27.67,34.44,50.83,26.0,0.0
1,2026-09-02 11:22:00,11:22,C,34.83,33.17,27.83,34.72,51.17,24.0,0.0
1,2026-09-02 11:23:00,11:23,C,35.33,33.67,28.28,35.22,51.83,26.0,0.0
1,2026-09-02 11:24:00,11:24,C,35.72,34.0,28.5,35.33,52.67,25.0,0.0
1,2026-09-02 11:25:00,11:25,C,34.94,33.22,27.56,34.83,52.28,25.0,0.0
1,2026-09-02 11:26:00,11:26,C,34.67,33.0,27.5,34.78,51.56,26.0,0.0
1,2026-09-02 11:27:00,11:27,C,34.67,33.06,27.72,34.61,50.94,26.0,0.0
1,2026-09-02 11:28:00,11:28,C,34.44,32.83,27.61,34.56,50.5,27.0,0.0
1,2026-09-02 11:29:00,11:29,C,34.56,32.94,27.67,34.67,50.67,24.0,0.0
1,2026-09-02 11:30:00,11:30,C,34.5,32.83,27.39,34.61,51.11,25.0,0.0
1,2026-09-02 11:31:00,11:31,C,34.39,32.78,27.28,34.61,51.11,24.0,0.0
1,2026-09-02 11:32:00,11:32,C,34.22,32.56,27.06,34.39,51.06,24.0,0.0
1,2026-09-02 11:33:00,11:33,C,34.17,32.5,27.06,34.33,50.78,24.0,0.0
1,2026-09-02 11:34:00,11:34,C,34.72,33.06,27.78,34.67,50.94,27.0,0.0
1,2026-09-02 11:35:00,11:35,C,34.94,33.22,27.78,34.78,51.72,24.0,0.0
1,2026-09-02 11:36:00,11:36,C,34.56,32.83,27.17,34.61,51.94,24.0,0.0
1,2026-09-02 11:37:00,11:37,C,34.39,32.67,27.0,34.44,51.72,23.0,0.0
1,2026-09-02 11:38:00,11:38,C,34.5,32.78,27.11,34.5,51.83,24.0,0.0
1,2026-09-02 11:39:00,11:39,C,35.0,33.22,27.67,34.72,52.17,24.0,0.0
1,2026-09-02 11:40:00,11:40,C,34.94,33.22,27.72,34.83,51.89,27.0,0.0
1,2026-09-02 11:41:00,11:41,C,35.39,33.67,28.28,34.94,52.11,29.0,0.0
1,2026-09-02 11:42:00,11:42,C,35.61,33.94,28.61,35.28,52.11,26.0,0.0
1,2026-09-02 11:43:00,11:43,C,35.17,33.44,27.83,35.11,52.33,25.0,0.0
1,2026-09-02 11:44:00,11:44,C,35.06,33.33,27.72,35.0,52.33,25.0,0.0
1,2026-09-02 11:45:00,11:45,C,35.06,33.33,27.72,35.0,52.22,25.0,0.0
1,2026-09-02 11:46:00,11:46,C,34.83,33.11,27.44,34.78,52.11,24.0,0.0
1,2026-09-02 11:47:00,11:47,C,35.11,33.39,27.78,35.0,52.33,24.0,0.0
1,2026-09-02 11:48:00,11:48,C,35.22,33.5,27.89,35.17,52.5,25.0,0.0
1,2026-09-02 11:49:00,11:49,C,35.78,34.06,28.56,35.44,52.72,23.0,0.0
1,2026-09-02 11:50:00,11:50,C,35.94,34.22,28.67,35.61,53.06,29.0,0.0
1,2026-09-02 11:51:00,11:51,C,35.83,34.06,28.28,35.61,53.61,24.0,0.0
1,2026-09-02 11:52:00,11:52,C,35.56,33.72,27.78,35.61,53.78,23.0,0.0
1,2026-09-02 11:53:00,11:53,C,36.0,34.22,28.39,35.94,53.89,25.0,0.0
1,2026-09-02 11:54:00,11:54,C,36.56,34.78,29.0,36.22,54.28,26.0,0.0
1,2026-09-02 11:55:00,11:55,C,36.56,34.72,28.78,36.33,54.78,23.0,0.0
1,2026-09-02 11:56:00,11:56,C,36.0,34.11,28.0,35.89,54.78,22.0,0.0
1,2026-09-02 11:57:00,11:57,C,35.44,33.67,27.67,35.56,53.72,22.0,0.0
1,2026-09-02 11:58:00,11:58,C,35.06,33.33,27.5,35.39,52.72,22.0,0.0
1,2026-09-02 11:59:00,11:59,C,34.67,33.0,27.28,35.06,52.06,22.0,0.0
1,2026-09-02 12:00:00,12:00,C,34.56,32.89,27.28,35.0,51.67,23.0,0.0
1,2026-09-02 12:01:00,12:01,C,34.61,32.94,27.39,34.94,51.61,22.0,0.0
1,2026-09-02 12:02:00,12:02,C,35.0,33.39,27.94,35.28,51.56,22.0,0.0
1,2026-09-02 12:03:00,12:03,C,34.78,33.11,27.61,35.0,51.5,22.0,0.0
1,2026-09-02 12:04:00,12:04,C,34.78,33.17,27.61,35.17,51.61,24.0,0.0
1,2026-09-02 12:05:00,12:05,C,35.0,33.33,27.78,35.28,52.0,23.0,0.0
1,2026-09-02 12:06:00,12:06,C,35.28,33.61,28.06,35.39,52.17,23.0,0.0
1,2026-09-02 12:07:00,12:07,C,35.5,33.72,28.17,35.28,52.61,23.0,0.0
1,2026-09-02 12:08:00,12:08,C,35.22,33.5,27.94,35.28,52.28,24.0,0.0
1,2026-09-02 12:09:00,12:09,C,35.61,33.94,28.44,35.61,52.39,25.0,0.0
1,2026-09-02 12:10:00,12:10,C,36.0,34.22,28.56,35.61,53.5,24.0,0.0
1,2026-09-02 12:11:00,12:11,C,36.5,34.72,29.11,36.0,53.78,26.0,0.0
1,2026-09-02 12:12:00,12:12,C,36.44,34.61,28.83,36.0,54.28,26.0,0.0
1,2026-09-02 12:13:00,12:13,C,36.28,34.39,28.56,35.78,54.33,26.0,0.0
1,2026-09-02 12:14:00,12:14,C,36.06,34.22,28.33,35.89,54.22,25.0,0.0
1,2026-09-02 12:15:00,12:15,C,35.94,34.11,28.06,35.89,54.5,23.0,0.0
1,2026-09-02 12:16:00,12:16,C,35.89,34.06,27.94,35.83,54.56,23.0,0.0
1,2026-09-02 12:17:00,12:17,C,36.39,34.56,28.72,36.33,54.28,25.0,0.0
1,2026-09-02 12:18:00,12:18,C,36.44,34.61,28.72,36.39,54.56,22.0,0.0
1,2026-09-02 12:19:00,12:19,C,36.67,34.89,29.06,36.67,54.44,24.0,0.0
1,2026-09-02 12:20:00,12:20,C,36.39,34.61,28.67,36.5,54.56,23.0,0.0
1,2026-09-02 12:21:00,12:21,C,36.33,34.56,28.78,36.5,54.06,22.0,0.0
1,2026-09-02 12:22:00,12:22,C,36.39,34.61,28.89,36.5,53.94,22.0,0.0
1,2026-09-02 12:23:00,12:23,C,36.17,34.44,28.61,36.39,53.89,22.0,0.0
1,2026-09-02 12:24:00,12:24,C,36.11,34.28,28.33,36.22,54.28,22.0,0.0
1,2026-09-02 12:25:00,12:25,C,36.06,34.22,28.22,36.17,54.33,23.0,0.0
1,2026-09-02 12:26:00,12:26,C,36.0,34.17,28.22,35.83,54.17,24.0,0.0
1,2026-09-02 12:27:00,12:27,C,35.44,33.67,27.89,35.56,53.11,24.0,0.0
1,2026-09-02 12:28:00,12:28,C,35.06,33.33,27.61,35.44,52.5,24.0,0.0
1,2026-09-02 12:29:00,12:29,C,35.56,33.83,28.11,35.56,53.0,25.0,0.0
1,2026-09-02 12:30:00,12:30,C,35.67,33.89,28.11,35.61,53.33,24.0,0.0
1,2026-09-02 12:31:00,12:31,C,35.78,34.11,28.44,35.89,53.06,25.0,0.0
1,2026-09-02 12:32:00,12:32,C,35.67,33.89,28.11,35.78,53.39,25.0,0.0
1,2026-09-02 12:33:00,12:33,C,35.28,33.72,28.39,35.83,51.44,28.0,0.0
1,2026-09-02 12:34:00,12:34,C,34.44,33.11,28.33,35.56,48.78,26.0,0.0
1,2026-09-02 12:35:00,12:35,C,33.22,32.22,27.89,35.5,45.83,26.0,0.0
1,2026-09-02 12:36:00,12:36,C,32.83,31.94,28.06,35.44,44.06,28.0,0.0
1,2026-09-02 12:37:00,12:37,C,33.17,32.39,28.72,35.61,43.61,31.0,36.67
1,2026-09-02 12:38:00,12:38,C,34.06,33.0,28.83,35.72,46.33,27.0,0.0
1,2026-09-02 12:39:00,12:39,C,33.56,32.39,27.78,35.61,47.06,27.0,0.0
1,2026-09-02 12:40:00,12:40,C,32.83,31.78,27.39,35.33,45.61,29.0,0.0
1,2026-09-02 12:41:00,12:41,C,32.17,31.22,27.06,35.11,44.11,27.0,0.0
1,2026-09-02 12:42:00,12:42,C,31.44,30.61,26.61,34.72,42.72,27.0,0.0
1,2026-09-02 12:43:00,12:43,C,30.94,30.28,26.5,34.56,41.39,27.0,0.0
1,2026-09-02 12:44:00,12:44,C,30.89,30.28,26.72,34.5,40.78,28.0,0.0
1,2026-09-02 12:45:00,12:45,C,30.56,29.94,26.44,34.22,40.22,28.0,0.0
1,2026-09-02 12:46:00,12:46,C,30.61,30.06,26.72,34.33,39.78,29.0,0.0
1,2026-09-02 12:47:00,12:47,C,30.78,30.22,26.94,34.11,39.83,33.0,34.44
1,2026-09-02 12:48:00,12:48,C,31.0,30.44,27.28,34.11,39.78,31.0,33.89
1,2026-09-02 12:49:00,12:49,C,30.83,30.22,27.0,34.06,39.83,32.0,33.89
1,2026-09-02 12:50:00,12:50,C,30.89,30.33,27.06,33.94,40.0,33.0,34.44
1,2026-09-02 12:51:00,12:51,C,31.28,30.61,27.44,33.94,40.22,34.0,34.44
1,2026-09-02 12:52:00,12:52,C,31.39,30.72,27.5,33.78,40.61,36.0,35.0
1,2026-09-02 12:53:00,12:53,C,31.56,30.83,27.61,33.78,40.83,36.0,35.0
1,2026-09-02 12:54:00,12:54,C,31.72,31.0,27.72,33.94,41.11,36.0,35.0
1,2026-09-02 12:55:00,12:55,C,32.39,31.56,28.0,34.22,42.67,34.0,35.56
1,2026-09-02 12:56:00,12:56,C,32.78,31.83,27.94,34.39,44.22,38.0,36.67
1,2026-09-02 12:57:00,12:57,C,33.0,31.94,28.0,34.28,44.78,39.0,36.67
1,2026-09-02 12:58:00,12:58,C,32.94,31.94,28.17,34.39,44.17,33.0,35.0
1,2026-09-02 12:59:00,12:59,C,33.89,32.72,28.56,34.83,46.33,35.0,36.67
1,2026-09-02 13:00:00,13:00,C,34.83,33.39,28.44,35.17,49.89,32.0,36.11
1,2026-09-02 13:01:00,13:01,C,34.44,32.83,27.44,34.94,50.83,29.0,0.0
1,2026-09-02 13:02:00,13:02,C,34.5,33.0,27.72,35.22,50.39,29.0,0.0
1,2026-09-02 13:03:00,13:03,C,35.61,33.89,28.33,35.78,52.61,29.0,0.0
1,2026-09-02 13:04:00,13:04,C,36.44,34.61,28.61,36.28,54.89,33.0,37.78
1,2026-09-02 13:05:00,13:05,C,37.28,35.33,29.11,36.61,56.5,27.0,0.0
1,2026-09-02 13:06:00,13:06,C,37.44,35.33,28.83,36.67,57.67,27.0,0.0
1,2026-09-02 13:07:00,13:07,C,37.0,34.94,28.33,36.39,57.39,26.0,0.0
1,2026-09-02 13:08:00,13:08,C,37.33,35.28,28.78,36.78,57.44,26.0,0.0
1,2026-09-02 13:09:00,13:09,C,37.17,35.11,28.56,37.0,57.28,24.0,0.0
1,2026-09-02 13:10:00,13:10,C,37.67,35.61,29.17,37.44,57.5,25.0,0.0
1,2026-09-02 13:11:00,13:11,C,37.83,35.78,29.28,37.67,57.83,26.0,0.0
1,2026-09-02 13:12:00,13:12,C,37.72,35.72,29.22,37.5,57.61,24.0,0.0
1,2026-09-02 13:13:00,13:13,C,37.17,35.22,28.83,37.5,56.61,23.0,0.0
1,2026-09-02 13:14:00,13:14,C,35.56,33.89,27.89,36.83,53.56,23.0,0.0
1,2026-09-02 13:15:00,13:15,C,34.56,33.17,27.72,36.61,50.5,23.0,0.0
1,2026-09-02 13:16:00,13:16,C,33.83,32.67,27.78,36.33,48.0,23.0,0.0
1,2026-09-02 13:17:00,13:17,C,32.89,31.94,27.5,36.0,45.56,25.0,0.0
1,2026-09-02 13:18:00,13:18,C,32.33,31.44,27.33,35.61,44.0,26.0,0.0
1,2026-09-02 13:19:00,13:19,C,31.61,30.83,26.94,35.06,42.5,29.0,0.0
1,2026-09-02 13:20:00,13:20,C,31.44,30.78,27.22,34.94,41.33,28.0,0.0
1,2026-09-02 13:21:00,13:21,C,32.33,31.56,27.72,35.28,43.17,27.0,0.0
1,2026-09-02 13:22:00,13:22,C,32.83,31.89,27.78,35.28,44.72,27.0,0.0
1,2026-09-02 13:23:00,13:23,C,32.28,31.44,27.39,35.17,43.83,28.0,0.0
1,2026-09-02 13:24:00,13:24,C,31.83,31.06,27.22,35.11,42.61,28.0,0.0
1,2026-09-02 13:25:00,13:25,C,31.39,30.72,27.0,35.06,41.78,28.0,0.0
1,2026-09-02 13:26:00,13:26,C,31.83,31.22,27.72,35.17,41.56,29.0,0.0
1,2026-09-02 13:27:00,13:27,C,32.94,32.11,28.28,35.56,43.89,30.0,36.11
1,2026-09-02 13:28:00,13:28,C,34.17,32.94,28.28,35.78,48.0,28.0,0.0
1,2026-09-02 13:29:00,13:29,C,35.06,33.56,28.22,35.89,51.06,26.0,0.0
1,2026-09-02 13:30:00,13:30,C,34.94,33.28,27.5,35.67,52.44,27.0,0.0
1,2026-09-02 13:31:00,13:31,C,34.28,32.72,27.17,35.5,51.0,26.0,0.0
1,2026-09-02 13:32:00,13:32,C,33.33,32.06,27.0,35.39,48.22,27.0,0.0
1,2026-09-02 13:33:00,13:33,C,32.83,31.78,27.22,35.39,46.06,27.0,0.0
1,2026-09-02 13:34:00,13:34,C,33.56,32.44,27.94,36.0,46.67,27.0,0.0
1,2026-09-02 13:35:00,13:35,C,33.89,32.61,27.5,35.89,48.89,27.0,0.0
1,2026-09-02 13:36:00,13:36,C,33.11,31.89,27.0,35.44,47.44,27.0,0.0
1,2026-09-02 13:37:00,13:37,C,32.11,31.11,26.72,35.11,44.72,28.0,0.0
1,2026-09-02 13:38:00,13:38,C,31.39,30.67,26.72,34.89,42.44,29.0,0.0
1,2026-09-02 13:39:00,13:39,C,31.06,30.44,26.89,34.78,40.89,29.0,0.0
1,2026-09-02 13:40:00,13:40,C,30.72,30.22,26.83,34.61,39.94,30.0,34.44
1,2026-09-02 13:41:00,13:41,C,30.5,30.0,26.78,34.44,39.28,30.0,34.44
1,2026-09-02 13:42:00,13:42,C,30.39,29.94,26.78,34.39,38.83,32.0,35.0
1,2026-09-02 13:43:00,13:43,C,30.39,29.94,26.89,34.28,38.61,32.0,35.0
1,2026-09-02 13:44:00,13:44,C,30.17,29.78,26.72,34.22,38.33,32.0,35.0
1,2026-09-02 13:45:00,13:45,C,30.22,29.83,26.89,34.28,38.11,32.0,35.0
1,2026-09-02 13:46:00,13:46,C,30.33,29.94,27.06,34.22,38.06,33.0,35.0
1,2026-09-02 13:47:00,13:47,C,30.06,29.72,26.78,34.11,37.83,34.0,34.44
1,2026-09-02 13:48:00,13:48,C,30.06,29.72,26.83,34.11,37.72,34.0,34.44
1,2026-09-02 13:49:00,13:49,C,30.11,29.78,26.89,34.11,37.78,34.0,34.44
1,2026-09-02 13:50:00,13:50,C,30.0,29.61,26.67,34.11,37.83,34.0,34.44
1,2026-09-02 13:51:00,13:51,C,30.28,29.83,26.89,34.11,38.22,35.0,35.0
1,2026-09-02 13:52:00,13:52,C,30.67,30.22,27.22,34.22,38.78,36.0,36.11
1,2026-09-02 13:53:00,13:53,C,32.17,31.44,28.06,34.56,41.89,36.0,36.11
1,2026-09-02 13:54:00,13:54,C,32.78,31.78,27.72,34.61,44.67,35.0,35.56
1,2026-09-02 13:55:00,13:55,C,32.72,31.78,27.72,34.67,44.56,34.0,35.56
1,2026-09-02 13:56:00,13:56,C,32.39,31.44,27.39,34.67,44.22,32.0,35.0
1,2026-09-02 13:57:00,13:57,C,32.06,31.17,27.28,34.78,43.22,33.0,36.11
1,2026-09-02 13:58:00,13:58,C,32.06,31.28,27.61,34.72,42.44,34.0,36.11
1,2026-09-02 13:59:00,13:59,C,33.0,32.11,28.22,35.22,44.22,34.0,36.11
1,2026-09-02 14:00:00,14:00,C,34.78,33.5,29.0,35.72,48.39,35.0,37.78
1,2026-09-02 14:01:00,14:01,C,35.72,34.17,28.89,35.94,51.78,29.0,0.0
1,2026-09-02 14:02:00,14:02,C,34.83,33.33,28.0,35.83,50.89,30.0,36.11
1,2026-09-02 14:03:00,14:03,C,33.67,32.39,27.5,35.56,48.11,29.0,0.0
1,2026-09-02 14:04:00,14:04,C,32.72,31.72,27.28,35.5,45.56,29.0,0.0
1,2026-09-02 14:05:00,14:05,C,32.78,31.89,27.83,35.61,44.39,30.0,36.11
1,2026-09-02 14:06:00,14:06,C,32.72,31.89,27.94,35.67,44.0,34.0,37.22
1,2026-09-02 14:07:00,14:07,C,33.67,32.61,28.44,35.44,46.0,33.0,37.22
1,2026-09-02 14:08:00,14:08,C,33.44,32.44,28.28,35.22,45.67,32.0,36.11
1,2026-09-02 14:09:00,14:09,C,32.72,31.83,27.89,34.94,44.17,32.0,36.11
1,2026-09-02 14:10:00,14:10,C,33.11,32.17,28.33,35.11,44.28,33.0,36.11
1,2026-09-02 14:11:00,14:11,C,34.11,32.83,28.39,35.11,47.5,32.0,36.11
1,2026-09-02 14:12:00,14:12,C,34.83,33.33,28.17,35.33,50.5,30.0,36.11
1,2026-09-02 14:13:00,14:13,C,35.78,34.06,28.61,35.67,52.5,31.0,36.67
1,2026-09-02 14:14:00,14:14,C,36.06,34.28,28.67,35.83,53.39,31.0,36.67
1,2026-09-02 14:15:00,14:15,C,36.5,34.61,28.83,36.0,54.39,29.0,0.0
1,2026-09-02 14:16:00,14:16,C,36.78,34.89,29.0,36.28,54.94,30.0,37.22
1,2026-09-02 14:17:00,14:17,C,37.5,35.5,29.39,36.72,56.5,28.0,0.0
1,2026-09-02 14:18:00,14:18,C,37.83,35.78,29.44,37.17,57.5,28.0,0.0
1,2026-09-02 14:19:00,14:19,C,38.06,35.94,29.44,37.11,58.17,26.0,0.0
1,2026-09-02 14:20:00,14:20,C,37.94,35.89,29.39,37.44,57.94,27.0,0.0
1,2026-09-02 14:21:00,14:21,C,37.72,35.72,29.28,37.5,57.56,25.0,0.0
1,2026-09-02 14:22:00,14:22,C,37.33,35.44,29.06,37.61,56.78,24.0,0.0
1,2026-09-02 14:23:00,14:23,C,36.67,34.78,28.28,37.28,56.39,23.0,0.0
1,2026-09-02 14:24:00,14:24,C,37.0,35.11,28.78,37.5,56.28,22.0,0.0
1,2026-09-02 14:25:00,14:25,C,37.33,35.44,29.06,37.72,56.78,21.0,0.0
1,2026-09-02 14:26:00,14:26,C,37.39,35.44,29.0,37.67,57.06,21.0,0.0
1,2026-09-02 14:27:00,14:27,C,37.61,35.67,29.17,37.83,57.39,21.0,0.0
1,2026-09-02 14:28:00,14:28,C,37.61,35.67,29.11,38.11,57.61,21.0,0.0
1,2026-09-02 14:29:00,14:29,C,37.56,35.56,28.89,37.89,57.89,21.0,0.0
1,2026-09-02 14:30:00,14:30,C,38.33,36.39,29.94,38.22,58.06,21.0,0.0
1,2026-09-02 14:31:00,14:31,C,37.83,35.94,29.67,38.22,57.0,21.0,0.0
1,2026-09-02 14:32:00,14:32,C,37.44,35.61,29.44,38.06,56.17,20.0,0.0
1,2026-09-02 14:33:00,14:33,C,36.72,35.06,28.94,38.11,54.94,21.0,0.0
1,2026-09-02 14:34:00,14:34,C,36.17,34.67,29.0,37.94,53.0,20.0,0.0
1,2026-09-02 14:35:00,14:35,C,34.78,33.56,28.39,37.5,49.72,21.0,0.0
1,2026-09-02 14:36:00,14:36,C,33.67,32.67,27.94,37.0,47.06,21.0,0.0
1,2026-09-02 14:37:00,14:37,C,32.56,31.72,27.33,36.61,44.89,21.0,0.0
1,2026-09-02 14:38:00,14:38,C,32.06,31.33,27.28,36.22,43.22,22.0,0.0
1,2026-09-02 14:39:00,14:39,C,31.67,31.11,27.33,35.94,41.94,23.0,0.0
1,2026-09-02 14:40:00,14:40,C,31.17,30.61,26.94,35.61,41.11,24.0,0.0
1,2026-09-02 14:41:00,14:41,C,30.89,30.39,26.89,35.44,40.22,26.0,0.0
1,2026-09-02 14:42:00,14:42,C,30.89,30.44,27.17,35.33,39.72,26.0,0.0
1,2026-09-02 14:43:00,14:43,C,30.67,30.28,27.0,35.11,39.33,26.0,0.0
1,2026-09-02 14:44:00,14:44,C,30.44,30.06,26.89,34.94,38.78,27.0,0.0
1,2026-09-02 14:45:00,14:45,C,30.39,30.06,27.0,34.94,38.39,28.0,0.0
1,2026-09-02 14:46:00,14:46,C,30.17,29.83,26.83,34.83,38.0,28.0,0.0
1,2026-09-02 14:47:00,14:47,C,29.94,29.61,26.67,34.67,37.61,29.0,0.0
1,2026-09-02 14:48:00,14:48,C,30.0,29.72,26.89,34.61,37.33,30.0,34.44
1,2026-09-02 14:49:00,14:49,C,29.89,29.67,26.89,34.5,37.06,30.0,34.44
1,2026-09-02 14:50:00,14:50,C,29.89,29.61,26.89,34.39,36.89,31.0,35.0
1,2026-09-02 14:51:00,14:51,C,29.94,29.67,27.0,34.39,36.83,31.0,35.0
1,2026-09-02 14:52:00,14:52,C,29.94,29.72,27.0,34.39,36.94,32.0,35.0
1,2026-09-02 14:53:00,14:53,C,29.78,29.5,26.67,34.33,37.06,31.0,35.0
1,2026-09-02 14:54:00,14:54,C,29.89,29.67,26.89,34.33,37.06,33.0,35.0
1,2026-09-02 14:55:00,14:55,C,30.11,29.78,27.06,34.28,37.28,34.0,35.56
1,2026-09-02 14:56:00,14:56,C,30.17,29.83,27.06,34.22,37.44,34.0,35.56
1,2026-09-02 14:57:00,14:57,C,30.17,29.83,27.0,34.17,37.72,35.0,35.0
1,2026-09-02 14:58:00,14:58,C,30.5,30.11,27.28,34.22,38.06,35.0,35.56
1,2026-09-02 14:59:00,14:59,C,30.5,30.06,27.11,34.17,38.5,34.0,35.56
1,2026-09-02 15:00:00,15:00,C,30.44,30.0,26.89,34.11,38.83,34.0,34.44
1,2026-09-02 15:01:00,15:01,C,30.72,30.22,27.11,34.22,39.17,35.0,35.56
1,2026-09-02 15:02:00,15:02,C,32.33,31.61,28.22,34.72,42.0,35.0,35.56
1,2026-09-02 15:03:00,15:03,C,34.06,32.94,28.72,35.22,46.61,34.0,36.11
1,2026-09-02 15:04:00,15:04,C,35.33,33.89,28.94,35.72,50.28,33.0,37.22
1,2026-09-02 15:05:00,15:05,C,36.33,34.72,29.33,36.28,52.83,31.0,37.22
1,2026-09-02 15:06:00,15:06,C,36.89,35.11,29.44,36.78,54.33,29.0,0.0
1,2026-09-02 15:07:00,15:07,C,37.22,35.39,29.56,37.06,55.22,32.0,39.44
1,2026-09-02 15:08:00,15:08,C,37.5,35.61,29.56,37.28,56.11,26.0,0.0
1,2026-09-02 15:09:00,15:09,C,37.5,35.56,29.22,37.39,56.83,26.0,0.0
1,2026-09-02 15:10:00,15:10,C,37.72,35.78,29.56,37.67,56.78,25.0,0.0
1,2026-09-02 15:11:00,15:11,C,38.17,36.28,30.06,38.06,57.22,25.0,0.0
1,2026-09-02 15:12:00,15:12,C,38.0,36.06,29.67,38.06,57.56,24.0,0.0
1,2026-09-02 15:13:00,15:13,C,36.94,35.28,29.28,37.83,55.0,23.0,0.0
1,2026-09-02 15:14:00,15:14,C,36.33,34.78,29.22,37.78,52.94,23.0,0.0
1,2026-09-02 15:15:00,15:15,C,35.0,33.67,28.44,37.28,50.33,24.0,0.0
1,2026-09-02 15:16:00,15:16,C,33.56,32.5,27.89,36.61,46.83,25.0,0.0
1,2026-09-02 15:17:00,15:17,C,32.78,31.94,27.89,36.28,44.22,25.0,0.0
1,2026-09-02 15:18:00,15:18,C,32.0,31.39,27.61,36.0,42.39,27.0,0.0
1,2026-09-02 15:19:00,15:19,C,31.56,30.94,27.39,35.61,41.28,26.0,0.0
1,2026-09-02 15:20:00,15:20,C,31.17,30.67,27.22,35.44,40.5,27.0,0.0
1,2026-09-02 15:21:00,15:21,C,31.78,31.28,27.94,35.67,40.83,28.0,0.0
1,2026-09-02 15:22:00,15:22,C,32.11,31.39,27.67,35.44,42.56,29.0,0.0
1,2026-09-02 15:23:00,15:23,C,31.94,31.22,27.33,35.33,42.83,28.0,0.0
1,2026-09-02 15:24:00,15:24,C,32.0,31.28,27.39,35.33,42.89,29.0,0.0
1,2026-09-02 15:25:00,15:25,C,32.06,31.33,27.56,35.28,42.61,29.0,0.0
1,2026-09-02 15:26:00,15:26,C,31.67,30.94,27.22,35.17,42.11,29.0,0.0
1,2026-09-02 15:27:00,15:27,C,31.44,30.83,27.17,35.28,41.44,31.0,35.56
1,2026-09-02 15:28:00,15:28,C,31.11,30.56,27.0,35.22,40.72,29.0,0.0
1,2026-09-02 15:29:00,15:29,C,30.56,30.06,26.61,35.11,39.83,30.0,35.56
1,2026-09-02 15:30:00,15:30,C,30.5,30.11,26.83,35.11,39.17,30.0,35.56
1,2026-09-02 15:31:00,15:31,C,30.44,30.11,27.0,35.11,38.56,31.0,35.56
1,2026-09-02 15:32:00,15:32,C,30.44,30.11,27.17,35.06,38.17,36.0,36.67
1,2026-09-02 15:33:00,15:33,C,30.44,30.17,27.28,34.94,37.89,32.0,36.11
1,2026-09-02 15:34:00,15:34,C,29.94,29.67,26.67,34.78,37.67,31.0,35.56
1,2026-09-02 15:35:00,15:35,C,29.61,29.33,26.33,34.67,37.39,32.0,35.0
1,2026-09-02 15:36:00,15:36,C,29.67,29.44,26.5,34.61,37.17,32.0,35.0
1,2026-09-02 15:37:00,15:37,C,29.5,29.22,26.33,34.33,36.89,33.0,35.0
1,2026-09-02 15:38:00,15:38,C,29.44,29.22,26.44,34.28,36.61,36.0,36.11
1,2026-09-02 15:39:00,15:39,C,29.22,29.0,26.17,34.11,36.44,34.0,34.44
1,2026-09-02 15:40:00,15:40,C,29.44,29.22,26.56,34.0,36.33,37.0,35.0
1,2026-09-02 15:41:00,15:41,C,29.5,29.22,26.56,33.94,36.39,36.0,35.0
1,2026-09-02 15:42:00,15:42,C,29.33,29.11,26.33,33.89,36.44,35.0,35.0
1,2026-09-02 15:43:00,15:43,C,29.33,29.06,26.28,33.89,36.5,38.0,35.56
1,2026-09-02 15:44:00,15:44,C,29.72,29.5,26.89,33.83,36.5,40.0,36.11
1,2026-09-02 15:45:00,15:45,C,29.78,29.56,27.0,33.78,36.39,38.0,35.56
1,2026-09-02 15:46:00,15:46,C,29.67,29.39,26.89,33.61,36.17,39.0,35.56
1,2026-09-02 15:47:00,15:47,C,29.67,29.44,27.0,33.61,35.94,40.0,35.0
1,2026-09-02 15:48:00,15:48,C,29.5,29.28,26.89,33.44,35.67,42.0,35.56
1,2026-09-02 15:49:00,15:49,C,29.39,29.17,26.83,33.39,35.44,41.0,35.0
1,2026-09-02 15:50:00,15:50,C,29.44,29.22,26.94,33.22,35.33,44.0,36.11
1,2026-09-02 15:51:00,15:51,C,29.44,29.22,27.0,33.22,35.17,44.0,36.11
1,2026-09-02 15:52:00,15:52,C,29.61,29.44,27.28,33.11,35.22,44.0,36.11
1,2026-09-02 15:53:00,15:53,C,29.83,29.61,27.56,33.06,35.22,46.0,35.56
1,2026-09-02 15:54:00,15:54,C,29.89,29.67,27.61,32.94,35.28,47.0,35.56
1,2026-09-02 15:55:00,15:55,C,29.89,29.67,27.61,32.78,35.33,45.0,35.0
1,2026-09-02 15:56:00,15:56,C,29.83,29.56,27.5,32.72,35.28,48.0,36.11
1,2026-09-02 15:57:00,15:57,C,29.72,29.44,27.39,32.61,35.17,46.0,35.56
1,2026-09-02 15:58:00,15:58,C,29.39,29.17,27.0,32.56,35.06,46.0,35.56
1,2026-09-02 15:59:00,15:59,C,29.22,29.0,26.83,32.5,34.89,46.0,34.44
1,2026-09-02 16:00:00,16:00,C,29.17,28.94,26.78,32.44,34.78,46.0,34.44
1,2026-09-02 16:01:00,16:01,C,29.22,29.0,26.89,32.39,34.72,47.0,34.44
1,2026-09-02 16:02:00,16:02,C,29.28,29.06,27.0,32.33,34.72,47.0,34.44
1,2026-09-02 16:03:00,16:03,C,29.33,29.11,27.06,32.33,34.78,48.0,35.0
1,2026-09-02 16:04:00,16:04,C,29.39,29.11,27.0,32.33,35.06,47.0,34.44
1,2026-09-02 16:05:00,16:05,C,29.44,29.17,27.0,32.33,35.28,47.0,34.44
1,2026-09-02 16:06:00,16:06,C,29.44,29.11,26.83,32.39,35.61,47.0,34.44
1,2026-09-02 16:07:00,16:07,C,29.89,29.5,27.22,32.61,36.17,48.0,36.11
1,2026-09-02 16:08:00,16:08,C,31.28,30.67,27.94,33.0,39.06,45.0,35.0
1,2026-09-02 16:09:00,16:09,C,32.44,31.5,28.11,33.39,42.56,44.0,36.11
1,2026-09-02 16:10:00,16:10,C,33.44,32.28,28.39,33.72,45.28,44.0,37.22
1,2026-09-02 16:11:00,16:11,C,34.0,32.67,28.44,34.06,47.0,45.0,37.22
1,2026-09-02 16:12:00,16:12,C,34.39,33.06,28.72,34.28,47.78,42.0,37.78
1,2026-09-02 16:13:00,16:13,C,34.06,32.72,28.22,34.39,47.78,36.0,36.11
1,2026-09-02 16:14:00,16:14,C,33.83,32.56,28.11,34.61,47.33,39.0,36.67
1,2026-09-02 16:15:00,16:15,C,33.94,32.72,28.33,34.67,47.17,39.0,36.67
1,2026-09-02 16:16:00,16:16,C,33.89,32.67,28.28,34.67,47.06,38.0,36.67
1,2026-09-02 16:17:00,16:17,C,34.06,32.83,28.61,34.78,46.78,36.0,36.67
1,2026-09-02 16:18:00,16:18,C,33.67,32.5,28.28,34.78,46.33,38.0,37.22
1,2026-09-02 16:19:00,16:19,C,33.72,32.67,28.56,35.0,45.94,36.0,36.67
1,2026-09-02 16:20:00,16:20,C,33.72,32.61,28.5,35.0,46.06,37.0,37.22
1,2026-09-02 16:21:00,16:21,C,33.39,32.33,28.22,34.78,45.61,34.0,36.11
1,2026-09-02 16:22:00,16:22,C,32.72,31.72,27.56,34.78,44.83,33.0,36.11
1,2026-09-02 16:23:00,16:23,C,32.5,31.5,27.33,34.83,44.56,34.0,36.11
1,2026-09-02 16:24:00,16:24,C,32.5,31.56,27.56,34.61,44.17,37.0,36.11
1,2026-09-02 16:25:00,16:25,C,31.67,30.83,26.94,34.44,42.78,32.0,35.0
1,2026-09-02 16:26:00,16:26,C,31.28,30.56,26.72,34.5,42.06,32.0,35.0
1,2026-09-02 16:27:00,16:27,C,31.06,30.33,26.56,34.61,41.67,32.0,35.0
1,2026-09-02 16:28:00,16:28,C,31.39,30.67,27.0,34.61,41.67,35.0,35.56
1,2026-09-02 16:29:00,16:29,C,31.5,30.78,27.17,34.61,41.72,36.0,36.11
1,2026-09-02 16:30:00,16:30,C,31.67,30.94,27.39,34.61,41.67,36.0,36.11
1,2026-09-02 16:31:00,16:31,C,31.94,31.22,27.72,34.67,41.83,36.0,36.11
1,2026-09-02 16:32:00,16:32,C,31.72,31.06,27.5,34.61,41.72,37.0,36.11
1,2026-09-02 16:33:00,16:33,C,31.44,30.78,27.28,34.61,41.33,35.0,35.56
1,2026-09-02 16:34:00,16:34,C,31.5,30.83,27.33,34.78,41.28,38.0,37.22
1,2026-09-02 16:35:00,16:35,C,31.78,31.11,27.67,34.94,41.39,35.0,36.67
1,2026-09-02 16:36:00,16:36,C,31.61,31.0,27.5,35.06,41.33,34.0,36.11
1,2026-09-02 16:37:00,16:37,C,31.06,30.44,26.78,35.0,41.06,32.0,36.11
1,2026-09-02 16:38:00,16:38,C,30.72,30.17,26.5,35.0,40.61,32.0,36.11
1,2026-09-02 16:39:00,16:39,C,30.39,29.83,26.22,34.94,40.11,32.0,36.11
1,2026-09-02 16:40:00,16:40,C,30.67,30.17,26.61,35.11,40.17,33.0,36.11
1,2026-09-02 16:41:00,16:41,C,30.78,30.28,26.67,35.11,40.5,34.0,36.11
1,2026-09-02 16:42:00,16:42,C,30.44,29.94,26.33,35.11,40.11,34.0,36.11
1,2026-09-02 16:43:00,16:43,C,30.39,29.94,26.5,34.94,39.56,34.0,36.11
1,2026-09-02 16:44:00,16:44,C,30.22,29.83,26.5,35.0,38.94,33.0,36.11
1,2026-09-02 16:45:00,16:45,C,30.5,30.11,27.0,34.94,38.72,34.0,36.11
1,2026-09-02 16:46:00,16:46,C,30.17,29.78,26.67,34.83,38.33,34.0,36.11
1,2026-09-02 16:47:00,16:47,C,30.28,29.94,26.94,34.89,38.11,36.0,36.67
1,2026-09-02 16:48:00,16:48,C,30.28,29.94,26.94,34.89,38.17,36.0,36.67
1,2026-09-02 16:49:00,16:49,C,30.39,30.06,27.0,34.94,38.39,35.0,36.67
1,2026-09-02 16:50:00,16:50,C,30.39,30.0,26.83,34.94,38.72,35.0,36.67
1,2026-09-02 16:51:00,16:51,C,30.67,30.28,27.17,35.06,38.94,36.0,36.67
1,2026-09-02 16:52:00,16:52,C,31.11,30.72,27.61,35.17,39.44,36.0,36.67
1,2026-09-02 16:53:00,16:53,C,31.39,30.89,27.61,35.28,40.22,35.0,36.67
1,2026-09-02 16:54:00,16:54,C,31.28,30.72,27.28,35.28,40.72,33.0,36.11
1,2026-09-02 16:55:00,16:55,C,30.72,30.22,26.61,35.28,40.44,33.0,36.11
1,2026-09-02 16:56:00,16:56,C,30.94,30.44,27.0,35.39,40.28,34.0,37.22
1,2026-09-02 16:57:00,16:57,C,31.0,30.5,27.06,35.44,40.28,34.0,37.22
1,2026-09-02 16:58:00,16:58,C,30.72,30.28,26.72,35.44,40.17,34.0,37.22
1,2026-09-02 16:59:00,16:59,C,30.83,30.33,26.89,35.44,40.06,34.0,37.22
1,2026-09-02 17:00:00,17:00,C,30.61,30.17,26.67,35.44,39.94,33.0,37.22
1,2026-09-02 17:01:00,17:01,C,30.83,30.33,26.83,35.5,40.17,33.0,37.22
1,2026-09-02 17:02:00,17:02,C,30.94,30.44,26.83,35.5,40.61,34.0,37.22
1,2026-09-02 17:03:00,17:03,C,30.72,30.17,26.39,35.33,40.89,33.0,37.22
1,2026-09-02 17:04:00,17:04,C,30.61,30.06,26.28,35.33,40.72,33.0,37.22
1,2026-09-02 17:05:00,17:05,C,30.56,30.06,26.33,35.33,40.44,33.0,37.22
1,2026-09-02 17:06:00,17:06,C,30.78,30.28,26.72,35.44,40.28,33.0,37.22
1,2026-09-02 17:07:00,17:07,C,30.56,30.06,26.44,35.44,40.22,33.0,37.22
1,2026-09-02 17:08:00,17:08,C,30.44,29.94,26.33,35.33,40.06,32.0,36.67
1,2026-09-02 17:09:00,17:09,C,30.5,30.06,26.5,35.39,39.83,32.0,36.67
1,2026-09-02 17:10:00,17:10,C,30.56,30.06,26.56,35.39,39.89,33.0,37.22
1,2026-09-02 17:11:00,17:11,C,30.5,30.0,26.5,35.33,39.83,34.0,37.22
1,2026-09-02 17:12:00,17:12,C,30.39,29.94,26.39,35.39,39.72,33.0,37.22
1,2026-09-02 17:13:00,17:13,C,30.33,29.89,26.33,35.33,39.72,32.0,36.67
1,2026-09-02 17:14:00,17:14,C,30.39,30.0,26.5,35.33,39.61,33.0,37.22
1,2026-09-02 17:15:00,17:15,C,30.11,29.72,26.17,35.28,39.44,33.0,36.11
1,2026-09-02 17:16:00,17:16,C,30.11,29.72,26.28,35.28,39.17,33.0,36.11
1,2026-09-02 17:17:00,17:17,C,30.06,29.67,26.22,35.17,39.06,32.0,36.11
1,2026-09-02 17:18:00,17:18,C,29.83,29.44,26.0,35.11,38.89,33.0,36.11
1,2026-09-02 17:19:00,17:19,C,30.06,29.67,26.28,35.17,38.89,32.0,36.11
1,2026-09-02 17:20:00,17:20,C,30.0,29.61,26.22,35.11,38.94,34.0,36.11
1,2026-09-02 17:21:00,17:21,C,30.06,29.67,26.33,35.11,38.78,34.0,36.11
1,2026-09-02 17:22:00,17:22,C,29.89,29.5,26.17,35.0,38.61,35.0,36.67
1,2026-09-02 17:23:00,17:23,C,29.67,29.33,26.06,35.0,38.22,34.0,36.11
1,2026-09-02 17:24:00,17:24,C,29.67,29.33,26.06,34.94,38.17,35.0,36.67
1,2026-09-02 17:25:00,17:25,C,29.56,29.28,26.0,34.94,37.94,34.0,36.11
1,2026-09-02 17:26:00,17:26,C,29.61,29.28,26.06,34.94,37.94,34.0,36.11
1,2026-09-02 17:27:00,17:27,C,29.72,29.44,26.22,35.0,38.06,35.0,36.67
1,2026-09-02 17:28:00,17:28,C,30.0,29.67,26.5,35.11,38.28,35.0,36.67
1,2026-09-02 17:29:00,17:29,C,29.94,29.61,26.33,35.11,38.5,35.0,36.67
1,2026-09-02 17:30:00,17:30,C,29.94,29.61,26.28,35.11,38.67,35.0,36.67
1,2026-09-02 17:31:00,17:31,C,30.39,30.06,26.83,35.17,38.78,35.0,36.67
1,2026-09-02 17:32:00,17:32,C,30.5,30.11,26.89,35.28,38.94,36.0,36.67
1,2026-09-02 17:33:00,17:33,C,30.28,29.89,26.56,35.17,39.0,36.0,36.67
1,2026-09-02 17:34:00,17:34,C,30.17,29.78,26.5,35.11,38.78,36.0,36.67
1,2026-09-02 17:35:00,17:35,C,29.94,29.56,26.28,35.06,38.5,35.0,36.67
1,2026-09-02 17:36:00,17:36,C,29.83,29.5,26.17,35.06,38.44,34.0,36.11
1,2026-09-02 17:37:00,17:37,C,29.89,29.5,26.22,35.0,38.44,33.0,36.11
1,2026-09-02 17:38:00,17:38,C,29.44,29.11,25.78,35.0,38.06,35.0,36.67
1,2026-09-02 17:39:00,17:39,C,29.44,29.17,25.89,35.0,37.78,34.0,36.11
1,2026-09-02 17:40:00,17:40,C,29.33,29.06,25.83,34.94,37.61,35.0,36.67
1,2026-09-02 17:41:00,17:41,C,29.33,29.11,25.89,34.94,37.5,35.0,36.67
1,2026-09-02 17:42:00,17:42,C,29.56,29.33,26.22,34.94,37.44,37.0,37.22
1,2026-09-02 17:43:00,17:43,C,29.78,29.56,26.5,35.0,37.56,37.0,37.22
1,2026-09-02 17:44:00,17:44,C,29.83,29.56,26.5,35.0,37.72,37.0,37.22
1,2026-09-02 17:45:00,17:45,C,30.17,29.89,26.89,35.0,37.89,37.0,37.22
1,2026-09-02 17:46:00,17:46,C,30.11,29.83,26.78,35.0,38.0,37.0,37.22
1,2026-09-02 17:47:00,17:47,C,30.06,29.78,26.67,35.0,38.06,38.0,37.22
1,2026-09-02 17:48:00,17:48,C,30.28,29.94,27.0,34.94,37.94,38.0,37.22
1,2026-09-02 17:49:00,17:49,C,30.22,29.89,27.0,34.83,37.78,41.0,38.33
1,2026-09-02 17:50:00,17:50,C,30.06,29.78,26.89,34.83,37.5,38.0,37.22
1,2026-09-02 17:51:00,17:51,C,30.0,29.78,26.94,34.78,37.28,38.0,37.22
1,2026-09-02 17:52:00,17:52,C,29.56,29.33,26.39,34.78,37.11,35.0,36.67
1,2026-09-02 17:53:00,17:53,C,29.39,29.17,26.17,34.78,37.06,37.0,37.22
1,2026-09-02 17:54:00,17:54,C,29.33,29.11,26.17,34.61,36.89,38.0,36.67
1,2026-09-02 17:55:00,17:55,C,29.22,29.0,26.06,34.44,36.72,38.0,36.67
1,2026-09-02 17:56:00,17:56,C,28.94,28.78,25.83,34.39,36.33,37.0,36.11
1,2026-09-02 17:57:00,17:57,C,28.78,28.61,25.67,34.44,36.17,38.0,36.67
1,2026-09-02 17:58:00,17:58,C,28.94,28.78,25.89,34.5,36.11,36.0,36.11
1,2026-09-02 17:59:00,17:59,C,28.83,28.67,25.78,34.44,36.06,39.0,36.67
1,2026-09-02 18:00:00,18:00,C,28.72,28.61,25.72,34.39,35.89,37.0,36.11
1,2026-09-02 18:01:00,18:01,C,28.83,28.67,25.89,34.39,35.72,38.0,36.67
1,2026-09-02 18:02:00,18:02,C,28.94,28.83,26.11,34.39,35.72,38.0,36.67
1,2026-09-02 18:03:00,18:03,C,28.61,28.5,25.72,34.39,35.5,37.0,36.11
1,2026-09-02 18:04:00,18:04,C,28.39,28.28,25.39,34.39,35.39,37.0,36.11
1,2026-09-02 18:05:00,18:05,C,28.5,28.39,25.61,34.28,35.28,39.0,36.67
1,2026-09-02 18:06:00,18:06,C,28.44,28.39,25.67,34.11,35.06,40.0,36.11
1,2026-09-02 18:07:00,18:07,C,28.56,28.5,25.94,33.89,34.78,40.0,36.11
1,2026-09-02 18:08:00,18:08,C,28.67,28.61,26.17,33.83,34.56,41.0,36.11
1,2026-09-02 18:09:00,18:09,C,28.67,28.56,26.17,33.72,34.5,40.0,36.11
1,2026-09-02 18:10:00,18:10,C,28.72,28.61,26.22,33.61,34.56,40.0,36.11
1,2026-09-02 18:11:00,18:11,C,28.56,28.44,26.0,33.61,34.67,40.0,36.11
1,2026-09-02 18:12:00,18:12,C,28.5,28.39,25.83,33.67,34.78,39.0,35.56
1,2026-09-02 18:13:00,18:13,C,28.56,28.44,25.83,33.72,34.94,39.0,35.56
1,2026-09-02 18:14:00,18:14,C,28.61,28.44,25.83,33.78,35.11,39.0,35.56
1,2026-09-02 18:15:00,18:15,C,28.78,28.61,26.0,33.78,35.28,40.0,36.11
1,2026-09-02 18:16:00,18:16,C,28.61,28.44,25.78,33.78,35.28,39.0,35.56
1,2026-09-02 18:17:00,18:17,C,28.67,28.5,25.78,33.83,35.44,40.0,36.11
1,2026-09-02 18:18:00,18:18,C,28.67,28.5,25.72,33.83,35.61,41.0,36.11
1,2026-09-02 18:19:00,18:19,C,28.83,28.67,25.94,33.78,35.72,43.0,36.67
1,2026-09-02 18:20:00,18:20,C,29.06,28.89,26.22,33.83,35.78,40.0,36.11
1,2026-09-02 18:21:00,18:21,C,29.06,28.83,26.06,33.89,36.06,41.0,36.11
1,2026-09-02 18:22:00,18:22,C,28.78,28.56,25.61,34.06,36.17,37.0,35.0
1,2026-09-02 18:23:00,18:23,C,28.39,28.22,25.11,34.28,36.11,37.0,36.11
1,2026-09-02 18:24:00,18:24,C,28.67,28.5,25.5,34.28,36.17,39.0,36.67
1,2026-09-02 18:25:00,18:25,C,28.78,28.56,25.61,34.28,36.22,37.0,36.11
1,2026-09-02 18:26:00,18:26,C,28.78,28.61,25.61,34.39,36.28,37.0,36.11
1,2026-09-02 18:27:00,18:27,C,28.94,28.78,25.78,34.44,36.44,36.0,36.11
1,2026-09-02 18:28:00,18:28,C,28.78,28.61,25.5,34.5,36.56,36.0,36.11
1,2026-09-02 18:29:00,18:29,C,28.89,28.67,25.61,34.39,36.67,39.0,36.67
1,2026-09-02 18:30:00,18:30,C,29.06,28.83,25.89,34.28,36.5,39.0,36.67
1,2026-09-02 18:31:00,18:31,C,29.11,28.89,26.06,34.22,36.39,40.0,37.22
1,2026-09-02 18:32:00,18:32,C,29.17,28.94,26.11,34.11,36.33,42.0,36.67
1,2026-09-02 18:33:00,18:33,C,29.11,28.89,26.11,34.11,36.22,43.0,36.67
1,2026-09-02 18:34:00,18:34,C,29.22,29.06,26.33,34.0,36.11,41.0,36.11
1,2026-09-02 18:35:00,18:35,C,29.28,29.11,26.5,33.94,35.89,42.0,36.67
1,2026-09-02 18:36:00,18:36,C,29.22,29.0,26.39,33.89,35.83,41.0,36.11
1,2026-09-02 18:37:00,18:37,C,29.06,28.89,26.22,33.89,35.72,41.0,36.11
1,2026-09-02 18:38:00,18:38,C,28.89,28.72,26.0,33.78,35.72,43.0,36.67
1,2026-09-02 18:39:00,18:39,C,28.89,28.67,26.0,33.78,35.67,42.0,36.67
1,2026-09-02 18:40:00,18:40,C,29.11,28.94,26.33,33.78,35.72,42.0,36.67
1,2026-09-02 18:41:00,18:41,C,28.78,28.61,25.83,34.06,35.78,39.0,35.56
1,2026-09-02 18:42:00,18:42,C,28.78,28.56,25.72,34.11,35.94,40.0,36.11
1,2026-09-02 18:43:00,18:43,C,29.0,28.83,26.06,34.11,35.94,40.0,36.11
1,2026-09-02 18:44:00,18:44,C,29.0,28.83,26.06,34.06,35.94,43.0,36.67
1,2026-09-02 18:45:00,18:45,C,29.17,29.0,26.39,34.0,35.78,43.0,36.67
1,2026-09-02 18:46:00,18:46,C,29.22,29.06,26.5,33.89,35.72,43.0,36.67
1,2026-09-02 18:47:00,18:47,C,29.33,29.17,26.67,33.78,35.61,43.0,36.67
1,2026-09-02 18:48:00,18:48,C,29.33,29.11,26.67,33.78,35.56,43.0,36.67
1,2026-09-02 18:49:00,18:49,C,29.33,29.11,26.67,33.61,35.56,45.0,37.22
1,2026-09-02 18:50:00,18:50,C,29.22,29.06,26.61,33.61,35.33,43.0,36.67
1,2026-09-02 18:51:00,18:51,C,29.22,29.11,26.72,33.61,35.22,43.0,35.56
1,2026-09-02 18:52:00,18:52,C,29.17,29.0,26.67,33.61,35.11,43.0,35.56
1,2026-09-02 18:53:00,18:53,C,29.06,28.94,26.56,33.56,35.0,41.0,35.0
1,2026-09-02 18:54:00,18:54,C,28.83,28.72,26.33,33.56,34.78,43.0,35.56
1,2026-09-02 18:55:00,18:55,C,28.5,28.44,26.0,33.44,34.5,42.0,35.56
1,2026-09-02 18:56:00,18:56,C,28.39,28.28,25.94,33.33,34.17,43.0,35.56
1,2026-09-02 18:57:00,18:57,C,28.33,28.28,26.06,33.28,33.78,43.0,35.56
1,2026-09-02 18:58:00,18:58,C,28.22,28.22,26.0,33.22,33.56,43.0,35.56
1,2026-09-02 18:59:00,18:59,C,28.22,28.22,26.06,33.17,33.39,44.0,36.11
1,2026-09-02 19:00:00,19:00,C,28.0,28.0,25.78,33.06,33.28,44.0,35.0
1,2026-09-02 19:01:00,19:01,C,28.0,28.0,25.89,32.94,33.06,45.0,35.0
1,2026-09-02 19:02:00,19:02,C,28.06,28.06,26.0,32.89,32.89,45.0,35.0
1,2026-09-02 19:03:00,19:03,C,28.06,28.06,26.06,32.83,32.89,46.0,35.56
1,2026-09-02 19:04:00,19:04,C,28.0,28.0,25.94,32.78,32.83,45.0,35.0
1,2026-09-02 19:05:00,19:05,C,27.94,27.94,25.94,32.67,32.72,46.0,35.56
1,2026-09-02 19:06:00,19:06,C,27.94,27.94,26.0,32.61,32.61,46.0,35.56
1,2026-09-02 19:07:00,19:07,C,27.83,27.83,25.83,32.56,32.56,47.0,35.56
1,2026-09-02 19:08:00,19:08,C,27.83,27.83,25.89,32.5,32.44,47.0,34.44
1,2026-09-02 19:09:00,19:09,C,27.72,27.72,25.78,32.44,32.33,48.0,35.0
1,2026-09-02 19:10:00,19:10,C,27.72,27.72,25.83,32.39,32.22,48.0,35.0
1,2026-09-02 19:11:00,19:11,C,27.67,27.72,25.78,32.33,32.22,47.0,34.44
1,2026-09-02 19:12:00,19:12,C,27.56,27.56,25.61,32.33,32.22,47.0,34.44
1,2026-09-02 19:13:00,19:13,C,27.56,27.56,25.61,32.28,32.17,47.0,34.44
1,2026-09-02 19:14:00,19:14,C,27.56,27.56,25.61,32.22,32.17,47.0,34.44
1,2026-09-02 19:15:00,19:15,C,27.56,27.61,25.67,32.22,32.11,48.0,35.0
1,2026-09-02 19:16:00,19:16,C,27.56,27.56,25.61,32.22,32.11,48.0,35.0
1,2026-09-02 19:17:00,19:17,C,27.44,27.44,25.5,32.22,32.11,48.0,35.0
1,2026-09-02 19:18:00,19:18,C,27.44,27.44,25.5,32.17,32.06,48.0,35.0
1,2026-09-02 19:19:00,19:19,C,27.44,27.44,25.5,32.17,32.0,48.0,35.0
1,2026-09-02 19:20:00,19:20,C,27.39,27.39,25.44,32.17,32.0,48.0,35.0
1,2026-09-02 19:21:00,19:21,C,27.39,27.44,25.5,32.06,31.94,47.0,34.44
1,2026-09-02 19:22:00,19:22,C,27.5,27.5,25.67,32.06,31.89,47.0,34.44
1,2026-09-02 19:23:00,19:23,C,27.56,27.56,25.72,32.06,31.83,47.0,34.44
1,2026-09-02 19:24:00,19:24,C,27.56,27.61,25.78,32.0,31.83,48.0,35.0
1,2026-09-02 19:25:00,19:25,C,27.44,27.5,25.67,31.94,31.72,47.0,34.44
1,2026-09-02 19:26:00,19:26,C,27.44,27.44,25.61,31.89,31.72,48.0,33.89
1,2026-09-02 19:27:00,19:27,C,27.33,27.33,25.5,31.89,31.67,48.0,33.89
1,2026-09-02 19:28:00,19:28,C,27.28,27.33,25.5,31.83,31.56,48.0,33.89
1,2026-09-02 19:29:00,19:29,C,27.33,27.33,25.56,31.72,31.5,49.0,33.89
1,2026-09-02 19:30:00,19:30,C,27.33,27.33,25.56,31.72,31.5,48.0,33.89
1,2026-09-02 19:31:00,19:31,C,27.39,27.39,25.67,31.67,31.5,49.0,33.89
1,2026-09-02 19:32:00,19:32,C,27.39,27.39,25.67,31.61,31.44,50.0,34.44
1,2026-09-02 19:33:00,19:33,C,27.39,27.39,25.67,31.56,31.44,50.0,34.44
1,2026-09-02 19:34:00,19:34,C,27.39,27.39,25.72,31.5,31.39,50.0,34.44
1,2026-09-02 19:35:00,19:35,C,27.39,27.39,25.72,31.5,31.33,50.0,34.44
1,2026-09-02 19:36:00,19:36,C,27.28,27.28,25.61,31.44,31.28,50.0,34.44
1,2026-09-02 19:37:00,19:37,C,27.28,27.28,25.61,31.39,31.22,50.0,34.44
1,2026-09-02 19:38:00,19:38,C,27.22,27.22,25.56,31.33,31.22,51.0,33.33
1,2026-09-02 19:39:00,19:39,C,27.28,27.28,25.61,31.33,31.17,53.0,33.89
1,2026-09-02 19:40:00,19:40,C,27.33,27.33,25.72,31.33,31.17,54.0,33.89
1,2026-09-02 19:41:00,19:41,C,27.33,27.33,25.72,31.28,31.11,53.0,33.89
1,2026-09-02 19:42:00,19:42,C,27.22,27.22,25.56,31.22,31.11,53.0,33.89
1,2026-09-02 19:43:00,19:43,C,27.17,27.17,25.56,31.17,31.0,53.0,33.89
1,2026-09-02 19:44:00,19:44,C,27.06,27.06,25.39,31.11,30.94,53.0,33.89
1,2026-09-02 19:45:00,19:45,C,27.0,27.0,25.33,31.11,30.94,53.0,33.89
1,2026-09-02 19:46:00,19:46,C,27.06,27.06,25.44,31.0,30.83,53.0,33.89
1,2026-09-02 19:47:00,19:47,C,27.06,27.11,25.5,30.94,30.83,54.0,33.89
1,2026-09-02 19:48:00,19:48,C,27.06,27.06,25.5,30.89,30.78,55.0,34.44
1,2026-09-02 19:49:00,19:49,C,27.06,27.06,25.5,30.89,30.72,55.0,34.44
1,2026-09-02 19:50:00,19:50,C,27.0,27.0,25.44,30.83,30.67,55.0,34.44
1,2026-09-02 19:51:00,19:51,C,27.0,27.06,25.5,30.83,30.61,55.0,34.44
1,2026-09-02 19:52:00,19:52,C,27.0,27.06,25.5,30.83,30.61,56.0,34.44
1,2026-09-02 19:53:00,19:53,C,27.0,27.0,25.5,30.78,30.56,56.0,33.33
1,2026-09-02 19:54:00,19:54,C,27.0,27.0,25.5,30.78,30.5,55.0,33.33
1,2026-09-02 19:55:00,19:55,C,27.0,27.0,25.5,30.78,30.5,55.0,33.33
1,2026-09-02 19:56:00,19:56,C,26.94,26.94,25.5,30.67,30.39,55.0,33.33
1,2026-09-02 19:57:00,19:57,C,26.83,26.83,25.33,30.67,30.39,56.0,33.33
1,2026-09-02 19:58:00,19:58,C,26.94,26.94,25.5,30.67,30.39,55.0,33.33
1,2026-09-02 19:59:00,19:59,C,26.83,26.83,25.33,30.67,30.39,55.0,33.33
1,2026-09-02 20:00:00,20:00,C,26.78,26.83,25.28,30.67,30.44,56.0,33.33
1,2026-09-02 20:01:00,20:01,C,26.89,26.89,25.39,30.67,30.39,55.0,33.33
1,2026-09-02 20:02:00,20:02,C,26.94,26.94,25.5,30.61,30.33,56.0,33.33
1,2026-09-02 20:03:00,20:03,C,27.0,27.06,25.61,30.61,30.33,56.0,33.33
1,2026-09-02 20:04:00,20:04,C,26.89,26.94,25.5,30.61,30.28,56.0,33.33
1,2026-09-02 20:05:00,20:05,C,26.89,26.94,25.5,30.61,30.28,56.0,33.33
1,2026-09-02 20:06:00,20:06,C,26.89,26.89,25.44,30.56,30.28,57.0,33.89
1,2026-09-02 20:07:00,20:07,C,26.83,26.83,25.39,30.5,30.22,57.0,33.89
1,2026-09-02 20:08:00,20:08,C,26.83,26.89,25.44,30.5,30.17,57.0,33.89
1,2026-09-02 20:09:00,20:09,C,26.89,26.89,25.5,30.44,30.17,57.0,33.89
1,2026-09-02 20:10:00,20:10,C,26.89,26.89,25.5,30.44,30.17,58.0,33.89
1,2026-09-02 20:11:00,20:11,C,26.94,26.94,25.61,30.39,30.11,58.0,33.89
1,2026-09-02 20:12:00,20:12,C,27.0,27.06,25.72,30.39,30.06,58.0,33.89
1,2026-09-02 20:13:00,20:13,C,26.83,26.89,25.5,30.33,30.06,58.0,33.89
1,2026-09-02 20:14:00,20:14,C,26.72,26.78,25.33,30.33,30.06,58.0,33.89
1,2026-09-02 20:15:00,20:15,C,26.67,26.72,25.28,30.33,30.0,59.0,33.89
1,2026-09-02 20:16:00,20:16,C,26.67,26.72,25.28,30.28,30.0,60.0,33.33
1,2026-09-02 20:17:00,20:17,C,26.67,26.72,25.33,30.22,29.94,60.0,33.33
1,2026-09-02 20:18:00,20:18,C,26.78,26.83,25.5,30.17,29.83,60.0,33.33
1,2026-09-02 20:19:00,20:19,C,26.83,26.89,25.61,30.11,29.78,60.0,33.33
1,2026-09-02 20:20:00,20:20,C,26.83,26.89,25.61,30.11,29.78,60.0,33.33
1,2026-09-02 20:21:00,20:21,C,26.78,26.83,25.61,30.11,29.67,61.0,33.33
1,2026-09-02 20:22:00,20:22,C,26.72,26.78,25.5,30.0,29.67,61.0,33.33
1,2026-09-02 20:23:00,20:23,C,26.67,26.72,25.44,30.0,29.61,61.0,33.33
1,2026-09-02 20:24:00,20:24,C,26.78,26.83,25.61,29.94,29.61,61.0,33.33
1,2026-09-02 20:25:00,20:25,C,26.89,26.89,25.72,29.94,29.61,61.0,33.33
1,2026-09-02 20:26:00,20:26,C,26.83,26.83,25.67,29.89,29.61,61.0,33.33
1,2026-09-02 20:27:00,20:27,C,26.78,26.78,25.61,29.83,29.5,60.0,33.33
1,2026-09-02 20:28:00,20:28,C,26.72,26.72,25.5,29.89,29.61,60.0,33.33
1,2026-09-02 20:29:00,20:29,C,26.72,26.72,25.5,29.89,29.61,60.0,33.33
1,2026-09-02 20:30:00,20:30,C,26.72,26.78,25.56,29.89,29.61,61.0,33.33
1,2026-09-02 20:31:00,20:31,C,26.67,26.72,25.5,29.89,29.56,61.0,33.33
1,2026-09-02 20:32:00,20:32,C,26.61,26.61,25.39,29.83,29.5,62.0,33.33
1,2026-09-02 20:33:00,20:33,C,26.56,26.56,25.33,29.83,29.44,61.0,33.33
1,2026-09-02 20:34:00,20:34,C,26.56,26.61,25.39,29.78,29.39,62.0,33.33
1,2026-09-02 20:35:00,20:35,C,26.56,26.56,25.39,29.72,29.28,62.0,33.33
1,2026-09-02 20:36:00,20:36,C,26.5,26.56,25.39,29.67,29.22,62.0,32.22
1,2026-09-02 20:37:00,20:37,C,26.44,26.5,25.39,29.67,29.06,62.0,32.22
1,2026-09-02 20:38:00,20:38,C,26.44,26.5,25.33,29.61,29.06,63.0,32.78
1,2026-09-02 20:39:00,20:39,C,26.39,26.44,25.33,29.56,28.94,63.0,32.78
1,2026-09-02 20:40:00,20:40,C,26.33,26.39,25.28,29.5,28.89,63.0,32.78
1,2026-09-02 20:41:00,20:41,C,26.28,26.33,25.17,29.44,28.89,63.0,32.78
1,2026-09-02 20:42:00,20:42,C,26.11,26.17,25.0,29.39,28.78,63.0,32.78
1,2026-09-02 20:43:00,20:43,C,26.11,26.17,25.06,29.33,28.72,63.0,32.78
1,2026-09-02 20:44:00,20:44,C,26.17,26.28,25.17,29.28,28.67,64.0,32.78
1,2026-09-02 20:45:00,20:45,C,26.11,26.22,25.11,29.28,28.61,64.0,32.78
1,2026-09-02 20:46:00,20:46,C,26.11,26.22,25.11,29.22,28.61,64.0,32.78
1,2026-09-02 20:47:00,20:47,C,26.11,26.17,25.11,29.22,28.56,64.0,32.78
1,2026-09-02 20:48:00,20:48,C,26.06,26.11,25.06,29.11,28.44,65.0,31.67
1,2026-09-02 20:49:00,20:49,C,26.06,26.11,25.11,29.06,28.39,65.0,31.67
1,2026-09-02 20:50:00,20:50,C,26.06,26.11,25.11,29.0,28.39,66.0,32.22
1,2026-09-02 20:51:00,20:51,C,26.06,26.11,25.11,28.94,28.33,65.0,31.67
1,2026-09-02 20:52:00,20:52,C,26.06,26.11,25.11,28.89,28.28,66.0,32.22
1,2026-09-02 20:53:00,20:53,C,26.0,26.06,25.06,28.89,28.28,66.0,32.22
1,2026-09-02 20:54:00,20:54,C,25.94,26.0,24.94,28.89,28.28,66.0,32.22
1,2026-09-02 20:55:00,20:55,C,25.89,25.94,24.89,28.94,28.28,66.0,32.22
1,2026-09-02 20:56:00,20:56,C,25.89,25.94,24.83,28.94,28.39,66.0,32.22
1,2026-09-02 20:57:00,20:57,C,25.89,25.94,24.89,28.89,28.39,66.0,32.22
1,2026-09-02 20:58:00,20:58,C,25.94,26.0,24.94,28.89,28.28,66.0,32.22
1,2026-09-02 20:59:00,20:59,C,25.89,25.94,24.94,28.78,28.22,66.0,32.22
1,2026-09-02 21:00:00,21:00,C,25.94,26.0,25.0,28.78,28.17,66.0,32.22
1,2026-09-02 21:01:00,21:01,C,25.89,25.94,25.0,28.72,28.11,66.0,32.22
1,2026-09-02 21:02:00,21:02,C,25.89,25.94,24.94,28.61,28.11,66.0,32.22
1,2026-09-02 21:03:00,21:03,C,25.83,25.89,24.94,28.61,28.06,66.0,32.22
1,2026-09-02 21:04:00,21:04,C,25.83,25.89,24.94,28.56,28.06,66.0,31.11
1,2026-09-02 21:05:00,21:05,C,25.83,25.89,24.94,28.56,28.06,66.0,31.11
1,2026-09-02 21:06:00,21:06,C,25.78,25.83,24.83,28.56,28.06,67.0,31.11
1,2026-09-02 21:07:00,21:07,C,25.78,25.83,24.83,28.56,28.06,67.0,31.11
1,2026-09-02 21:08:00,21:08,C,25.78,25.83,24.83,28.56,28.11,67.0,31.11
1,2026-09-02 21:09:00,21:09,C,25.83,25.89,24.89,28.56,28.11,67.0,31.11
1,2026-09-02 21:10:00,21:10,C,25.89,25.89,24.94,28.56,28.11,68.0,31.11
1,2026-09-02 21:11:00,21:11,C,25.83,25.89,24.94,28.56,28.06,68.0,31.11
1,2026-09-02 21:12:00,21:12,C,25.83,25.89,24.94,28.56,28.06,68.0,31.11
1,2026-09-02 21:13:00,21:13,C,25.78,25.83,24.89,28.5,28.0,68.0,31.11
1,2026-09-02 21:14:00,21:14,C,25.78,25.83,24.89,28.5,27.94,68.0,31.11
1,2026-09-02 21:15:00,21:15,C,25.83,25.89,24.94,28.44,27.94,68.0,31.11
1,2026-09-02 21:16:00,21:16,C,25.78,25.83,24.94,28.44,27.89,69.0,31.67
1,2026-09-02 21:17:00,21:17,C,25.72,25.78,24.83,28.39,27.83,69.0,31.67
1,2026-09-02 21:18:00,21:18,C,25.67,25.72,24.78,28.39,27.78,69.0,31.67
1,2026-09-02 21:19:00,21:19,C,25.61,25.72,24.78,28.39,27.72,69.0,31.67
1,2026-09-02 21:20:00,21:20,C,25.56,25.61,24.72,28.28,27.61,69.0,31.67
1,2026-09-02 21:21:00,21:21,C,25.5,25.61,24.67,28.28,27.61,69.0,31.67
1,2026-09-02 21:22:00,21:22,C,25.5,25.56,24.67,28.22,27.56,69.0,31.67
1,2026-09-02 21:23:00,21:23,C,25.5,25.56,24.61,28.28,27.61,69.0,31.67
1,2026-09-02 21:24:00,21:24,C,25.5,25.61,24.67,28.22,27.61,70.0,31.67
1,2026-09-02 21:25:00,21:25,C,25.56,25.61,24.72,28.17,27.56,70.0,31.67
1,2026-09-02 21:26:00,21:26,C,25.56,25.61,24.72,28.11,27.5,70.0,31.67
1,2026-09-02 21:27:00,21:27,C,25.5,25.56,24.67,28.11,27.5,70.0,31.67
1,2026-09-02 21:28:00,21:28,C,25.5,25.56,24.67,28.11,27.44,70.0,31.67
1,2026-09-02 21:29:00,21:29,C,25.44,25.5,24.61,28.06,27.39,70.0,31.67
1,2026-09-02 21:30:00,21:30,C,25.44,25.5,24.67,28.06,27.39,70.0,30.56
1,2026-09-02 21:31:00,21:31,C,25.5,25.56,24.78,27.94,27.28,71.0,30.56
1,2026-09-02 21:32:00,21:32,C,25.44,25.56,24.72,27.94,27.28,70.0,30.56
1,2026-09-02 21:33:00,21:33,C,25.39,25.5,24.67,27.89,27.22,70.0,30.56
1,2026-09-02 21:34:00,21:34,C,25.39,25.44,24.61,27.94,27.22,71.0,30.56
1,2026-09-02 21:35:00,21:35,C,25.39,25.44,24.61,27.89,27.22,71.0,30.56
1,2026-09-02 21:36:00,21:36,C,25.39,25.5,24.67,27.89,27.22,71.0,30.56
1,2026-09-02 21:37:00,21:37,C,25.33,25.44,24.61,27.89,27.17,72.0,30.56
1,2026-09-02 21:38:00,21:38,C,25.33,25.44,24.61,27.89,27.17,72.0,30.56
1,2026-09-02 21:39:00,21:39,C,25.33,25.39,24.61,27.78,27.17,72.0,30.56
1,2026-09-02 21:40:00,21:40,C,25.33,25.39,24.61,27.78,27.11,73.0,31.11
1,2026-09-02 21:41:00,21:41,C,25.33,25.44,24.67,27.72,27.06,73.0,31.11
1,2026-09-02 21:42:00,21:42,C,25.33,25.39,24.61,27.72,27.06,73.0,31.11
1,2026-09-02 21:43:00,21:43,C,25.28,25.39,24.61,27.61,27.0,74.0,31.11
1,2026-09-02 21:44:00,21:44,C,25.33,25.39,24.67,27.56,26.94,74.0,31.11
1,2026-09-02 21:45:00,21:45,C,25.28,25.33,24.61,27.5,26.83,74.0,30.0
1,2026-09-02 21:46:00,21:46,C,25.22,25.28,24.61,27.44,26.78,74.0,30.0
1,2026-09-02 21:47:00,21:47,C,25.17,25.22,24.5,27.39,26.72,74.0,30.0
1,2026-09-02 21:48:00,21:48,C,25.22,25.28,24.61,27.33,26.72,74.0,30.0
1,2026-09-02 21:49:00,21:49,C,25.22,25.28,24.61,27.33,26.72,74.0,30.0
1,2026-09-02 21:50:00,21:50,C,25.22,25.28,24.61,27.33,26.72,74.0,30.0
1,2026-09-02 21:51:00,21:51,C,25.22,25.22,24.56,27.28,26.78,73.0,30.0
1,2026-09-02 21:52:00,21:52,C,25.22,25.28,24.56,27.28,26.83,73.0,30.0
1,2026-09-02 21:53:00,21:53,C,25.17,25.22,24.5,27.28,26.83,74.0,30.0
1,2026-09-02 21:54:00,21:54,C,25.17,25.22,24.5,27.28,26.83,74.0,30.0
1,2026-09-02 21:55:00,21:55,C,25.17,25.22,24.5,27.28,26.78,74.0,30.0
1,2026-09-02 21:56:00,21:56,C,25.17,25.22,24.5,27.28,26.78,74.0,30.0
1,2026-09-02 21:57:00,21:57,C,25.11,25.17,24.44,27.33,26.72,74.0,30.0
1,2026-09-02 21:58:00,21:58,C,25.17,25.22,24.5,27.28,26.72,75.0,30.0
1,2026-09-02 21:59:00,21:59,C,25.17,25.22,24.5,27.28,26.72,75.0,30.0
1,2026-09-02 22:00:00,22:00,C,25.17,25.22,24.5,27.33,26.72,75.0,30.0
1,2026-09-02 22:01:00,22:01,C,25.11,25.17,24.44,27.39,26.72,75.0,30.0
1,2026-09-02 22:02:00,22:02,C,25.11,25.17,24.44,27.39,26.72,75.0,30.0
1,2026-09-02 22:03:00,22:03,C,25.11,25.17,24.44,27.39,26.72,75.0,30.0
1,2026-09-02 22:04:00,22:04,C,25.17,25.22,24.5,27.39,26.72,76.0,30.0
1,2026-09-02 22:05:00,22:05,C,25.17,25.22,24.5,27.39,26.72,76.0,30.0
1,2026-09-02 22:06:00,22:06,C,25.17,25.22,24.5,27.39,26.72,76.0,30.0
1,2026-09-02 22:07:00,22:07,C,25.17,25.22,24.5,27.39,26.72,76.0,30.0
1,2026-09-02 22:08:00,22:08,C,25.17,25.22,24.5,27.39,26.72,76.0,30.0
1,2026-09-02 22:09:00,22:09,C,25.11,25.17,24.44,27.33,26.67,76.0,30.0
1,2026-09-02 22:10:00,22:10,C,25.11,25.17,24.44,27.33,26.67,76.0,30.0
1,2026-09-02 22:11:00,22:11,C,25.11,25.17,24.44,27.28,26.67,76.0,30.0
1,2026-09-02 22:12:00,22:12,C,25.11,25.17,24.5,27.28,26.67,76.0,30.0
1,2026-09-02 22:13:00,22:13,C,25.11,25.17,24.44,27.28,26.67,76.0,30.0
1,2026-09-02 22:14:00,22:14,C,25.06,25.11,24.44,27.22,26.61,76.0,30.0
1,2026-09-02 22:15:00,22:15,C,25.06,25.11,24.44,27.22,26.56,76.0,30.0
1,2026-09-02 22:16:00,22:16,C,25.06,25.17,24.5,27.17,26.5,77.0,30.56
1,2026-09-02 22:17:00,22:17,C,25.06,25.11,24.5,27.17,26.44,77.0,30.56
1,2026-09-02 22:18:00,22:18,C,25.06,25.11,24.5,27.11,26.44,77.0,30.56
1,2026-09-02 22:19:00,22:19,C,25.0,25.06,24.44,27.06,26.39,77.0,30.56
1,2026-09-02 22:20:00,22:20,C,25.0,25.06,24.44,27.06,26.39,77.0,30.56
1,2026-09-02 22:21:00,22:21,C,25.0,25.06,24.44,27.0,26.33,78.0,30.56
1,2026-09-02 22:22:00,22:22,C,25.0,25.06,24.44,27.0,26.33,78.0,30.56
1,2026-09-02 22:23:00,22:23,C,25.0,25.06,24.44,27.0,26.33,78.0,30.56
1,2026-09-02 22:24:00,22:24,C,25.0,25.11,24.5,27.0,26.33,78.0,30.56
1,2026-09-02 22:25:00,22:25,C,25.0,25.11,24.5,26.94,26.33,78.0,29.44
1,2026-09-02 22:26:00,22:26,C,25.0,25.06,24.5,26.89,26.28,78.0,29.44
1,2026-09-02 22:27:00,22:27,C,25.0,25.06,24.5,26.89,26.28,78.0,29.44
1,2026-09-02 22:28:00,22:28,C,25.0,25.06,24.5,26.89,26.22,78.0,29.44
1,2026-09-02 22:29:00,22:29,C,25.0,25.06,24.5,26.83,26.22,78.0,29.44
1,2026-09-02 22:30:00,22:30,C,25.0,25.06,24.5,26.83,26.22,78.0,29.44
1,2026-09-02 22:31:00,22:31,C,24.94,25.0,24.44,26.83,26.22,78.0,29.44
1,2026-09-02 22:32:00,22:32,C,24.94,25.0,24.44,26.83,26.22,79.0,29.44
1,2026-09-02 22:33:00,22:33,C,24.94,25.0,24.44,26.83,26.22,79.0,29.44
1,2026-09-02 22:34:00,22:34,C,24.94,25.0,24.44,26.83,26.22,79.0,29.44
1,2026-09-02 22:35:00,22:35,C,24.94,25.0,24.44,26.83,26.22,79.0,29.44
1,2026-09-02 22:36:00,22:36,C,24.94,25.0,24.44,26.83,26.17,79.0,29.44
1,2026-09-02 22:37:00,22:37,C,24.94,25.0,24.44,26.78,26.17,79.0,29.44
1,2026-09-02 22:38:00,22:38,C,24.94,25.0,24.44,26.72,26.17,79.0,29.44
1,2026-09-02 22:39:00,22:39,C,24.94,25.0,24.44,26.72,26.17,79.0,29.44
1,2026-09-02 22:40:00,22:40,C,24.89,24.94,24.39,26.72,26.11,79.0,29.44
1,2026-09-02 22:41:00,22:41,C,24.89,24.94,24.39,26.72,26.17,79.0,29.44
1,2026-09-02 22:42:00,22:42,C,24.83,24.94,24.33,26.78,26.17,79.0,29.44
1,2026-09-02 22:43:00,22:43,C,24.83,24.89,24.33,26.72,26.17,79.0,29.44
1,2026-09-02 22:44:00,22:44,C,24.83,24.94,24.33,26.78,26.17,80.0,29.44
1,2026-09-02 22:45:00,22:45,C,24.83,24.89,24.33,26.72,26.11,80.0,29.44
1,2026-09-02 22:46:00,22:46,C,24.83,24.89,24.33,26.72,26.11,80.0,29.44
1,2026-09-02 22:47:00,22:47,C,24.78,24.89,24.28,26.72,26.11,79.0,29.44
1,2026-09-02 22:48:00,22:48,C,24.83,24.89,24.33,26.67,26.06,79.0,29.44
1,2026-09-02 22:49:00,22:49,C,24.78,24.83,24.28,26.67,26.06,80.0,29.44
1,2026-09-02 22:50:00,22:50,C,24.78,24.83,24.28,26.67,26.0,80.0,29.44
1,2026-09-02 22:51:00,22:51,C,24.78,24.83,24.28,26.67,26.0,80.0,29.44
1,2026-09-02 22:52:00,22:52,C,24.78,24.83,24.28,26.67,26.0,81.0,30.0
1,2026-09-02 22:53:00,22:53,C,24.83,24.89,24.33,26.61,26.0,81.0,30.0
1,2026-09-02 22:54:00,22:54,C,24.83,24.89,24.33,26.56,26.0,81.0,30.0
1,2026-09-02 22:55:00,22:55,C,24.83,24.89,24.39,26.56,26.0,81.0,30.0
1,2026-09-02 22:56:00,22:56,C,24.83,24.89,24.39,26.56,25.94,81.0,30.0
1,2026-09-02 22:57:00,22:57,C,24.78,24.83,24.33,26.56,25.89,81.0,30.0
1,2026-09-02 22:58:00,22:58,C,24.78,24.83,24.33,26.5,25.89,82.0,30.0
1,2026-09-02 22:59:00,22:59,C,24.78,24.83,24.33,26.5,25.89,81.0,30.0
1,2026-09-02 23:00:00,23:00,C,24.78,24.83,24.33,26.5,25.89,81.0,30.0
1,2026-09-02 23:01:00,23:01,C,24.72,24.78,24.28,26.5,25.83,81.0,30.0
1,2026-09-02 23:02:00,23:02,C,24.72,24.78,24.28,26.44,25.83,81.0,30.0
1,2026-09-02 23:03:00,23:03,C,24.67,24.78,24.28,26.39,25.72,81.0,30.0
1,2026-09-02 23:04:00,23:04,C,24.67,24.72,24.28,26.33,25.72,81.0,28.33
1,2026-09-02 23:05:00,23:05,C,24.67,24.72,24.28,26.33,25.72,81.0,28.33
1,2026-09-02 23:06:00,23:06,C,24.67,24.72,24.28,26.33,25.72,81.0,28.33
1,2026-09-02 23:07:00,23:07,C,24.67,24.72,24.22,26.33,25.72,81.0,28.33
1,2026-09-02 23:08:00,23:08,C,24.61,24.67,24.17,26.33,25.72,81.0,28.33
1,2026-09-02 23:09:00,23:09,C,24.56,24.61,24.11,26.33,25.72,80.0,28.33
1,2026-09-02 23:10:00,23:10,C,24.56,24.61,24.06,26.33,25.72,80.0,28.33
1,2026-09-02 23:11:00,23:11,C,24.5,24.56,24.0,26.33,25.72,80.0,28.33
1,2026-09-02 23:12:00,23:12,C,24.5,24.56,24.0,26.33,25.72,80.0,28.33
1,2026-09-02 23:13:00,23:13,C,24.44,24.5,23.94,26.33,25.67,80.0,28.33
1,2026-09-02 23:14:00,23:14,C,24.44,24.5,23.94,26.28,25.67,80.0,28.33
1,2026-09-02 23:15:00,23:15,C,24.44,24.5,23.94,26.22,25.67,80.0,28.33
1,2026-09-02 23:16:00,23:16,C,24.39,24.44,23.89,26.22,25.61,80.0,28.33
1,2026-09-02 23:17:00,23:17,C,24.39,24.44,23.89,26.22,25.61,80.0,28.33
1,2026-09-02 23:18:00,23:18,C,24.44,24.5,23.94,26.22,25.61,80.0,28.33
1,2026-09-02 23:19:00,23:19,C,24.44,24.5,23.94,26.17,25.61,80.0,28.33
1,2026-09-02 23:20:00,23:20,C,24.44,24.5,23.94,26.22,25.61,81.0,28.33
1,2026-09-02 23:21:00,23:21,C,24.44,24.5,24.0,26.22,25.61,82.0,28.89
1,2026-09-02 23:22:00,23:22,C,24.5,24.56,24.06,26.22,25.61,82.0,28.89
1,2026-09-02 23:23:00,23:23,C,24.5,24.56,24.11,26.17,25.56,83.0,28.89
1,2026-09-02 23:24:00,23:24,C,24.56,24.61,24.11,26.17,25.61,83.0,28.89
1,2026-09-02 23:25:00,23:25,C,24.56,24.61,24.17,26.17,25.5,84.0,28.89
1,2026-09-02 23:26:00,23:26,C,24.56,24.67,24.22,26.11,25.5,84.0,28.89
1,2026-09-02 23:27:00,23:27,C,24.56,24.61,24.22,26.06,25.5,84.0,28.89
1,2026-09-02 23:28:00,23:28,C,24.56,24.61,24.22,26.0,25.44,84.0,28.89
1,2026-09-02 23:29:00,23:29,C,24.56,24.61,24.22,26.0,25.44,84.0,28.89
1,2026-09-02 23:30:00,23:30,C,24.56,24.61,24.22,26.0,25.44,84.0,28.89
1,2026-09-02 23:31:00,23:31,C,24.44,24.56,24.11,26.0,25.39,84.0,28.89
1,2026-09-02 23:32:00,23:32,C,24.44,24.56,24.11,26.0,25.39,84.0,28.89
1,2026-09-02 23:33:00,23:33,C,24.5,24.56,24.11,26.0,25.44,84.0,28.89
1,2026-09-02 23:34:00,23:34,C,24.44,24.5,24.11,25.94,25.39,84.0,28.89
1,2026-09-02 23:35:00,23:35,C,24.44,24.5,24.11,25.89,25.33,84.0,28.89
1,2026-09-02 23:36:00,23:36,C,24.44,24.5,24.11,25.94,25.33,84.0,28.89
1,2026-09-02 23:37:00,23:37,C,24.44,24.5,24.11,25.94,25.33,84.0,28.89
1,2026-09-02 23:38:00,23:38,C,24.39,24.44,24.0,25.94,25.33,84.0,28.89
1,2026-09-02 23:39:00,23:39,C,24.39,24.44,24.0,26.0,25.33,84.0,28.89
1,2026-09-02 23:40:00,23:40,C,24.33,24.39,23.94,26.0,25.28,84.0,28.89
1,2026-09-02 23:41:00,23:41,C,24.33,24.39,23.94,25.94,25.28,84.0,28.89
1,2026-09-02 23:42:00,23:42,C,24.33,24.39,23.94,25.89,25.28,83.0,28.89
1,2026-09-02 23:43:00,23:43,C,24.28,24.33,23.89,25.89,25.22,83.0,28.89
1,2026-09-02 23:44:00,23:44,C,24.22,24.33,23.89,25.83,25.17,83.0,28.89
1,2026-09-02 23:45:00,23:45,C,24.22,24.33,23.89,25.83,25.17,83.0,28.89
1,2026-09-02 23:46:00,23:46,C,24.28,24.33,23.94,25.83,25.17,83.0,28.89
1,2026-09-02 23:47:00,23:47,C,24.22,24.33,23.89,25.83,25.17,84.0,28.89
1,2026-09-02 23:48:00,23:48,C,24.22,24.33,23.89,25.83,25.17,84.0,28.89
1,2026-09-02 23:49:00,23:49,C,24.22,24.33,23.89,25.83,25.17,84.0,28.89
1,2026-09-02 23:50:00,23:50,C,24.22,24.33,23.89,25.78,25.17,84.0,27.78
1,2026-09-02 23:51:00,23:51,C,24.22,24.28,23.89,25.78,25.11,84.0,27.78
1,2026-09-02 23:52:00,23:52,C,24.22,24.28,23.89,25.72,25.11,85.0,27.78
1,2026-09-02 23:53:00,23:53,C,24.22,24.28,23.89,25.67,25.06,84.0,27.78
1,2026-09-02 23:54:00,23:54,C,24.11,24.17,23.78,25.67,25.0,84.0,27.78
1,2026-09-02 23:55:00,23:55,C,24.11,24.17,23.78,25.67,25.0,84.0,27.78
1,2026-09-02 23:56:00,23:56,C,24.11,24.17,23.78,25.67,25.0,84.0,27.78
1,2026-09-02 23:57:00,23:57,C,24.06,24.17,23.72,25.67,25.0,84.0,27.78
1,2026-09-02 23:58:00,23:58,C,24.06,24.17,23.72,25.67,25.0,84.0,27.78
1,2026-09-02 23:59:00,23:59,C,24.06,24.17,23.72,25.67,25.0,85.0,27.78
1,2026-09-03 00:00:00,00:00,C,24.06,24.11,23.72,25.61,24.94,85.0,27.78
1,2026-09-03 00:01:00,00:01,C,24.06,24.11,23.72,25.61,24.94,85.0,27.78
1,2026-09-03 00:02:00,00:02,C,24.06,24.11,23.72,25.5,24.83,85.0,27.78
1,2026-09-03 00:03:00,00:03,C,24.06,24.11,23.72,25.5,24.83,85.0,27.78
1,2026-09-03 00:04:00,00:04,C,24.06,24.11,23.72,25.44,24.83,85.0,27.78
1,2026-09-03 00:05:00,00:05,C,24.0,24.06,23.72,25.44,24.78,85.0,27.78
1,2026-09-03 00:06:00,00:06,C,24.0,24.06,23.67,25.39,24.78,85.0,27.78
1,2026-09-03 00:07:00,00:07,C,24.0,24.06,23.67,25.33,24.78,85.0,27.78
1,2026-09-03 00:08:00,00:08,C,24.0,24.06,23.67,25.33,24.78,86.0,28.33
1,2026-09-03 00:09:00,00:09,C,23.94,24.0,23.61,25.33,24.78,86.0,28.33
1,2026-09-03 00:10:00,00:10,C,23.94,24.0,23.61,25.33,24.78,86.0,28.33
1,2026-09-03 00:11:00,00:11,C,23.94,24.0,23.61,25.33,24.72,86.0,28.33
1,2026-09-03 00:12:00,00:12,C,23.94,24.0,23.61,25.33,24.72,86.0,28.33
1,2026-09-03 00:13:00,00:13,C,23.89,23.94,23.56,25.33,24.72,86.0,28.33
1,2026-09-03 00:14:00,00:14,C,23.89,23.94,23.56,25.33,24.67,86.0,28.33
1,2026-09-03 00:15:00,00:15,C,23.89,23.94,23.56,25.33,24.67,86.0,28.33
1,2026-09-03 00:16:00,00:16,C,23.89,23.94,23.56,25.33,24.67,86.0,28.33
1,2026-09-03 00:17:00,00:17,C,23.89,23.94,23.56,25.28,24.67,86.0,28.33
1,2026-09-03 00:18:00,00:18,C,23.89,23.94,23.56,25.28,24.67,86.0,28.33
1,2026-09-03 00:19:00,00:19,C,23.83,23.89,23.56,25.28,24.61,86.0,27.22
1,2026-09-03 00:20:00,00:20,C,23.83,23.89,23.5,25.28,24.61,86.0,27.22
1,2026-09-03 00:21:00,00:21,C,23.83,23.89,23.5,25.17,24.61,86.0,27.22
1,2026-09-03 00:22:00,00:22,C,23.78,23.83,23.44,25.17,24.56,86.0,27.22
1,2026-09-03 00:23:00,00:23,C,23.78,23.83,23.44,25.17,24.56,86.0,27.22
1,2026-09-03 00:24:00,00:24,C,23.72,23.78,23.44,25.17,24.5,86.0,27.22
1,2026-09-03 00:25:00,00:25,C,23.78,23.83,23.44,25.17,24.56,86.0,27.22
1,2026-09-03 00:26:00,00:26,C,23.78,23.83,23.44,25.17,24.61,86.0,27.22
1,2026-09-03 00:27:00,00:27,C,23.83,23.89,23.5,25.17,24.61,86.0,27.22
1,2026-09-03 00:28:00,00:28,C,23.83,23.89,23.5,25.17,24.61,86.0,27.22
1,2026-09-03 00:29:00,00:29,C,23.83,23.89,23.5,25.17,24.61,86.0,27.22
1,2026-09-03 00:30:00,00:30,C,23.83,23.89,23.5,25.17,24.61,86.0,27.22
1,2026-09-03 00:31:00,00:31,C,23.78,23.83,23.5,25.17,24.56,87.0,27.78
1,2026-09-03 00:32:00,00:32,C,23.83,23.89,23.56,25.17,24.56,87.0,27.78
1,2026-09-03 00:33:00,00:33,C,23.83,23.89,23.56,25.11,24.5,87.0,27.78
1,2026-09-03 00:34:00,00:34,C,23.83,23.89,23.56,25.11,24.5,87.0,27.78
1,2026-09-03 00:35:00,00:35,C,23.83,23.89,23.56,25.11,24.5,87.0,27.78
1,2026-09-03 00:36:00,00:36,C,23.83,23.89,23.56,25.11,24.5,87.0,27.78
1,2026-09-03 00:37:00,00:37,C,23.78,23.83,23.5,25.11,24.5,87.0,27.78
1,2026-09-03 00:38:00,00:38,C,23.72,23.78,23.44,25.11,24.5,87.0,27.78
1,2026-09-03 00:39:00,00:39,C,23.72,23.78,23.44,25.11,24.5,87.0,27.78
1,2026-09-03 00:40:00,00:40,C,23.72,23.78,23.44,25.11,24.5,87.0,27.78
1,2026-09-03 00:41:00,00:41,C,23.72,23.78,23.44,25.11,24.5,87.0,27.78
1,2026-09-03 00:42:00,00:42,C,23.72,23.78,23.44,25.11,24.5,87.0,27.78
1,2026-09-03 00:43:00,00:43,C,23.72,23.78,23.44,25.11,24.5,87.0,27.78
1,2026-09-03 00:44:00,00:44,C,23.72,23.78,23.44,25.11,24.5,87.0,27.78
1,2026-09-03 00:45:00,00:45,C,23.72,23.78,23.39,25.06,24.5,87.0,27.78
1,2026-09-03 00:46:00,00:46,C,23.67,23.72,23.39,25.0,24.44,87.0,27.78
1,2026-09-03 00:47:00,00:47,C,23.67,23.72,23.39,24.94,24.33,87.0,27.78
1,2026-09-03 00:48:00,00:48,C,23.67,23.72,23.39,24.94,24.33,87.0,27.78
1,2026-09-03 00:49:00,00:49,C,23.61,23.67,23.33,24.89,24.28,87.0,27.78
1,2026-09-03 00:50:00,00:50,C,23.61,23.67,23.33,24.83,24.28,87.0,27.78
1,2026-09-03 00:51:00,00:51,C,23.56,23.61,23.28,24.83,24.28,87.0,27.78
1,2026-09-03 00:52:00,00:52,C,23.56,23.61,23.28,24.83,24.22,87.0,27.78
1,2026-09-03 00:53:00,00:53,C,23.5,23.56,23.22,24.78,24.22,87.0,27.78
1,2026-09-03 00:54:00,00:54,C,23.5,23.56,23.22,24.78,24.22,87.0,27.78
1,2026-09-03 00:55:00,00:55,C,23.5,23.56,23.22,24.78,24.22,87.0,27.78
1,2026-09-03 00:56:00,00:56,C,23.5,23.56,23.22,24.78,24.17,88.0,27.78
1,2026-09-03 00:57:00,00:57,C,23.44,23.5,23.22,24.72,24.11,88.0,26.67
1,2026-09-03 00:58:00,00:58,C,23.44,23.5,23.22,24.72,24.11,88.0,26.67
1,2026-09-03 00:59:00,00:59,C,23.44,23.5,23.22,24.67,24.11,88.0,26.67
1,2026-09-03 01:00:00,01:00,C,23.44,23.5,23.22,24.61,24.06,88.0,26.67
1,2026-09-03 01:01:00,01:01,C,23.44,23.5,23.22,24.61,24.06,88.0,26.67
1,2026-09-03 01:02:00,01:02,C,23.39,23.44,23.17,24.61,24.0,88.0,26.67
1,2026-09-03 01:03:00,01:03,C,23.39,23.44,23.17,24.61,24.0,88.0,26.67
1,2026-09-03 01:04:00,01:04,C,23.33,23.39,23.11,24.61,24.0,88.0,26.67
1,2026-09-03 01:05:00,01:05,C,23.33,23.39,23.11,24.61,24.0,88.0,26.67
1,2026-09-03 01:06:00,01:06,C,23.33,23.39,23.11,24.5,24.0,88.0,26.67
1,2026-09-03 01:07:00,01:07,C,23.33,23.39,23.11,24.5,23.94,88.0,26.67
1,2026-09-03 01:08:00,01:08,C,23.33,23.39,23.11,24.5,23.94,88.0,26.67
1,2026-09-03 01:09:00,01:09,C,23.33,23.39,23.11,24.5,23.94,88.0,26.67
1,2026-09-03 01:10:00,01:10,C,23.33,23.39,23.11,24.5,23.94,88.0,26.67
1,2026-09-03 01:11:00,01:11,C,23.33,23.39,23.11,24.44,23.94,88.0,26.67
1,2026-09-03 01:12:00,01:12,C,23.33,23.39,23.11,24.44,24.0,88.0,26.67
1,2026-09-03 01:13:00,01:13,C,23.33,23.39,23.11,24.44,23.94,88.0,26.67
1,2026-09-03 01:14:00,01:14,C,23.33,23.39,23.11,24.44,23.94,88.0,26.67
1,2026-09-03 01:15:00,01:15,C,23.33,23.39,23.11,24.44,24.0,88.0,26.67
1,2026-09-03 01:16:00,01:16,C,23.33,23.39,23.11,24.44,24.0,88.0,26.67
1,2026-09-03 01:17:00,01:17,C,23.39,23.39,23.11,24.5,24.06,88.0,26.67
1,2026-09-03 01:18:00,01:18,C,23.33,23.39,23.06,24.5,24.11,88.0,26.67
1,2026-09-03 01:19:00,01:19,C,23.33,23.39,23.06,24.56,24.06,88.0,26.67
1,2026-09-03 01:20:00,01:20,C,23.33,23.39,23.06,24.61,24.06,88.0,26.67
1,2026-09-03 01:21:00,01:21,C,23.33,23.39,23.06,24.61,24.11,88.0,26.67
1,2026-09-03 01:22:00,01:22,C,23.33,23.39,23.06,24.61,24.11,88.0,26.67
1,2026-09-03 01:23:00,01:23,C,23.33,23.39,23.06,24.61,24.11,89.0,26.67
1,2026-09-03 01:24:00,01:24,C,23.33,23.39,23.06,24.61,24.11,89.0,26.67
1,2026-09-03 01:25:00,01:25,C,23.33,23.39,23.06,24.61,24.06,89.0,26.67
1,2026-09-03 01:26:00,01:26,C,23.33,23.39,23.06,24.61,24.0,89.0,26.67
1,2026-09-03 01:27:00,01:27,C,23.33,23.39,23.06,24.61,24.06,89.0,26.67
1,2026-09-03 01:28:00,01:28,C,23.33,23.39,23.06,24.61,24.0,89.0,26.67
1,2026-09-03 01:29:00,01:29,C,23.33,23.39,23.06,24.61,24.0,89.0,26.67
1,2026-09-03 01:30:00,01:30,C,23.28,23.39,23.06,24.61,23.94,89.0,26.67
1,2026-09-03 01:31:00,01:31,C,23.28,23.33,23.06,24.56,23.94,89.0,26.67
1,2026-09-03 01:32:00,01:32,C,23.28,23.39,23.06,24.61,23.94,89.0,26.67
1,2026-09-03 01:33:00,01:33,C,23.28,23.39,23.06,24.61,23.94,89.0,26.67
1,2026-09-03 01:34:00,01:34,C,23.28,23.39,23.06,24.61,23.94,89.0,26.67
1,2026-09-03 01:35:00,01:35,C,23.28,23.33,23.06,24.56,23.94,89.0,26.67
1,2026-09-03 01:36:00,01:36,C,23.28,23.33,23.0,24.5,23.94,89.0,26.67
1,2026-09-03 01:37:00,01:37,C,23.28,23.33,23.06,24.5,23.94,89.0,26.67
1,2026-09-03 01:38:00,01:38,C,23.28,23.33,23.06,24.5,23.94,89.0,26.67
1,2026-09-03 01:39:00,01:39,C,23.28,23.33,23.06,24.5,23.89,89.0,26.67
1,2026-09-03 01:40:00,01:40,C,23.28,23.33,23.06,24.5,23.89,89.0,26.67
1,2026-09-03 01:41:00,01:41,C,23.28,23.33,23.06,24.5,23.89,89.0,26.67
1,2026-09-03 01:42:00,01:42,C,23.28,23.33,23.06,24.5,23.89,89.0,26.67
1,2026-09-03 01:43:00,01:43,C,23.28,23.33,23.06,24.44,23.89,90.0,27.22
1,2026-09-03 01:44:00,01:44,C,23.28,23.33,23.06,24.44,23.89,89.0,26.67
1,2026-09-03 01:45:00,01:45,C,23.22,23.28,23.0,24.44,23.89,89.0,26.67
1,2026-09-03 01:46:00,01:46,C,23.17,23.22,22.94,24.44,23.83,89.0,26.67
1,2026-09-03 01:47:00,01:47,C,23.22,23.28,23.0,24.44,23.83,89.0,26.67
1,2026-09-03 01:48:00,01:48,C,23.22,23.28,23.0,24.39,23.78,89.0,26.67
1,2026-09-03 01:49:00,01:49,C,23.17,23.22,22.94,24.33,23.78,90.0,27.22
1,2026-09-03 01:50:00,01:50,C,23.17,23.28,23.0,24.33,23.72,90.0,27.22
1,2026-09-03 01:51:00,01:51,C,23.17,23.22,22.94,24.28,23.72,90.0,27.22
1,2026-09-03 01:52:00,01:52,C,23.17,23.22,22.94,24.28,23.72,90.0,27.22
1,2026-09-03 01:53:00,01:53,C,23.17,23.22,22.94,24.22,23.72,89.0,26.67
1,2026-09-03 01:54:00,01:54,C,23.11,23.17,22.94,24.22,23.61,90.0,27.22
1,2026-09-03 01:55:00,01:55,C,23.11,23.17,22.94,24.22,23.67,90.0,27.22
1,2026-09-03 01:56:00,01:56,C,23.17,23.22,22.94,24.22,23.72,90.0,27.22
1,2026-09-03 01:57:00,01:57,C,23.11,23.17,22.94,24.17,23.61,90.0,27.22
1,2026-09-03 01:58:00,01:58,C,23.17,23.22,23.0,24.22,23.61,90.0,27.22
1,2026-09-03 01:59:00,01:59,C,23.22,23.28,23.06,24.22,23.72,90.0,27.22
1,2026-09-03 02:00:00,02:00,C,23.22,23.28,23.06,24.22,23.72,91.0,27.22
1,2026-09-03 02:01:00,02:01,C,23.22,23.28,23.06,24.22,23.72,91.0,27.22
1,2026-09-03 02:02:00,02:02,C,23.17,23.22,23.0,24.22,23.72,91.0,27.22
1,2026-09-03 02:03:00,02:03,C,23.17,23.22,22.94,24.28,23.72,91.0,27.22
1,2026-09-03 02:04:00,02:04,C,23.17,23.22,22.94,24.28,23.72,91.0,27.22
1,2026-09-03 02:05:00,02:05,C,23.17,23.22,22.94,24.28,23.72,91.0,27.22
1,2026-09-03 02:06:00,02:06,C,23.17,23.22,22.94,24.28,23.72,91.0,27.22
1,2026-09-03 02:07:00,02:07,C,23.17,23.22,22.94,24.28,23.72,91.0,27.22
1,2026-09-03 02:08:00,02:08,C,23.11,23.22,22.94,24.28,23.67,91.0,27.22
1,2026-09-03 02:09:00,02:09,C,23.11,23.17,22.94,24.28,23.61,91.0,27.22
1,2026-09-03 02:10:00,02:10,C,23.11,23.22,22.94,24.28,23.67,91.0,27.22
1,2026-09-03 02:11:00,02:11,C,23.17,23.22,22.94,24.28,23.72,91.0,27.22
1,2026-09-03 02:12:00,02:12,C,23.17,23.22,22.94,24.28,23.72,91.0,27.22
1,2026-09-03 02:13:00,02:13,C,23.17,23.22,22.94,24.28,23.72,91.0,27.22
1,2026-09-03 02:14:00,02:14,C,23.11,23.17,22.94,24.22,23.67,91.0,27.22
1,2026-09-03 02:15:00,02:15,C,23.11,23.17,22.89,24.22,23.67,91.0,27.22
1,2026-09-03 02:16:00,02:16,C,23.06,23.17,22.89,24.22,23.61,91.0,27.22
1,2026-09-03 02:17:00,02:17,C,23.06,23.11,22.89,24.11,23.61,91.0,26.11
1,2026-09-03 02:18:00,02:18,C,23.06,23.11,22.89,24.11,23.56,91.0,26.11
1,2026-09-03 02:19:00,02:19,C,23.06,23.11,22.89,24.11,23.56,91.0,26.11
1,2026-09-03 02:20:00,02:20,C,23.06,23.11,22.89,24.11,23.56,91.0,26.11
1,2026-09-03 02:21:00,02:21,C,23.06,23.11,22.89,24.06,23.5,91.0,26.11
1,2026-09-03 02:22:00,02:22,C,23.06,23.11,22.89,24.06,23.5,91.0,26.11
1,2026-09-03 02:23:00,02:23,C,23.0,23.06,22.83,24.06,23.5,92.0,26.67
1,2026-09-03 02:24:00,02:24,C,23.0,23.06,22.83,24.06,23.5,92.0,26.67
1,2026-09-03 02:25:00,02:25,C,23.0,23.06,22.83,24.0,23.5,92.0,26.67
1,2026-09-03 02:26:00,02:26,C,23.06,23.11,22.89,24.06,23.5,92.0,26.67
1,2026-09-03 02:27:00,02:27,C,23.0,23.06,22.83,24.0,23.44,92.0,26.67
1,2026-09-03 02:28:00,02:28,C,23.0,23.06,22.83,24.0,23.44,92.0,26.67
1,2026-09-03 02:29:00,02:29,C,23.0,23.06,22.83,23.94,23.44,92.0,26.67
1,2026-09-03 02:30:00,02:30,C,23.06,23.06,22.89,23.94,23.44,92.0,26.67
1,2026-09-03 02:31:00,02:31,C,23.0,23.06,22.83,23.94,23.44,92.0,26.67
1,2026-09-03 02:32:00,02:32,C,23.0,23.06,22.83,23.94,23.44,92.0,26.67
1,2026-09-03 02:33:00,02:33,C,23.0,23.06,22.83,23.94,23.39,92.0,26.67
1,2026-09-03 02:34:00,02:34,C,22.94,23.0,22.78,23.94,23.39,92.0,26.67
1,2026-09-03 02:35:00,02:35,C,22.94,23.0,22.78,23.94,23.39,92.0,26.67
1,2026-09-03 02:36:00,02:36,C,22.94,23.0,22.78,23.94,23.39,92.0,26.67
1,2026-09-03 02:37:00,02:37,C,22.94,23.0,22.78,24.0,23.44,92.0,26.67
1,2026-09-03 02:38:00,02:38,C,22.94,23.0,22.78,24.0,23.44,93.0,26.67
1,2026-09-03 02:39:00,02:39,C,22.94,23.0,22.78,24.0,23.44,92.0,26.67
1,2026-09-03 02:40:00,02:40,C,22.94,23.0,22.78,24.0,23.44,93.0,26.67
1,2026-09-03 02:41:00,02:41,C,22.94,23.0,22.78,24.0,23.44,93.0,26.67
1,2026-09-03 02:42:00,02:42,C,22.94,23.0,22.78,23.94,23.39,92.0,26.67
1,2026-09-03 02:43:00,02:43,C,22.94,23.0,22.78,23.94,23.39,92.0,26.67
1,2026-09-03 02:44:00,02:44,C,22.94,23.0,22.78,23.94,23.33,92.0,26.67
1,2026-09-03 02:45:00,02:45,C,22.94,23.0,22.78,23.89,23.33,92.0,26.67
1,2026-09-03 02:46:00,02:46,C,22.89,22.94,22.78,23.83,23.28,92.0,26.67
1,2026-09-03 02:47:00,02:47,C,22.89,22.89,22.72,23.78,23.28,93.0,26.67
1,2026-09-03 02:48:00,02:48,C,22.89,22.94,22.78,23.78,23.28,93.0,26.67
1,2026-09-03 02:49:00,02:49,C,22.89,22.94,22.78,23.78,23.28,93.0,26.67
1,2026-09-03 02:50:00,02:50,C,22.89,22.94,22.78,23.83,23.28,93.0,26.67
1,2026-09-03 02:51:00,02:51,C,22.89,22.94,22.78,23.83,23.28,93.0,26.67
1,2026-09-03 02:52:00,02:52,C,22.89,22.94,22.78,23.83,23.28,93.0,26.67
1,2026-09-03 02:53:00,02:53,C,22.89,22.94,22.78,23.89,23.28,93.0,26.67
1,2026-09-03 02:54:00,02:54,C,22.89,22.94,22.72,23.89,23.33,93.0,26.67
1,2026-09-03 02:55:00,02:55,C,22.89,22.94,22.72,23.89,23.28,93.0,26.67
1,2026-09-03 02:56:00,02:56,C,22.89,22.94,22.72,23.83,23.28,93.0,26.67
1,2026-09-03 02:57:00,02:57,C,22.83,22.89,22.72,23.78,23.22,92.0,26.67
1,2026-09-03 02:58:00,02:58,C,22.83,22.89,22.72,23.78,23.22,92.0,26.67
1,2026-09-03 02:59:00,02:59,C,22.83,22.89,22.72,23.72,23.22,92.0,26.67
1,2026-09-03 03:00:00,03:00,C,22.83,22.89,22.72,23.67,23.17,93.0,26.67
1,2026-09-03 03:01:00,03:01,C,22.89,22.89,22.78,23.61,23.17,93.0,26.67
1,2026-09-03 03:02:00,03:02,C,22.89,22.94,22.78,23.61,23.22,93.0,26.67
1,2026-09-03 03:03:00,03:03,C,22.89,22.94,22.78,23.67,23.22,93.0,26.67
1,2026-09-03 03:04:00,03:04,C,22.89,22.94,22.78,23.67,23.22,93.0,26.67
1,2026-09-03 03:05:00,03:05,C,22.89,22.94,22.78,23.72,23.22,93.0,26.67
1,2026-09-03 03:06:00,03:06,C,22.89,22.94,22.78,23.72,23.22,93.0,26.67
1,2026-09-03 03:07:00,03:07,C,22.89,22.94,22.78,23.72,23.22,93.0,26.67
1,2026-09-03 03:08:00,03:08,C,22.89,22.94,22.78,23.72,23.22,93.0,26.67
1,2026-09-03 03:09:00,03:09,C,22.89,22.94,22.78,23.72,23.22,93.0,26.67
1,2026-09-03 03:10:00,03:10,C,22.89,22.94,22.78,23.78,23.22,93.0,26.67
1,2026-09-03 03:11:00,03:11,C,22.89,22.94,22.78,23.78,23.22,94.0,26.67
1,2026-09-03 03:12:00,03:12,C,22.89,22.94,22.78,23.78,23.22,93.0,26.67
1,2026-09-03 03:13:00,03:13,C,22.89,22.94,22.78,23.83,23.28,94.0,26.67
1,2026-09-03 03:14:00,03:14,C,22.89,22.94,22.78,23.89,23.28,94.0,26.67
1,2026-09-03 03:15:00,03:15,C,22.89,22.94,22.78,23.89,23.28,94.0,26.67
1,2026-09-03 03:16:00,03:16,C,22.89,22.94,22.78,23.89,23.28,94.0,26.67
1,2026-09-03 03:17:00,03:17,C,22.89,22.94,22.78,23.89,23.28,94.0,26.67
1,2026-09-03 03:18:00,03:18,C,23.0,23.06,22.89,23.89,23.28,94.0,26.67
1,2026-09-03 03:19:00,03:19,C,23.0,23.06,22.89,23.89,23.28,94.0,26.67
1,2026-09-03 03:20:00,03:20,C,23.0,23.06,22.89,23.89,23.33,94.0,26.67
1,2026-09-03 03:21:00,03:21,C,22.94,23.0,22.83,23.89,23.33,94.0,26.67
1,2026-09-03 03:22:00,03:22,C,22.94,23.0,22.83,23.89,23.33,94.0,26.67
1,2026-09-03 03:23:00,03:23,C,23.0,23.06,22.89,23.89,23.33,94.0,26.67
1,2026-09-03 03:24:00,03:24,C,23.0,23.06,22.89,23.83,23.33,94.0,26.67
1,2026-09-03 03:25:00,03:25,C,22.94,23.0,22.83,23.83,23.28,95.0,26.67
1,2026-09-03 03:26:00,03:26,C,22.89,22.94,22.78,23.78,23.28,95.0,26.67
1,2026-09-03 03:27:00,03:27,C,22.89,22.94,22.78,23.78,23.22,95.0,26.67
1,2026-09-03 03:28:00,03:28,C,22.89,22.94,22.78,23.72,23.22,95.0,26.67
1,2026-09-03 03:29:00,03:29,C,22.94,23.0,22.89,23.72,23.22,95.0,26.67
1,2026-09-03 03:30:00,03:30,C,22.94,23.0,22.83,23.72,23.22,95.0,26.67
1,2026-09-03 03:31:00,03:31,C,22.89,22.94,22.78,23.72,23.22,96.0,27.22
1,2026-09-03 03:32:00,03:32,C,22.89,22.94,22.78,23.72,23.22,96.0,27.22
1,2026-09-03 03:33:00,03:33,C,22.89,22.94,22.78,23.72,23.22,96.0,27.22
1,2026-09-03 03:34:00,03:34,C,22.89,22.94,22.78,23.72,23.22,96.0,27.22
1,2026-09-03 03:35:00,03:35,C,22.89,22.94,22.78,23.72,23.22,96.0,27.22
1,2026-09-03 03:36:00,03:36,C,22.89,22.94,22.78,23.72,23.22,96.0,27.22
1,2026-09-03 03:37:00,03:37,C,22.89,22.94,22.78,23.67,23.17,95.0,26.67
1,2026-09-03 03:38:00,03:38,C,22.83,22.89,22.78,23.67,23.11,95.0,26.67
1,2026-09-03 03:39:00,03:39,C,22.83,22.89,22.72,23.61,23.11,95.0,26.67
1,2026-09-03 03:40:00,03:40,C,22.78,22.83,22.72,23.61,23.06,95.0,26.11
1,2026-09-03 03:41:00,03:41,C,22.78,22.83,22.72,23.56,23.06,95.0,26.11
1,2026-09-03 03:42:00,03:42,C,22.78,22.83,22.72,23.56,23.06,96.0,26.11
1,2026-09-03 03:43:00,03:43,C,22.78,22.83,22.72,23.56,23.0,96.0,26.11
1,2026-09-03 03:44:00,03:44,C,22.72,22.78,22.61,23.56,23.0,95.0,26.11
1,2026-09-03 03:45:00,03:45,C,22.72,22.78,22.61,23.5,23.0,96.0,26.11
1,2026-09-03 03:46:00,03:46,C,22.72,22.78,22.61,23.56,23.0,95.0,26.11
1,2026-09-03 03:47:00,03:47,C,22.67,22.72,22.61,23.5,22.94,95.0,26.11
1,2026-09-03 03:48:00,03:48,C,22.67,22.72,22.56,23.44,22.94,95.0,26.11
1,2026-09-03 03:49:00,03:49,C,22.67,22.72,22.56,23.44,22.94,96.0,26.11
1,2026-09-03 03:50:00,03:50,C,22.67,22.72,22.61,23.44,22.94,95.0,26.11
1,2026-09-03 03:51:00,03:51,C,22.67,22.72,22.61,23.39,22.89,95.0,26.11
1,2026-09-03 03:52:00,03:52,C,22.67,22.72,22.61,23.39,22.89,96.0,26.11
1,2026-09-03 03:53:00,03:53,C,22.61,22.67,22.56,23.33,22.89,96.0,26.11
1,2026-09-03 03:54:00,03:54,C,22.61,22.67,22.56,23.39,22.89,96.0,26.11
1,2026-09-03 03:55:00,03:55,C,22.61,22.67,22.56,23.39,22.89,96.0,26.11
1,2026-09-03 03:56:00,03:56,C,22.67,22.72,22.61,23.39,22.89,96.0,26.11
1,2026-09-03 03:57:00,03:57,C,22.67,22.72,22.61,23.39,22.89,96.0,26.11
1,2026-09-03 03:58:00,03:58,C,22.67,22.72,22.61,23.39,22.89,96.0,26.11
1,2026-09-03 03:59:00,03:59,C,22.67,22.72,22.61,23.39,22.89,96.0,26.11
1,2026-09-03 04:00:00,04:00,C,22.67,22.72,22.61,23.39,22.89,96.0,26.11
1,2026-09-03 04:01:00,04:01,C,22.67,22.72,22.61,23.39,22.89,96.0,26.11
1,2026-09-03 04:02:00,04:02,C,22.67,22.72,22.61,23.39,22.89,96.0,26.11
1,2026-09-03 04:03:00,04:03,C,22.67,22.72,22.61,23.39,22.89,96.0,26.11
1,2026-09-03 04:04:00,04:04,C,22.67,22.72,22.61,23.33,22.83,96.0,26.11
1,2026-09-03 04:05:00,04:05,C,22.67,22.72,22.61,23.39,22.89,96.0,26.11
1,2026-09-03 04:06:00,04:06,C,22.67,22.72,22.61,23.33,22.83,96.0,26.11
1,2026-09-03 04:07:00,04:07,C,22.61,22.67,22.56,23.28,22.83,96.0,26.11
1,2026-09-03 04:08:00,04:08,C,22.61,22.67,22.56,23.28,22.83,96.0,26.11
1,2026-09-03 04:09:00,04:09,C,22.61,22.67,22.56,23.28,22.78,96.0,26.11
1,2026-09-03 04:10:00,04:10,C,22.61,22.67,22.56,23.28,22.78,96.0,26.11
1,2026-09-03 04:11:00,04:11,C,22.56,22.61,22.5,23.28,22.78,96.0,26.11
1,2026-09-03 04:12:00,04:12,C,22.56,22.61,22.5,23.28,22.78,96.0,26.11
1,2026-09-03 04:13:00,04:13,C,22.56,22.61,22.5,23.28,22.78,96.0,26.11
1,2026-09-03 04:14:00,04:14,C,22.5,22.56,22.44,23.22,22.78,97.0,26.11
1,2026-09-03 04:15:00,04:15,C,22.5,22.56,22.44,23.28,22.78,97.0,26.11
1,2026-09-03 04:16:00,04:16,C,22.5,22.56,22.44,23.28,22.78,97.0,26.11
1,2026-09-03 04:17:00,04:17,C,22.5,22.56,22.44,23.28,22.78,97.0,26.11
1,2026-09-03 04:18:00,04:18,C,22.5,22.56,22.44,23.28,22.78,97.0,26.11
1,2026-09-03 04:19:00,04:19,C,22.5,22.56,22.44,23.28,22.78,97.0,26.11
1,2026-09-03 04:20:00,04:20,C,22.5,22.56,22.44,23.28,22.78,97.0,26.11
1,2026-09-03 04:21:00,04:21,C,22.61,22.67,22.56,23.28,22.78,97.0,26.11
1,2026-09-03 04:22:00,04:22,C,22.61,22.67,22.56,23.28,22.78,97.0,26.11
1,2026-09-03 04:23:00,04:23,C,22.61,22.67,22.56,23.28,22.78,97.0,26.11
1,2026-09-03 04:24:00,04:24,C,22.61,22.67,22.56,23.28,22.78,97.0,26.11
1,2026-09-03 04:25:00,04:25,C,22.56,22.61,22.5,23.28,22.78,97.0,26.11
1,2026-09-03 04:26:00,04:26,C,22.61,22.67,22.56,23.28,22.78,97.0,26.11
1,2026-09-03 04:27:00,04:27,C,22.61,22.67,22.56,23.28,22.78,97.0,26.11
1,2026-09-03 04:28:00,04:28,C,22.61,22.67,22.56,23.28,22.78,97.0,26.11
1,2026-09-03 04:29:00,04:29,C,22.56,22.61,22.5,23.28,22.72,97.0,26.11
1,2026-09-03 04:30:00,04:30,C,22.56,22.61,22.5,23.28,22.78,97.0,26.11
1,2026-09-03 04:31:00,04:31,C,22.56,22.61,22.56,23.28,22.72,97.0,26.11
1,2026-09-03 04:32:00,04:32,C,22.61,22.67,22.56,23.28,22.78,97.0,26.11
1,2026-09-03 04:33:00,04:33,C,22.61,22.67,22.56,23.28,22.78,97.0,26.11
1,2026-09-03 04:34:00,04:34,C,22.61,22.67,22.56,23.28,22.78,97.0,26.11
1,2026-09-03 04:35:00,04:35,C,22.56,22.61,22.56,23.22,22.72,97.0,26.11
1,2026-09-03 04:36:00,04:36,C,22.56,22.61,22.56,23.22,22.72,97.0,26.11
1,2026-09-03 04:37:00,04:37,C,22.56,22.61,22.56,23.22,22.72,97.0,26.11
1,2026-09-03 04:38:00,04:38,C,22.56,22.61,22.56,23.22,22.72,97.0,26.11
1,2026-09-03 04:39:00,04:39,C,22.56,22.61,22.56,23.22,22.72,97.0,26.11
1,2026-09-03 04:40:00,04:40,C,22.61,22.67,22.61,23.17,22.72,97.0,26.11
1,2026-09-03 04:41:00,04:41,C,22.56,22.61,22.56,23.17,22.72,97.0,26.11
1,2026-09-03 04:42:00,04:42,C,22.56,22.61,22.56,23.11,22.72,97.0,26.11
1,2026-09-03 04:43:00,04:43,C,22.56,22.61,22.56,23.11,22.72,97.0,26.11
1,2026-09-03 04:44:00,04:44,C,22.61,22.67,22.61,23.11,22.72,97.0,26.11
1,2026-09-03 04:45:00,04:45,C,22.56,22.61,22.56,23.11,22.72,97.0,26.11
1,2026-09-03 04:46:00,04:46,C,22.56,22.61,22.56,23.11,22.72,97.0,26.11
1,2026-09-03 04:47:00,04:47,C,22.56,22.61,22.56,23.11,22.72,97.0,26.11
1,2026-09-03 04:48:00,04:48,C,22.56,22.61,22.56,23.11,22.72,97.0,26.11
1,2026-09-03 04:49:00,04:49,C,22.56,22.61,22.56,23.06,22.67,97.0,26.11
1,2026-09-03 04:50:00,04:50,C,22.56,22.56,22.5,23.06,22.72,97.0,26.11
1,2026-09-03 04:51:00,04:51,C,22.5,22.56,22.44,23.06,22.72,98.0,26.67
1,2026-09-03 04:52:00,04:52,C,22.5,22.56,22.44,23.06,22.72,98.0,26.67
1,2026-09-03 04:53:00,04:53,C,22.56,22.56,22.5,23.11,22.72,98.0,26.67
1,2026-09-03 04:54:00,04:54,C,22.5,22.56,22.44,23.11,22.72,98.0,26.67
1,2026-09-03 04:55:00,04:55,C,22.5,22.56,22.44,23.11,22.72,98.0,26.67
1,2026-09-03 04:56:00,04:56,C,22.5,22.56,22.44,23.11,22.67,98.0,26.67
1,2026-09-03 04:57:00,04:57,C,22.44,22.5,22.44,23.06,22.61,98.0,25.56
1,2026-09-03 04:58:00,04:58,C,22.44,22.5,22.39,23.06,22.61,98.0,25.56
1,2026-09-03 04:59:00,04:59,C,22.44,22.5,22.39,23.06,22.61,98.0,25.56
1,2026-09-03 05:00:00,05:00,C,22.44,22.44,22.39,23.0,22.61,98.0,25.56
1,2026-09-03 05:01:00,05:01,C,22.39,22.44,22.39,23.0,22.56,98.0,25.56
1,2026-09-03 05:02:00,05:02,C,22.44,22.5,22.44,22.94,22.56,97.0,25.56
1,2026-09-03 05:03:00,05:03,C,22.39,22.44,22.39,22.94,22.56,98.0,25.56
1,2026-09-03 05:04:00,05:04,C,22.44,22.5,22.44,22.89,22.56,97.0,25.56
1,2026-09-03 05:05:00,05:05,C,22.44,22.5,22.44,22.89,22.56,97.0,25.56
1,2026-09-03 05:06:00,05:06,C,22.44,22.5,22.44,22.94,22.56,97.0,25.56
1,2026-09-03 05:07:00,05:07,C,22.44,22.5,22.44,22.94,22.61,97.0,25.56
1,2026-09-03 05:08:00,05:08,C,22.44,22.5,22.44,22.94,22.61,97.0,25.56
1,2026-09-03 05:09:00,05:09,C,22.44,22.5,22.44,22.94,22.61,98.0,25.56
1,2026-09-03 05:10:00,05:10,C,22.44,22.5,22.44,22.94,22.56,98.0,25.56
1,2026-09-03 05:11:00,05:11,C,22.44,22.5,22.44,22.94,22.56,98.0,25.56
1,2026-09-03 05:12:00,05:12,C,22.44,22.5,22.44,22.94,22.56,98.0,25.56
1,2026-09-03 05:13:00,05:13,C,22.44,22.5,22.44,22.94,22.56,98.0,25.56
1,2026-09-03 05:14:00,05:14,C,22.44,22.5,22.44,22.94,22.56,98.0,25.56
1,2026-09-03 05:15:00,05:15,C,22.39,22.44,22.39,22.89,22.56,98.0,25.56
1,2026-09-03 05:16:00,05:16,C,22.39,22.44,22.39,22.89,22.56,98.0,25.56
1,2026-09-03 05:17:00,05:17,C,22.39,22.44,22.39,22.89,22.5,98.0,25.56
1,2026-09-03 05:18:00,05:18,C,22.39,22.44,22.39,22.89,22.56,98.0,25.56
1,2026-09-03 05:19:00,05:19,C,22.39,22.44,22.39,22.89,22.56,98.0,25.56
1,2026-09-03 05:20:00,05:20,C,22.39,22.44,22.39,22.89,22.56,98.0,25.56
1,2026-09-03 05:21:00,05:21,C,22.39,22.44,22.39,22.89,22.56,98.0,25.56
1,2026-09-03 05:22:00,05:22,C,22.39,22.44,22.39,22.89,22.56,98.0,25.56
1,2026-09-03 05:23:00,05:23,C,22.39,22.44,22.39,22.89,22.56,98.0,25.56
1,2026-09-03 05:24:00,05:24,C,22.39,22.44,22.39,22.89,22.56,98.0,25.56
1,2026-09-03 05:25:00,05:25,C,22.39,22.44,22.39,22.89,22.56,98.0,25.56
1,2026-09-03 05:26:00,05:26,C,22.39,22.44,22.39,22.89,22.56,98.0,25.56
1,2026-09-03 05:27:00,05:27,C,22.44,22.5,22.44,22.94,22.56,98.0,25.56
1,2026-09-03 05:28:00,05:28,C,22.44,22.5,22.44,22.94,22.56,98.0,25.56
1,2026-09-03 05:29:00,05:29,C,22.44,22.5,22.44,22.94,22.56,98.0,25.56
1,2026-09-03 05:30:00,05:30,C,22.39,22.44,22.39,22.89,22.56,98.0,25.56
1,2026-09-03 05:31:00,05:31,C,22.39,22.44,22.39,22.89,22.44,98.0,25.56
1,2026-09-03 05:32:00,05:32,C,22.28,22.33,22.28,22.83,22.39,98.0,25.56
1,2026-09-03 05:33:00,05:33,C,22.28,22.33,22.28,22.78,22.39,98.0,25.56
1,2026-09-03 05:34:00,05:34,C,22.33,22.39,22.33,22.78,22.39,98.0,25.56
1,2026-09-03 05:35:00,05:35,C,22.28,22.33,22.28,22.78,22.39,98.0,25.56
1,2026-09-03 05:36:00,05:36,C,22.22,22.28,22.22,22.78,22.39,98.0,25.56
1,2026-09-03 05:37:00,05:37,C,22.22,22.28,22.22,22.72,22.39,98.0,25.56
1,2026-09-03 05:38:00,05:38,C,22.22,22.28,22.22,22.78,22.39,99.0,26.11
1,2026-09-03 05:39:00,05:39,C,22.22,22.28,22.22,22.78,22.39,99.0,26.11
1,2026-09-03 05:40:00,05:40,C,22.22,22.28,22.22,22.78,22.39,99.0,26.11
1,2026-09-03 05:41:00,05:41,C,22.22,22.28,22.22,22.78,22.39,99.0,26.11
1,2026-09-03 05:42:00,05:42,C,22.28,22.28,22.22,22.78,22.44,99.0,26.11
1,2026-09-03 05:43:00,05:43,C,22.22,22.28,22.22,22.78,22.39,99.0,26.11
1,2026-09-03 05:44:00,05:44,C,22.22,22.28,22.22,22.78,22.39,99.0,26.11
1,2026-09-03 05:45:00,05:45,C,22.22,22.28,22.22,22.78,22.39,99.0,26.11
1,2026-09-03 05:46:00,05:46,C,22.22,22.28,22.22,22.78,22.39,99.0,26.11
1,2026-09-03 05:47:00,05:47,C,22.28,22.33,22.28,22.78,22.39,99.0,26.11
1,2026-09-03 05:48:00,05:48,C,22.22,22.28,22.22,22.72,22.39,99.0,26.11
1,2026-09-03 05:49:00,05:49,C,22.22,22.28,22.22,22.72,22.39,99.0,26.11
1,2026-09-03 05:50:00,05:50,C,22.22,22.28,22.22,22.72,22.33,99.0,26.11
1,2026-09-03 05:51:00,05:51,C,22.22,22.28,22.22,22.72,22.33,99.0,26.11
1,2026-09-03 05:52:00,05:52,C,22.22,22.28,22.22,22.72,22.39,99.0,26.11
1,2026-09-03 05:53:00,05:53,C,22.22,22.28,22.22,22.72,22.39,99.0,26.11
1,2026-09-03 05:54:00,05:54,C,22.22,22.22,22.17,22.78,22.39,99.0,26.11
1,2026-09-03 05:55:00,05:55,C,22.22,22.22,22.17,22.78,22.39,99.0,26.11
1,2026-09-03 05:56:00,05:56,C,22.22,22.22,22.17,22.78,22.39,99.0,26.11
1,2026-09-03 05:57:00,05:57,C,22.22,22.28,22.22,22.78,22.39,99.0,26.11
1,2026-09-03 05:58:00,05:58,C,22.22,22.28,22.22,22.72,22.39,99.0,26.11
1,2026-09-03 05:59:00,05:59,C,22.28,22.33,22.28,22.72,22.33,99.0,26.11
1,2026-09-03 06:00:00,06:00,C,22.22,22.28,22.22,22.72,22.33,99.0,26.11
1,2026-09-03 06:01:00,06:01,C,22.22,22.28,22.22,22.72,22.28,99.0,26.11
1,2026-09-03 06:02:00,06:02,C,22.22,22.28,22.22,22.72,22.28,99.0,26.11
1,2026-09-03 06:03:00,06:03,C,22.22,22.28,22.22,22.67,22.28,99.0,26.11
1,2026-09-03 06:04:00,06:04,C,22.22,22.22,22.22,22.61,22.28,99.0,26.11
1,2026-09-03 06:05:00,06:05,C,22.22,22.22,22.22,22.61,22.28,99.0,26.11
1,2026-09-03 06:06:00,06:06,C,22.22,22.22,22.22,22.61,22.22,99.0,26.11
1,2026-09-03 06:07:00,06:07,C,22.22,22.22,22.22,22.61,22.28,99.0,26.11
1,2026-09-03 06:08:00,06:08,C,22.22,22.22,22.22,22.61,22.22,99.0,26.11
1,2026-09-03 06:09:00,06:09,C,22.22,22.22,22.22,22.61,22.22,99.0,26.11
1,2026-09-03 06:10:00,06:10,C,22.22,22.22,22.22,22.61,22.28,99.0,26.11
1,2026-09-03 06:11:00,06:11,C,22.22,22.22,22.22,22.61,22.28,99.0,26.11
1,2026-09-03 06:12:00,06:12,C,22.22,22.22,22.22,22.61,22.28,99.0,26.11
1,2026-09-03 06:13:00,06:13,C,22.17,22.22,22.17,22.61,22.28,99.0,26.11
1,2026-09-03 06:14:00,06:14,C,22.17,22.22,22.17,22.61,22.28,99.0,26.11
1,2026-09-03 06:15:00,06:15,C,22.22,22.22,22.22,22.56,22.22,99.0,26.11
1,2026-09-03 06:16:00,06:16,C,22.17,22.17,22.17,22.56,22.22,99.0,26.11
1,2026-09-03 06:17:00,06:17,C,22.17,22.17,22.17,22.56,22.22,99.0,26.11
1,2026-09-03 06:18:00,06:18,C,22.11,22.17,22.11,22.56,22.22,99.0,26.11
1,2026-09-03 06:19:00,06:19,C,22.11,22.17,22.11,22.56,22.22,99.0,26.11
1,2026-09-03 06:20:00,06:20,C,22.17,22.17,22.17,22.56,22.22,99.0,26.11
1,2026-09-03 06:21:00,06:21,C,22.22,22.22,22.22,22.56,22.22,99.0,26.11
1,2026-09-03 06:22:00,06:22,C,22.22,22.22,22.22,22.56,22.28,99.0,26.11
1,2026-09-03 06:23:00,06:23,C,22.22,22.22,22.22,22.61,22.28,100.0,26.11
1,2026-09-03 06:24:00,06:24,C,22.22,22.22,22.22,22.61,22.28,100.0,26.11
1,2026-09-03 06:25:00,06:25,C,22.22,22.22,22.22,22.61,22.28,100.0,26.11
1,2026-09-03 06:26:00,06:26,C,22.22,22.28,22.22,22.67,22.28,100.0,26.11
1,2026-09-03 06:27:00,06:27,C,22.22,22.22,22.22,22.61,22.28,100.0,26.11
1,2026-09-03 06:28:00,06:28,C,22.22,22.22,22.22,22.61,22.28,100.0,26.11
1,2026-09-03 06:29:00,06:29,C,22.17,22.22,22.17,22.61,22.28,100.0,26.11
1,2026-09-03 06:30:00,06:30,C,22.17,22.22,22.17,22.61,22.28,100.0,26.11
1,2026-09-03 06:31:00,06:31,C,22.17,22.17,22.17,22.56,22.22,100.0,26.11
1,2026-09-03 06:32:00,06:32,C,22.22,22.22,22.22,22.56,22.22,100.0,26.11
1,2026-09-03 06:33:00,06:33,C,22.22,22.22,22.22,22.56,22.22,99.0,26.11
1,2026-09-03 06:34:00,06:34,C,22.17,22.17,22.17,22.56,22.22,99.0,26.11
1,2026-09-03 06:35:00,06:35,C,22.22,22.22,22.22,22.56,22.22,99.0,26.11
1,2026-09-03 06:36:00,06:36,C,22.22,22.22,22.22,22.56,22.22,100.0,26.11
1,2026-09-03 06:37:00,06:37,C,22.22,22.22,22.22,22.56,22.28,100.0,26.11
1,2026-09-03 06:38:00,06:38,C,22.17,22.22,22.17,22.56,22.28,100.0,26.11
1,2026-09-03 06:39:00,06:39,C,22.22,22.22,22.22,22.56,22.28,100.0,26.11
1,2026-09-03 06:40:00,06:40,C,22.22,22.22,22.22,22.56,22.28,100.0,26.11
1,2026-09-03 06:41:00,06:41,C,22.22,22.22,22.22,22.56,22.28,100.0,26.11
1,2026-09-03 06:42:00,06:42,C,22.22,22.22,22.22,22.61,22.28,100.0,26.11
1,2026-09-03 06:43:00,06:43,C,22.28,22.28,22.28,22.61,22.28,100.0,26.11
1,2026-09-03 06:44:00,06:44,C,22.22,22.22,22.22,22.61,22.28,100.0,26.11
1,2026-09-03 06:45:00,06:45,C,22.22,22.22,22.22,22.61,22.28,100.0,26.11
1,2026-09-03 06:46:00,06:46,C,22.22,22.22,22.22,22.61,22.22,100.0,26.11
1,2026-09-03 06:47:00,06:47,C,22.17,22.22,22.17,22.61,22.22,100.0,26.11
1,2026-09-03 06:48:00,06:48,C,22.17,22.22,22.17,22.61,22.22,100.0,26.11
1,2026-09-03 06:49:00,06:49,C,22.17,22.22,22.17,22.61,22.22,100.0,26.11
1,2026-09-03 06:50:00,06:50,C,22.17,22.17,22.17,22.56,22.22,100.0,26.11
1,2026-09-03 06:51:00,06:51,C,22.17,22.17,22.17,22.56,22.22,100.0,26.11
1,2026-09-03 06:52:00,06:52,C,22.11,22.17,22.11,22.56,22.22,100.0,26.11
1,2026-09-03 06:53:00,06:53,C,22.06,22.11,22.06,22.56,22.22,100.0,26.11
1,2026-09-03 06:54:00,06:54,C,22.11,22.17,22.11,22.56,22.22,100.0,26.11
1,2026-09-03 06:55:00,06:55,C,22.17,22.17,22.17,22.56,22.22,100.0,26.11
1,2026-09-03 06:56:00,06:56,C,22.17,22.17,22.17,22.5,22.22,100.0,26.11
1,2026-09-03 06:57:00,06:57,C,22.17,22.17,22.17,22.5,22.22,100.0,22.22
1,2026-09-03 06:58:00,06:58,C,22.17,22.17,22.17,22.5,22.22,100.0,22.22
1,2026-09-03 06:59:00,06:59,C,22.17,22.17,22.17,22.5,22.22,100.0,22.22
1,2026-09-03 07:00:00,07:00,C,22.11,22.17,22.11,22.5,22.22,100.0,22.22
1,2026-09-03 07:01:00,07:01,C,22.11,22.11,22.11,22.5,22.17,100.0,26.11
1,2026-09-03 07:02:00,07:02,C,22.17,22.17,22.17,22.56,22.22,100.0,26.11
1,2026-09-03 07:03:00,07:03,C,22.17,22.17,22.17,22.56,22.22,100.0,26.11
1,2026-09-03 07:04:00,07:04,C,22.17,22.17,22.17,22.5,22.17,100.0,26.11
1,2026-09-03 07:05:00,07:05,C,22.17,22.17,22.17,22.5,22.22,100.0,26.11
1,2026-09-03 07:06:00,07:06,C,22.22,22.22,22.22,22.5,22.22,100.0,26.11
1,2026-09-03 07:07:00,07:07,C,22.22,22.22,22.22,22.56,22.22,100.0,26.11
1,2026-09-03 07:08:00,07:08,C,22.22,22.22,22.22,22.56,22.22,100.0,26.11
1,2026-09-03 07:09:00,07:09,C,22.22,22.22,22.22,22.56,22.22,100.0,26.11
1,2026-09-03 07:10:00,07:10,C,22.22,22.22,22.22,22.56,22.22,100.0,26.11
1,2026-09-03 07:11:00,07:11,C,22.17,22.17,22.17,22.56,22.22,100.0,26.11
1,2026-09-03 07:12:00,07:12,C,22.17,22.17,22.17,22.5,22.17,100.0,26.11
1,2026-09-03 07:13:00,07:13,C,22.11,22.11,22.11,22.44,22.17,100.0,22.22
1,2026-09-03 07:14:00,07:14,C,22.17,22.17,22.17,22.44,22.17,100.0,22.22
1,2026-09-03 07:15:00,07:15,C,22.11,22.11,22.11,22.44,22.11,100.0,22.22
1,2026-09-03 07:16:00,07:16,C,22.11,22.11,22.11,22.44,22.17,100.0,22.22
1,2026-09-03 07:17:00,07:17,C,22.11,22.11,22.11,22.44,22.17,100.0,22.22
1,2026-09-03 07:18:00,07:18,C,22.11,22.17,22.11,22.44,22.22,100.0,22.22
1,2026-09-03 07:19:00,07:19,C,22.06,22.11,22.06,22.44,22.22,100.0,22.22
1,2026-09-03 07:20:00,07:20,C,22.11,22.17,22.11,22.44,22.22,100.0,22.22
1,2026-09-03 07:21:00,07:21,C,22.22,22.22,22.22,22.56,22.22,100.0,26.11
1,2026-09-03 07:22:00,07:22,C,22.22,22.22,22.22,22.61,22.28,100.0,26.11
1,2026-09-03 07:23:00,07:23,C,22.22,22.22,22.22,22.61,22.28,100.0,26.11
1,2026-09-03 07:24:00,07:24,C,22.17,22.22,22.17,22.61,22.28,100.0,26.11
1,2026-09-03 07:25:00,07:25,C,22.17,22.22,22.17,22.56,22.28,100.0,26.11
1,2026-09-03 07:26:00,07:26,C,22.17,22.22,22.17,22.61,22.22,100.0,26.11
1,2026-09-03 07:27:00,07:27,C,22.17,22.17,22.17,22.56,22.22,100.0,26.11
1,2026-09-03 07:28:00,07:28,C,22.17,22.17,22.17,22.56,22.22,100.0,26.11
1,2026-09-03 07:29:00,07:29,C,22.17,22.17,22.17,22.56,22.22,100.0,26.11
1,2026-09-03 07:30:00,07:30,C,22.11,22.17,22.11,22.56,22.22,100.0,26.11
1,2026-09-03 07:31:00,07:31,C,22.06,22.11,22.06,22.5,22.22,100.0,22.22
1,2026-09-03 07:32:00,07:32,C,22.11,22.17,22.11,22.44,22.22,100.0,22.22
1,2026-09-03 07:33:00,07:33,C,22.11,22.17,22.11,22.44,22.22,100.0,22.22
1,2026-09-03 07:34:00,07:34,C,22.17,22.17,22.17,22.39,22.22,100.0,22.22
1,2026-09-03 07:35:00,07:35,C,22.17,22.17,22.17,22.39,22.22,100.0,22.22
1,2026-09-03 07:36:00,07:36,C,22.17,22.17,22.17,22.39,22.28,100.0,22.22
1,2026-09-03 07:37:00,07:37,C,22.17,22.17,22.17,22.39,22.28,100.0,22.22
1,2026-09-03 07:38:00,07:38,C,22.17,22.17,22.17,22.39,22.28,100.0,22.22
1,2026-09-03 07:39:00,07:39,C,22.17,22.17,22.17,22.39,22.28,100.0,22.22
1,2026-09-03 07:40:00,07:40,C,22.17,22.17,22.17,22.39,22.28,100.0,22.22
1,2026-09-03 07:41:00,07:41,C,22.22,22.28,22.22,22.44,22.39,100.0,22.22
1,2026-09-03 07:42:00,07:42,C,22.22,22.28,22.22,22.5,22.39,100.0,26.11
1,2026-09-03 07:43:00,07:43,C,22.28,22.28,22.22,22.5,22.44,100.0,22.22
1,2026-09-03 07:44:00,07:44,C,22.28,22.28,22.22,22.5,22.44,100.0,26.11
1,2026-09-03 07:45:00,07:45,C,22.28,22.28,22.22,22.5,22.44,100.0,26.11
1,2026-09-03 07:46:00,07:46,C,22.28,22.28,22.22,22.5,22.44,100.0,26.11
1,2026-09-03 07:47:00,07:47,C,22.28,22.28,22.22,22.56,22.44,100.0,26.11
1,2026-09-03 07:48:00,07:48,C,22.28,22.33,22.28,22.56,22.44,100.0,26.11
1,2026-09-03 07:49:00,07:49,C,22.28,22.28,22.22,22.56,22.44,100.0,26.11
1,2026-09-03 07:50:00,07:50,C,22.33,22.33,22.28,22.61,22.5,100.0,26.11
1,2026-09-03 07:51:00,07:51,C,22.33,22.33,22.28,22.61,22.56,100.0,26.11
1,2026-09-03 07:52:00,07:52,C,22.33,22.33,22.28,22.61,22.56,100.0,26.11
1,2026-09-03 07:53:00,07:53,C,22.33,22.33,22.28,22.72,22.56,100.0,26.11
1,2026-09-03 07:54:00,07:54,C,22.33,22.33,22.28,22.72,22.56,100.0,26.11
1,2026-09-03 07:55:00,07:55,C,22.33,22.33,22.28,22.72,22.56,100.0,26.11
1,2026-09-03 07:56:00,07:56,C,22.33,22.39,22.28,22.72,22.61,100.0,26.11
1,2026-09-03 07:57:00,07:57,C,22.33,22.39,22.28,22.72,22.61,100.0,26.11
1,2026-09-03 07:58:00,07:58,C,22.33,22.39,22.28,22.72,22.61,100.0,26.11
1,2026-09-03 07:59:00,07:59,C,22.33,22.39,22.28,22.78,22.61,100.0,26.11
1,2026-09-03 08:00:00,08:00,C,22.39,22.39,22.33,22.78,22.61,100.0,26.11
1,2026-09-03 08:01:00,08:01,C,22.39,22.44,22.33,22.78,22.67,100.0,26.11
1,2026-09-03 08:02:00,08:02,C,22.39,22.39,22.28,22.83,22.72,100.0,26.11
1,2026-09-03 08:03:00,08:03,C,22.39,22.39,22.28,22.83,22.72,100.0,26.11
1,2026-09-03 08:04:00,08:04,C,22.44,22.5,22.39,22.89,22.72,100.0,26.11
1,2026-09-03 08:05:00,08:05,C,22.44,22.5,22.39,22.89,22.72,100.0,26.11
1,2026-09-03 08:06:00,08:06,C,22.44,22.5,22.39,22.89,22.72,100.0,26.11
1,2026-09-03 08:07:00,08:07,C,22.5,22.5,22.39,22.89,22.78,100.0,26.11
1,2026-09-03 08:08:00,08:08,C,22.5,22.5,22.39,22.94,22.83,100.0,26.11
1,2026-09-03 08:09:00,08:09,C,22.56,22.56,22.44,22.94,22.83,100.0,26.11
1,2026-09-03 08:10:00,08:10,C,22.61,22.61,22.5,22.94,22.89,100.0,26.11
1,2026-09-03 08:11:00,08:11,C,22.67,22.67,22.56,23.06,22.94,100.0,26.11
1,2026-09-03 08:12:00,08:12,C,22.72,22.72,22.61,23.06,23.0,100.0,26.11
1,2026-09-03 08:13:00,08:13,C,22.72,22.72,22.61,23.11,23.11,100.0,26.67
1,2026-09-03 08:14:00,08:14,C,22.72,22.72,22.61,23.22,23.11,100.0,26.67
1,2026-09-03 08:15:00,08:15,C,22.72,22.72,22.61,23.22,23.11,100.0,26.67
1,2026-09-03 08:16:00,08:16,C,22.83,22.83,22.72,23.28,23.11,99.0,26.67
1,2026-09-03 08:17:00,08:17,C,22.94,22.89,22.78,23.28,23.33,99.0,26.67
1,2026-09-03 08:18:00,08:18,C,23.0,23.0,22.78,23.39,23.67,99.0,26.67
1,2026-09-03 08:19:00,08:19,C,23.06,23.0,22.78,23.39,23.72,99.0,26.67
1,2026-09-03 08:20:00,08:20,C,22.94,22.94,22.72,23.39,23.56,99.0,26.67
1,2026-09-03 08:21:00,08:21,C,22.89,22.89,22.72,23.44,23.44,99.0,26.67
1,2026-09-03 08:22:00,08:22,C,22.89,22.89,22.72,23.44,23.39,98.0,26.67
1,2026-09-03 08:23:00,08:23,C,22.89,22.89,22.72,23.44,23.39,98.0,26.67
1,2026-09-03 08:24:00,08:24,C,22.89,22.89,22.72,23.44,23.39,98.0,26.67
1,2026-09-03 08:25:00,08:25,C,22.94,22.94,22.78,23.44,23.44,98.0,26.67
1,2026-09-03 08:26:00,08:26,C,22.94,22.94,22.78,23.5,23.44,98.0,26.67
1,2026-09-03 08:27:00,08:27,C,23.0,23.0,22.78,23.44,23.56,98.0,26.67
1,2026-09-03 08:28:00,08:28,C,23.0,23.0,22.78,23.5,23.67,98.0,26.67
1,2026-09-03 08:29:00,08:29,C,23.0,23.0,22.78,23.56,23.67,97.0,26.11
1,2026-09-03 08:30:00,08:30,C,23.06,23.06,22.83,23.56,23.72,97.0,26.11
1,2026-09-03 08:31:00,08:31,C,23.17,23.11,22.89,23.61,23.83,97.0,27.22
1,2026-09-03 08:32:00,08:32,C,23.17,23.11,22.89,23.61,23.83,97.0,27.22
1,2026-09-03 08:33:00,08:33,C,23.17,23.17,22.89,23.67,23.94,97.0,27.22
1,2026-09-03 08:34:00,08:34,C,23.22,23.17,22.89,23.72,24.0,97.0,27.22
1,2026-09-03 08:35:00,08:35,C,23.28,23.22,22.94,23.72,24.06,97.0,27.22
1,2026-09-03 08:36:00,08:36,C,23.28,23.22,22.94,23.78,24.11,96.0,27.22
1,2026-09-03 08:37:00,08:37,C,23.28,23.28,22.94,23.78,24.22,96.0,27.22
1,2026-09-03 08:38:00,08:38,C,23.39,23.39,23.06,23.83,24.33,96.0,27.22
1,2026-09-03 08:39:00,08:39,C,23.44,23.39,23.06,23.89,24.44,96.0,27.22
1,2026-09-03 08:40:00,08:40,C,23.5,23.44,23.11,23.94,24.5,96.0,27.22
1,2026-09-03 08:41:00,08:41,C,23.56,23.44,23.11,23.94,24.61,96.0,27.22
1,2026-09-03 08:42:00,08:42,C,23.67,23.61,23.22,24.0,24.78,96.0,27.22
1,2026-09-03 08:43:00,08:43,C,23.72,23.61,23.22,24.11,24.94,96.0,27.22
1,2026-09-03 08:44:00,08:44,C,23.78,23.67,23.28,24.11,25.06,95.0,26.67
1,2026-09-03 08:45:00,08:45,C,23.78,23.72,23.28,24.22,25.11,95.0,27.78
1,2026-09-03 08:46:00,08:46,C,23.83,23.72,23.28,24.28,25.22,95.0,27.78
1,2026-09-03 08:47:00,08:47,C,23.89,23.78,23.33,24.28,25.33,94.0,27.78
1,2026-09-03 08:48:00,08:48,C,23.94,23.83,23.33,24.28,25.39,94.0,27.78
1,2026-09-03 08:49:00,08:49,C,24.0,23.89,23.39,24.33,25.5,94.0,27.78
1,2026-09-03 08:50:00,08:50,C,24.06,23.89,23.39,24.44,25.61,93.0,27.22
1,2026-09-03 08:51:00,08:51,C,24.11,23.94,23.44,24.5,25.67,94.0,27.78
1,2026-09-03 08:52:00,08:52,C,24.17,24.06,23.5,24.5,25.78,93.0,27.22
1,2026-09-03 08:53:00,08:53,C,24.17,24.06,23.5,24.56,25.83,93.0,27.22
1,2026-09-03 08:54:00,08:54,C,24.22,24.11,23.56,24.61,25.89,93.0,27.22
1,2026-09-03 08:55:00,08:55,C,24.28,24.11,23.56,24.61,26.0,93.0,27.22
1,2026-09-03 08:56:00,08:56,C,24.33,24.17,23.61,24.67,26.11,93.0,27.22
1,2026-09-03 08:57:00,08:57,C,24.44,24.28,23.72,24.78,26.22,92.0,28.33
1,2026-09-03 08:58:00,08:58,C,24.56,24.39,23.78,24.83,26.39,92.0,28.33
1,2026-09-03 08:59:00,08:59,C,24.67,24.44,23.83,24.89,26.61,92.0,28.33
1,2026-09-03 09:00:00,09:00,C,24.72,24.56,23.89,24.94,26.78,92.0,28.33
1,2026-09-03 09:01:00,09:01,C,24.72,24.56,23.89,25.0,26.83,91.0,28.33
1,2026-09-03 09:02:00,09:02,C,24.83,24.61,23.94,25.11,26.94,91.0,28.33
1,2026-09-03 09:03:00,09:03,C,24.83,24.67,23.94,25.17,27.0,91.0,28.33
1,2026-09-03 09:04:00,09:04,C,24.89,24.72,24.0,25.22,27.11,90.0,27.78
1,2026-09-03 09:05:00,09:05,C,24.94,24.72,24.0,25.28,27.22,90.0,28.33
1,2026-09-03 09:06:00,09:06,C,25.06,24.83,24.11,25.33,27.33,90.0,28.33
1,2026-09-03 09:07:00,09:07,C,25.11,24.89,24.17,25.39,27.39,89.0,28.33
1,2026-09-03 09:08:00,09:08,C,25.17,25.0,24.22,25.44,27.5,89.0,28.33
1,2026-09-03 09:09:00,09:09,C,25.22,25.0,24.22,25.56,27.56,88.0,28.33
1,2026-09-03 09:10:00,09:10,C,25.22,25.0,24.22,25.61,27.67,88.0,28.33
1,2026-09-03 09:11:00,09:11,C,25.28,25.06,24.28,25.67,27.72,87.0,28.33
1,2026-09-03 09:12:00,09:12,C,25.33,25.11,24.28,25.83,27.83,86.0,28.89
1,2026-09-03 09:13:00,09:13,C,25.44,25.22,24.33,25.89,28.11,87.0,28.89
1,2026-09-03 09:14:00,09:14,C,25.56,25.33,24.39,25.94,28.39,87.0,28.89
1,2026-09-03 09:15:00,09:15,C,25.61,25.39,24.44,26.06,28.5,85.0,28.89
1,2026-09-03 09:16:00,09:16,C,25.67,25.44,24.44,26.17,28.61,86.0,28.89
1,2026-09-03 09:17:00,09:17,C,25.72,25.44,24.44,26.17,28.72,84.0,28.89
1,2026-09-03 09:18:00,09:18,C,25.72,25.44,24.44,26.22,28.72,82.0,28.89
1,2026-09-03 09:19:00,09:19,C,25.61,25.39,24.33,26.39,28.72,83.0,30.0
1,2026-09-03 09:20:00,09:20,C,25.83,25.56,24.5,26.39,28.94,84.0,30.0
1,2026-09-03 09:21:00,09:21,C,25.83,25.56,24.5,26.5,29.0,82.0,30.0
1,2026-09-03 09:22:00,09:22,C,25.89,25.61,24.56,26.5,29.11,82.0,30.0
1,2026-09-03 09:23:00,09:23,C,25.94,25.67,24.61,26.56,29.11,82.0,30.0
1,2026-09-03 09:24:00,09:24,C,26.06,25.78,24.67,26.56,29.44,82.0,30.0
1,2026-09-03 09:25:00,09:25,C,26.22,25.94,24.72,26.61,29.89,81.0,30.0
1,2026-09-03 09:26:00,09:26,C,26.33,26.0,24.78,26.67,30.06,81.0,30.0
1,2026-09-03 09:27:00,09:27,C,26.39,26.06,24.83,26.72,30.11,80.0,29.44
1,2026-09-03 09:28:00,09:28,C,26.5,26.17,24.94,26.83,30.17,79.0,29.44
1,2026-09-03 09:29:00,09:29,C,26.56,26.22,25.0,26.89,30.22,78.0,29.44
1,2026-09-03 09:30:00,09:30,C,26.56,26.22,24.94,27.0,30.33,78.0,30.56
1,2026-09-03 09:31:00,09:31,C,26.5,26.17,24.89,27.11,30.28,76.0,30.0
1,2026-09-03 09:32:00,09:32,C,26.44,26.11,24.78,27.22,30.33,76.0,30.0
1,2026-09-03 09:33:00,09:33,C,26.44,26.11,24.78,27.28,30.44,78.0,30.56
1,2026-09-03 09:34:00,09:34,C,26.44,26.17,24.83,27.28,30.33,78.0,30.56
1,2026-09-03 09:35:00,09:35,C,26.5,26.22,24.94,27.39,30.28,77.0,30.56
1,2026-09-03 09:36:00,09:36,C,26.44,26.17,24.83,27.39,30.22,77.0,30.56
1,2026-09-03 09:37:00,09:37,C,26.44,26.17,24.89,27.39,30.17,77.0,30.56
1,2026-09-03 09:38:00,09:38,C,26.5,26.22,25.0,27.44,30.11,76.0,30.0
1,2026-09-03 09:39:00,09:39,C,26.5,26.22,25.0,27.5,30.11,78.0,30.56
1,2026-09-03 09:40:00,09:40,C,26.5,26.28,25.0,27.5,30.17,77.0,30.56
1,2026-09-03 09:41:00,09:41,C,26.5,26.28,25.0,27.5,30.17,76.0,31.11
1,2026-09-03 09:42:00,09:42,C,26.56,26.33,25.06,27.56,30.22,77.0,31.67
1,2026-09-03 09:43:00,09:43,C,26.61,26.39,25.11,27.61,30.28,76.0,31.11
1,2026-09-03 09:44:00,09:44,C,26.78,26.5,25.22,27.67,30.5,75.0,31.11
1,2026-09-03 09:45:00,09:45,C,26.83,26.56,25.22,27.78,30.72,74.0,31.11
1,2026-09-03 09:46:00,09:46,C,26.83,26.5,25.11,27.94,30.89,73.0,31.11
1,2026-09-03 09:47:00,09:47,C,26.89,26.61,25.17,28.06,31.06,75.0,31.11
1,2026-09-03 09:48:00,09:48,C,27.11,26.83,25.39,28.17,31.28,75.0,32.22
1,2026-09-03 09:49:00,09:49,C,27.83,27.44,26.0,28.39,32.28,76.0,32.22
1,2026-09-03 09:50:00,09:50,C,28.94,28.39,26.61,28.61,34.5,74.0,33.33
1,2026-09-03 09:51:00,09:51,C,29.89,29.06,26.89,28.83,36.89,70.0,32.78
1,2026-09-03 09:52:00,09:52,C,30.33,29.39,26.89,29.17,38.5,69.0,33.33
1,2026-09-03 09:53:00,09:53,C,30.72,29.67,26.83,29.33,39.89,63.0,32.78
1,2026-09-03 09:54:00,09:54,C,30.67,29.61,26.5,29.5,40.56,63.0,32.78
1,2026-09-03 09:55:00,09:55,C,30.72,29.61,26.5,29.67,40.67,60.0,32.22
1,2026-09-03 09:56:00,09:56,C,30.5,29.44,26.39,29.67,40.11,59.0,32.22
1,2026-09-03 09:57:00,09:57,C,29.94,29.06,26.22,29.67,38.72,59.0,32.22
1,2026-09-03 09:58:00,09:58,C,29.5,28.67,26.06,29.67,37.56,60.0,32.22
1,2026-09-03 09:59:00,09:59,C,29.0,28.33,25.89,29.44,36.39,60.0,32.22
1,2026-09-03 10:00:00,10:00,C,28.78,28.17,26.0,29.28,35.39,59.0,32.22
1,2026-09-03 10:01:00,10:01,C,28.5,27.94,25.89,29.28,34.61,60.0,32.22
1,2026-09-03 10:02:00,10:02,C,28.39,27.89,25.89,29.28,34.22,61.0,32.22
1,2026-09-03 10:03:00,10:03,C,28.61,28.11,26.17,29.33,34.39,63.0,32.78
1,2026-09-03 10:04:00,10:04,C,28.78,28.28,26.28,29.5,34.78,63.0,32.78
1,2026-09-03 10:05:00,10:05,C,28.89,28.33,26.22,29.61,35.22,62.0,32.22
1,2026-09-03 10:06:00,10:06,C,29.11,28.5,26.28,29.67,35.72,62.0,32.22
1,2026-09-03 10:07:00,10:07,C,29.5,28.83,26.44,29.78,36.72,60.0,33.33
1,2026-09-03 10:08:00,10:08,C,29.72,28.94,26.33,29.83,37.72,61.0,33.33
1,2026-09-03 10:09:00,10:09,C,29.89,29.11,26.5,30.0,37.94,59.0,32.78
1,2026-09-03 10:10:00,10:10,C,30.06,29.22,26.61,30.17,38.11,58.0,32.78
1,2026-09-03 10:11:00,10:11,C,30.22,29.39,26.67,30.28,38.61,57.0,32.78
1,2026-09-03 10:12:00,10:12,C,30.0,29.17,26.33,30.33,38.67,55.0,33.33
1,2026-09-03 10:13:00,10:13,C,29.94,29.17,26.33,30.44,38.5,54.0,33.33
1,2026-09-03 10:14:00,10:14,C,29.89,29.06,26.22,30.5,38.5,53.0,32.78
1,2026-09-03 10:15:00,10:15,C,30.17,29.39,26.56,30.67,38.72,55.0,33.33
1,2026-09-03 10:16:00,10:16,C,30.44,29.61,26.83,30.83,38.94,52.0,32.78
1,2026-09-03 10:17:00,10:17,C,30.0,29.17,26.22,30.78,38.83,51.0,32.78
1,2026-09-03 10:18:00,10:18,C,29.78,29.0,26.06,30.78,38.56,50.0,32.22
1,2026-09-03 10:19:00,10:19,C,29.72,28.94,26.06,30.78,38.28,51.0,32.78
1,2026-09-03 10:20:00,10:20,C,29.67,28.94,26.06,30.78,38.17,50.0,32.22
1,2026-09-03 10:21:00,10:21,C,29.83,29.11,26.33,30.89,38.17,51.0,33.33
1,2026-09-03 10:22:00,10:22,C,30.0,29.22,26.33,31.0,38.67,49.0,33.33
1,2026-09-03 10:23:00,10:23,C,30.11,29.33,26.39,31.22,38.83,49.0,33.33
1,2026-09-03 10:24:00,10:24,C,30.17,29.39,26.33,31.28,39.22,49.0,33.33
1,2026-09-03 10:25:00,10:25,C,30.67,29.78,26.56,31.33,40.33,47.0,32.78
1,2026-09-03 10:26:00,10:26,C,31.22,30.22,26.89,31.5,41.44,47.0,33.89
1,2026-09-03 10:27:00,10:27,C,31.5,30.39,26.83,31.56,42.39,45.0,33.33
1,2026-09-03 10:28:00,10:28,C,32.11,30.94,27.22,31.72,43.61,45.0,33.33
1,2026-09-03 10:29:00,10:29,C,32.5,31.22,27.28,31.83,44.83,44.0,33.33
1,2026-09-03 10:30:00,10:30,C,32.94,31.56,27.44,31.94,45.89,42.0,32.78
1,2026-09-03 10:31:00,10:31,C,33.44,32.0,27.78,32.11,46.72,44.0,33.89
1,2026-09-03 10:32:00,10:32,C,34.06,32.5,28.22,32.22,47.67,40.0,33.33
1,2026-09-03 10:33:00,10:33,C,34.11,32.5,28.11,32.33,48.17,40.0,33.33
1,2026-09-03 10:34:00,10:34,C,34.06,32.44,27.89,32.5,48.56,40.0,33.33
1,2026-09-03 10:35:00,10:35,C,34.56,32.94,28.39,32.78,49.06,39.0,33.89
1,2026-09-03 10:36:00,10:36,C,34.67,33.0,28.22,32.89,49.78,38.0,33.89
1,2026-09-03 10:37:00,10:37,C,34.94,33.22,28.44,33.28,50.17,37.0,34.44
1,2026-09-03 10:38:00,10:38,C,35.22,33.5,28.61,33.5,50.72,35.0,33.89
1,2026-09-03 10:39:00,10:39,C,34.72,33.0,27.89,33.28,50.78,34.0,33.89
1,2026-09-03 10:40:00,10:40,C,34.83,33.17,28.22,33.44,50.33,34.0,33.89
1,2026-09-03 10:41:00,10:41,C,35.06,33.33,28.44,33.56,50.5,36.0,33.89
1,2026-09-03 10:42:00,10:42,C,34.67,33.0,28.0,33.28,50.39,32.0,33.33
1,2026-09-03 10:43:00,10:43,C,34.22,32.56,27.61,33.11,49.67,32.0,33.33
1,2026-09-03 10:44:00,10:44,C,33.94,32.39,27.56,33.06,49.0,32.0,32.78
1,2026-09-03 10:45:00,10:45,C,33.89,32.33,27.56,33.06,48.78,32.0,32.78
1,2026-09-03 10:46:00,10:46,C,33.94,32.39,27.67,33.06,48.67,30.0,32.22
1,2026-09-03 10:47:00,10:47,C,33.83,32.28,27.5,33.17,48.61,30.0,32.78
1,2026-09-03 10:48:00,10:48,C,34.28,32.78,28.11,33.44,48.83,33.0,33.33
1,2026-09-03 10:49:00,10:49,C,34.78,33.17,28.44,33.78,49.56,30.0,33.89
1,2026-09-03 10:50:00,10:50,C,34.72,33.06,28.22,33.72,49.89,30.0,33.89
1,2026-09-03 10:51:00,10:51,C,34.67,33.06,28.22,33.72,49.78,31.0,33.89
1,2026-09-03 10:52:00,10:52,C,34.61,33.0,28.22,33.61,49.61,32.0,33.89
1,2026-09-03 10:53:00,10:53,C,34.94,33.39,28.67,33.83,49.72,32.0,33.89
1,2026-09-03 10:54:00,10:54,C,35.39,33.72,28.94,33.89,50.44,32.0,33.89
1,2026-09-03 10:55:00,10:55,C,35.33,33.61,28.83,33.5,50.5,33.0,33.33
1,2026-09-03 10:56:00,10:56,C,35.0,33.39,28.61,33.61,50.06,33.0,34.44
1,2026-09-03 10:57:00,10:57,C,34.78,33.11,28.28,33.5,50.0,34.0,33.89
1,2026-09-03 10:58:00,10:58,C,34.83,33.17,28.44,33.39,49.78,35.0,33.89
1,2026-09-03 10:59:00,10:59,C,34.67,33.06,28.44,33.11,49.33,35.0,33.89
1,2026-09-03 11:00:00,11:00,C,34.78,33.17,28.61,33.11,49.28,34.0,33.89
1,2026-09-03 11:01:00,11:01,C,35.0,33.39,28.78,33.39,49.56,36.0,33.89
1,2026-09-03 11:02:00,11:02,C,35.33,33.67,28.89,33.56,50.5,32.0,33.33
1,2026-09-03 11:03:00,11:03,C,34.94,33.28,28.28,33.61,50.61,30.0,33.89
1,2026-09-03 11:04:00,11:04,C,34.67,33.0,27.94,33.61,50.44,31.0,33.89
1,2026-09-03 11:05:00,11:05,C,34.67,33.0,28.06,33.61,50.11,30.0,32.78
1,2026-09-03 11:06:00,11:06,C,34.33,32.72,27.83,33.61,49.5,31.0,33.33
1,2026-09-03 11:07:00,11:07,C,34.06,32.44,27.61,33.44,49.11,31.0,33.33
1,2026-09-03 11:08:00,11:08,C,34.06,32.56,27.89,33.56,48.56,30.0,32.78
1,2026-09-03 11:09:00,11:09,C,34.06,32.56,27.89,33.61,48.56,31.0,33.89
1,2026-09-03 11:10:00,11:10,C,34.28,32.72,28.0,33.39,48.94,30.0,32.78
1,2026-09-03 11:11:00,11:11,C,33.94,32.39,27.61,33.44,48.83,30.0,32.78
1,2026-09-03 11:12:00,11:12,C,33.72,32.22,27.39,33.39,48.67,30.0,32.78
1,2026-09-03 11:13:00,11:13,C,34.0,32.56,27.83,33.72,48.5,30.0,33.89
1,2026-09-03 11:14:00,11:14,C,34.22,32.67,27.89,33.67,49.06,29.0,0.0
1,2026-09-03 11:15:00,11:15,C,33.83,32.33,27.56,33.44,48.56,29.0,0.0
1,2026-09-03 11:16:00,11:16,C,33.94,32.5,27.78,33.78,48.44,30.0,33.89
1,2026-09-03 11:17:00,11:17,C,34.11,32.61,27.78,33.94,49.0,30.0,33.89
1,2026-09-03 11:18:00,11:18,C,34.5,32.94,28.11,34.22,49.44,31.0,35.0
1,2026-09-03 11:19:00,11:19,C,34.61,33.06,28.06,34.28,50.06,28.0,0.0
1,2026-09-03 11:20:00,11:20,C,34.5,32.89,27.83,34.22,50.17,28.0,0.0
1,2026-09-03 11:21:00,11:21,C,34.39,32.83,27.72,34.06,50.11,28.0,0.0
1,2026-09-03 11:22:00,11:22,C,34.44,32.89,27.89,34.28,49.89,28.0,0.0
1,2026-09-03 11:23:00,11:23,C,35.11,33.5,28.56,34.44,50.56,28.0,0.0
1,2026-09-03 11:24:00,11:24,C,35.17,33.5,28.39,34.39,51.0,29.0,0.0
1,2026-09-03 11:25:00,11:25,C,35.06,33.39,28.28,34.5,50.94,31.0,35.0
1,2026-09-03 11:26:00,11:26,C,35.67,34.06,29.06,34.94,51.22,29.0,0.0
1,2026-09-03 11:27:00,11:27,C,36.0,34.28,29.17,34.83,51.94,28.0,0.0
1,2026-09-03 11:28:00,11:28,C,36.06,34.33,29.22,34.83,52.0,30.0,35.56
1,2026-09-03 11:29:00,11:29,C,36.39,34.67,29.61,35.06,52.22,31.0,35.56
1,2026-09-03 11:30:00,11:30,C,36.22,34.44,29.22,35.17,52.61,29.0,0.0
1,2026-09-03 11:31:00,11:31,C,35.72,33.94,28.5,35.0,52.61,27.0,0.0
1,2026-09-03 11:32:00,11:32,C,35.22,33.5,28.06,34.83,52.0,27.0,0.0
1,2026-09-03 11:33:00,11:33,C,35.33,33.72,28.5,35.17,51.39,27.0,0.0
1,2026-09-03 11:34:00,11:34,C,34.89,33.22,27.89,34.89,51.28,26.0,0.0
1,2026-09-03 11:35:00,11:35,C,34.67,33.06,27.83,34.78,50.72,26.0,0.0
1,2026-09-03 11:36:00,11:36,C,35.11,33.5,28.33,35.0,50.94,27.0,0.0
1,2026-09-03 11:37:00,11:37,C,35.28,33.67,28.44,35.11,51.22,26.0,0.0
1,2026-09-03 11:38:00,11:38,C,35.28,33.61,28.28,35.11,51.72,25.0,0.0
1,2026-09-03 11:39:00,11:39,C,34.94,33.33,27.94,34.94,51.44,25.0,0.0
1,2026-09-03 11:40:00,11:40,C,34.72,33.11,27.89,34.78,50.67,25.0,0.0
1,2026-09-03 11:41:00,11:41,C,34.56,33.0,27.89,34.72,50.17,25.0,0.0
1,2026-09-03 11:42:00,11:42,C,34.56,33.06,28.06,34.72,49.78,29.0,0.0
1,2026-09-03 11:43:00,11:43,C,35.0,33.5,28.61,34.89,49.94,28.0,0.0
1,2026-09-03 11:44:00,11:44,C,34.94,33.33,28.33,34.5,50.44,27.0,0.0
1,2026-09-03 11:45:00,11:45,C,34.39,32.83,27.94,34.22,49.5,28.0,0.0
1,2026-09-03 11:46:00,11:46,C,34.89,33.39,28.67,34.61,49.5,30.0,34.44
1,2026-09-03 11:47:00,11:47,C,35.61,34.06,29.28,34.94,50.5,30.0,35.56
1,2026-09-03 11:48:00,11:48,C,35.89,34.22,29.28,35.0,51.39,32.0,36.11
1,2026-09-03 11:49:00,11:49,C,35.83,34.17,29.06,35.11,51.67,29.0,0.0
1,2026-09-03 11:50:00,11:50,C,36.22,34.56,29.5,35.22,52.0,29.0,0.0
1,2026-09-03 11:51:00,11:51,C,36.22,34.56,29.5,35.22,51.94,32.0,36.11
1,2026-09-03 11:52:00,11:52,C,36.0,34.28,29.17,35.0,51.94,28.0,0.0
1,2026-09-03 11:53:00,11:53,C,35.11,33.5,28.28,34.61,51.22,27.0,0.0
1,2026-09-03 11:54:00,11:54,C,34.56,32.94,27.94,34.33,50.0,28.0,0.0
1,2026-09-03 11:55:00,11:55,C,34.94,33.39,28.44,34.78,50.22,27.0,0.0
1,2026-09-03 11:56:00,11:56,C,35.78,34.11,29.0,35.17,51.61,28.0,0.0
1,2026-09-03 11:57:00,11:57,C,36.61,34.83,29.67,35.39,52.83,30.0,36.11
1,2026-09-03 11:58:00,11:58,C,36.89,35.11,29.83,35.61,53.5,29.0,0.0
1,2026-09-03 11:59:00,11:59,C,36.5,34.72,29.17,35.61,53.78,27.0,0.0
1,2026-09-03 12:00:00,12:00,C,36.28,34.5,29.0,35.61,53.39,27.0,0.0
1,2026-09-03 12:01:00,12:01,C,36.22,34.44,28.94,35.78,53.22,29.0,0.0
1,2026-09-03 12:02:00,12:02,C,36.67,34.89,29.39,36.0,53.67,26.0,0.0
1,2026-09-03 12:03:00,12:03,C,36.11,34.33,28.61,35.83,53.67,24.0,0.0
1,2026-09-03 12:04:00,12:04,C,36.06,34.28,28.61,35.72,53.44,25.0,0.0
1,2026-09-03 12:05:00,12:05,C,35.83,34.06,28.44,35.61,53.17,26.0,0.0
1,2026-09-03 12:06:00,12:06,C,36.22,34.5,29.0,35.89,53.11,26.0,0.0
1,2026-09-03 12:07:00,12:07,C,36.06,34.28,28.61,35.78,53.56,25.0,0.0
1,2026-09-03 12:08:00,12:08,C,36.78,35.0,29.44,36.22,53.89,28.0,0.0
1,2026-09-03 12:09:00,12:09,C,36.5,34.61,28.72,36.0,54.67,24.0,0.0
1,2026-09-03 12:10:00,12:10,C,34.89,33.28,27.72,35.5,51.61,24.0,0.0
1,2026-09-03 12:11:00,12:11,C,34.0,32.67,27.78,35.44,48.61,25.0,0.0
1,2026-09-03 12:12:00,12:12,C,33.83,32.61,27.89,35.39,47.83,25.0,0.0
1,2026-09-03 12:13:00,12:13,C,33.56,32.33,27.61,35.17,47.44,26.0,0.0
1,2026-09-03 12:14:00,12:14,C,33.22,32.17,27.78,35.11,46.06,27.0,0.0
1,2026-09-03 12:15:00,12:15,C,34.0,32.83,28.33,35.5,47.28,28.0,0.0
1,2026-09-03 12:16:00,12:16,C,35.39,33.94,29.22,35.83,49.78,29.0,0.0
1,2026-09-03 12:17:00,12:17,C,36.33,34.78,29.67,36.17,52.0,27.0,0.0
1,2026-09-03 12:18:00,12:18,C,36.33,34.56,28.83,36.06,53.94,25.0,0.0
1,2026-09-03 12:19:00,12:19,C,36.33,34.44,28.44,36.0,54.78,24.0,0.0
1,2026-09-03 12:20:00,12:20,C,35.94,34.11,28.11,35.89,54.39,25.0,0.0
1,2026-09-03 12:21:00,12:21,C,34.39,32.83,27.33,35.39,50.89,24.0,0.0
1,2026-09-03 12:22:00,12:22,C,33.22,32.0,27.11,35.17,47.61,24.0,0.0
1,2026-09-03 12:23:00,12:23,C,32.33,31.28,26.78,34.72,45.33,25.0,0.0
1,2026-09-03 12:24:00,12:24,C,31.67,30.83,26.78,34.56,43.22,27.0,0.0
1,2026-09-03 12:25:00,12:25,C,31.39,30.61,27.0,34.28,41.67,29.0,0.0
1,2026-09-03 12:26:00,12:26,C,31.17,30.56,27.22,34.28,40.44,29.0,0.0
1,2026-09-03 12:27:00,12:27,C,31.67,30.94,27.56,34.39,41.28,29.0,0.0
1,2026-09-03 12:28:00,12:28,C,32.89,31.89,27.89,35.0,44.56,30.0,35.56
1,2026-09-03 12:29:00,12:29,C,34.11,32.89,28.28,35.56,47.72,29.0,0.0
1,2026-09-03 12:30:00,12:30,C,35.33,33.89,28.89,36.11,50.44,30.0,37.22
1,2026-09-03 12:31:00,12:31,C,35.72,34.06,28.56,35.78,52.5,28.0,0.0
1,2026-09-03 12:32:00,12:32,C,36.06,34.39,28.89,36.11,52.94,28.0,0.0
1,2026-09-03 12:33:00,12:33,C,36.61,34.89,29.39,36.39,53.61,30.0,37.78
1,2026-09-03 12:34:00,12:34,C,36.5,34.72,29.0,36.39,54.0,27.0,0.0
1,2026-09-03 12:35:00,12:35,C,36.78,35.0,29.39,36.56,54.11,28.0,0.0
1,2026-09-03 12:36:00,12:36,C,36.56,34.78,29.0,36.33,54.33,27.0,0.0
1,2026-09-03 12:37:00,12:37,C,36.67,34.89,29.17,36.56,54.17,28.0,0.0
1,2026-09-03 12:38:00,12:38,C,37.06,35.22,29.39,36.83,55.0,28.0,0.0
1,2026-09-03 12:39:00,12:39,C,36.56,34.72,28.78,36.61,54.83,30.0,37.78
1,2026-09-03 12:40:00,12:40,C,36.33,34.56,28.72,36.39,54.11,25.0,0.0
1,2026-09-03 12:41:00,12:41,C,36.22,34.5,28.78,36.44,53.72,26.0,0.0
1,2026-09-03 12:42:00,12:42,C,36.33,34.61,28.94,36.39,53.61,26.0,0.0
1,2026-09-03 12:43:00,12:43,C,36.44,34.78,29.11,36.72,53.72,25.0,0.0
1,2026-09-03 12:44:00,12:44,C,37.33,35.56,29.83,37.17,54.83,26.0,0.0
1,2026-09-03 12:45:00,12:45,C,37.33,35.44,29.39,37.06,55.94,24.0,0.0
1,2026-09-03 12:46:00,12:46,C,36.94,35.0,28.78,36.89,56.0,23.0,0.0
1,2026-09-03 12:47:00,12:47,C,37.06,35.11,28.89,37.11,56.11,25.0,0.0
1,2026-09-03 12:48:00,12:48,C,37.39,35.5,29.33,37.39,56.33,24.0,0.0
1,2026-09-03 12:49:00,12:49,C,37.22,35.28,29.0,37.17,56.56,22.0,0.0
1,2026-09-03 12:50:00,12:50,C,36.44,34.61,28.5,36.61,55.11,24.0,0.0
1,2026-09-03 12:51:00,12:51,C,36.33,34.61,28.67,36.72,54.39,25.0,0.0
1,2026-09-03 12:52:00,12:52,C,35.5,33.94,28.39,36.5,52.22,24.0,0.0
1,2026-09-03 12:53:00,12:53,C,34.44,33.17,28.22,36.06,49.06,25.0,0.0
1,2026-09-03 12:54:00,12:54,C,34.39,33.22,28.61,36.22,47.89,26.0,0.0
1,2026-09-03 12:55:00,12:55,C,34.89,33.56,28.72,36.33,49.33,28.0,0.0
1,2026-09-03 12:56:00,12:56,C,35.0,33.67,28.67,36.11,49.94,26.0,0.0
1,2026-09-03 12:57:00,12:57,C,34.78,33.39,28.33,36.11,49.94,28.0,0.0
1,2026-09-03 12:58:00,12:58,C,35.33,33.89,28.67,36.5,51.06,25.0,0.0
1,2026-09-03 12:59:00,12:59,C,35.67,34.06,28.44,36.56,52.61,24.0,0.0
1,2026-09-03 13:00:00,13:00,C,36.56,34.89,29.22,37.0,53.83,24.0,0.0
1,2026-09-03 13:01:00,13:01,C,36.28,34.5,28.5,36.72,54.56,24.0,0.0
1,2026-09-03 13:02:00,13:02,C,36.83,35.06,29.22,37.17,54.67,25.0,0.0
1,2026-09-03 13:03:00,13:03,C,37.0,35.22,29.28,37.33,55.11,24.0,0.0
1,2026-09-03 13:04:00,13:04,C,36.44,34.61,28.44,36.72,55.22,22.0,0.0
1,2026-09-03 13:05:00,13:05,C,36.0,34.17,28.11,36.5,54.44,23.0,0.0
1,2026-09-03 13:06:00,13:06,C,36.11,34.33,28.33,36.56,54.33,22.0,0.0
1,2026-09-03 13:07:00,13:07,C,36.22,34.44,28.39,36.5,54.61,23.0,0.0
1,2026-09-03 13:08:00,13:08,C,36.78,34.94,28.89,36.83,55.22,23.0,0.0
1,2026-09-03 13:09:00,13:09,C,37.28,35.39,29.33,37.17,55.83,25.0,0.0
1,2026-09-03 13:10:00,13:10,C,37.0,35.11,29.06,37.0,55.61,22.0,0.0
1,2026-09-03 13:11:00,13:11,C,36.67,34.78,28.72,36.72,55.22,25.0,0.0
1,2026-09-03 13:12:00,13:12,C,36.33,34.56,28.61,36.56,54.44,23.0,0.0
1,2026-09-03 13:13:00,13:13,C,36.0,34.28,28.44,36.33,53.78,22.0,0.0
1,2026-09-03 13:14:00,13:14,C,36.22,34.5,28.72,36.67,53.89,23.0,0.0
1,2026-09-03 13:15:00,13:15,C,37.33,35.5,29.72,37.17,55.11,24.0,0.0
1,2026-09-03 13:16:00,13:16,C,37.0,35.22,29.33,37.17,54.94,22.0,0.0
1,2026-09-03 13:17:00,13:17,C,36.17,34.44,28.5,36.61,54.22,22.0,0.0
1,2026-09-03 13:18:00,13:18,C,34.61,33.06,27.5,35.94,51.22,25.0,0.0
1,2026-09-03 13:19:00,13:19,C,33.61,32.5,27.83,35.94,47.22,23.0,0.0
1,2026-09-03 13:20:00,13:20,C,33.39,32.39,28.11,36.06,45.78,25.0,0.0
1,2026-09-03 13:21:00,13:21,C,34.28,33.11,28.44,36.11,47.94,26.0,0.0
1,2026-09-03 13:22:00,13:22,C,34.94,33.56,28.61,36.22,49.72,26.0,0.0
1,2026-09-03 13:23:00,13:23,C,35.28,33.78,28.5,36.22,51.11,24.0,0.0
1,2026-09-03 13:24:00,13:24,C,35.11,33.67,28.28,36.56,51.17,24.0,0.0
1,2026-09-03 13:25:00,13:25,C,35.72,34.17,28.67,36.72,52.33,24.0,0.0
1,2026-09-03 13:26:00,13:26,C,36.0,34.44,28.83,36.89,52.89,25.0,0.0
1,2026-09-03 13:27:00,13:27,C,35.44,33.94,28.56,36.44,51.61,25.0,0.0
1,2026-09-03 13:28:00,13:28,C,34.0,32.83,28.0,36.11,48.17,27.0,0.0
1,2026-09-03 13:29:00,13:29,C,34.28,33.11,28.33,36.33,48.28,28.0,0.0
1,2026-09-03 13:30:00,13:30,C,34.89,33.56,28.72,36.39,49.28,26.0,0.0
1,2026-09-03 13:31:00,13:31,C,35.0,33.67,28.61,36.39,50.06,25.0,0.0
1,2026-09-03 13:32:00,13:32,C,34.61,33.33,28.5,36.5,48.89,25.0,0.0
1,2026-09-03 13:33:00,13:33,C,35.33,34.0,28.89,36.78,50.5,27.0,0.0
1,2026-09-03 13:34:00,13:34,C,35.61,34.11,28.67,36.61,51.94,25.0,0.0
1,2026-09-03 13:35:00,13:35,C,35.78,34.17,28.56,36.5,52.67,23.0,0.0
1,2026-09-03 13:36:00,13:36,C,35.94,34.28,28.61,36.5,53.22,24.0,0.0
1,2026-09-03 13:37:00,13:37,C,36.11,34.44,28.72,36.83,53.44,25.0,0.0
1,2026-09-03 13:38:00,13:38,C,36.28,34.56,28.72,36.67,54.0,22.0,0.0
1,2026-09-03 13:39:00,13:39,C,35.78,34.11,28.33,36.56,53.22,23.0,0.0
1,2026-09-03 13:40:00,13:40,C,36.28,34.61,29.0,36.89,53.28,24.0,0.0
1,2026-09-03 13:41:00,13:41,C,36.56,34.83,29.06,37.22,54.06,23.0,0.0
1,2026-09-03 13:42:00,13:42,C,36.94,35.22,29.22,37.5,55.11,23.0,0.0
1,2026-09-03 13:43:00,13:43,C,36.61,34.78,28.44,37.17,55.78,22.0,0.0
1,2026-09-03 13:44:00,13:44,C,36.44,34.56,28.17,36.83,55.78,21.0,0.0
1,2026-09-03 13:45:00,13:45,C,36.5,34.61,28.28,36.94,55.83,22.0,0.0
1,2026-09-03 13:46:00,13:46,C,36.89,34.94,28.56,37.0,56.39,21.0,0.0
1,2026-09-03 13:47:00,13:47,C,37.39,35.44,29.06,37.39,56.89,23.0,0.0
1,2026-09-03 13:48:00,13:48,C,38.06,36.06,29.67,37.83,57.78,22.0,0.0
1,2026-09-03 13:49:00,13:49,C,38.22,36.17,29.61,38.0,58.39,20.0,0.0
1,2026-09-03 13:50:00,13:50,C,37.78,35.78,29.11,37.78,58.17,20.0,0.0
1,2026-09-03 13:51:00,13:51,C,37.39,35.44,28.89,37.78,57.33,21.0,0.0
1,2026-09-03 13:52:00,13:52,C,38.06,36.11,29.72,38.22,57.67,20.0,0.0
1,2026-09-03 13:53:00,13:53,C,38.5,36.44,29.83,38.39,58.72,21.0,0.0
1,2026-09-03 13:54:00,13:54,C,38.94,36.89,30.28,38.67,59.17,22.0,0.0
1,2026-09-03 13:55:00,13:55,C,37.72,35.83,29.5,38.11,57.0,22.0,0.0
1,2026-09-03 13:56:00,13:56,C,36.0,34.5,28.94,37.44,52.5,23.0,0.0
1,2026-09-03 13:57:00,13:57,C,35.67,34.33,29.22,37.33,50.83,24.0,0.0
1,2026-09-03 13:58:00,13:58,C,35.17,33.89,28.89,37.17,49.89,25.0,0.0
1,2026-09-03 13:59:00,13:59,C,35.39,34.0,28.89,37.11,50.56,27.0,0.0
1,2026-09-03 14:00:00,14:00,C,35.28,33.78,28.39,36.61,51.39,23.0,0.0
1,2026-09-03 14:01:00,14:01,C,34.17,32.89,27.89,36.39,48.83,23.0,0.0
1,2026-09-03 14:02:00,14:02,C,33.06,32.06,27.44,36.22,46.22,23.0,0.0
1,2026-09-03 14:03:00,14:03,C,32.61,31.78,27.61,36.06,44.39,26.0,0.0
1,2026-09-03 14:04:00,14:04,C,32.28,31.56,27.61,35.94,43.33,25.0,0.0
1,2026-09-03 14:05:00,14:05,C,31.94,31.28,27.39,35.67,42.72,25.0,0.0
1,2026-09-03 14:06:00,14:06,C,31.89,31.17,27.28,35.44,42.72,25.0,0.0
1,2026-09-03 14:07:00,14:07,C,32.83,31.89,27.67,35.83,44.89,25.0,0.0
1,2026-09-03 14:08:00,14:08,C,34.17,33.0,28.28,36.22,48.0,25.0,0.0
1,2026-09-03 14:09:00,14:09,C,35.17,33.72,28.5,36.56,50.78,27.0,0.0
1,2026-09-03 14:10:00,14:10,C,34.67,33.28,28.11,36.39,50.06,25.0,0.0
1,2026-09-03 14:11:00,14:11,C,33.61,32.5,27.72,36.33,47.5,26.0,0.0
1,2026-09-03 14:12:00,14:12,C,33.83,32.83,28.33,36.39,46.83,27.0,0.0
1,2026-09-03 14:13:00,14:13,C,35.06,33.89,29.17,36.94,48.89,28.0,0.0
1,2026-09-03 14:14:00,14:14,C,35.72,34.28,28.94,37.22,51.67,25.0,0.0
1,2026-09-03 14:15:00,14:15,C,36.17,34.56,28.72,37.44,53.61,25.0,0.0
1,2026-09-03 14:16:00,14:16,C,36.61,34.83,28.72,37.56,55.11,23.0,0.0
1,2026-09-03 14:17:00,14:17,C,37.11,35.28,29.0,37.72,56.17,25.0,0.0
1,2026-09-03 14:18:00,14:18,C,37.61,35.78,29.5,38.0,56.67,23.0,0.0
1,2026-09-03 14:19:00,14:19,C,36.83,35.0,28.67,37.67,56.0,22.0,0.0
1,2026-09-03 14:20:00,14:20,C,35.5,33.94,28.11,37.11,52.78,22.0,0.0
1,2026-09-03 14:21:00,14:21,C,35.11,33.72,28.33,37.0,51.0,26.0,0.0
1,2026-09-03 14:22:00,14:22,C,36.06,34.61,29.22,37.39,52.17,23.0,0.0
1,2026-09-03 14:23:00,14:23,C,36.39,34.72,28.89,37.33,53.89,22.0,0.0
1,2026-09-03 14:24:00,14:24,C,37.44,35.67,29.78,37.89,55.39,23.0,0.0
1,2026-09-03 14:25:00,14:25,C,37.28,35.44,29.22,37.78,56.22,23.0,0.0
1,2026-09-03 14:26:00,14:26,C,37.5,35.72,29.56,38.22,56.11,23.0,0.0
1,2026-09-03 14:27:00,14:27,C,37.78,35.94,29.72,38.17,56.72,24.0,0.0
1,2026-09-03 14:28:00,14:28,C,37.11,35.17,28.61,37.44,57.0,21.0,0.0
1,2026-09-03 14:29:00,14:29,C,36.67,34.83,28.61,37.28,55.61,20.0,0.0
1,2026-09-03 14:30:00,14:30,C,36.22,34.56,28.61,37.39,54.06,23.0,0.0
1,2026-09-03 14:31:00,14:31,C,35.33,33.83,28.17,37.22,52.11,21.0,0.0
1,2026-09-03 14:32:00,14:32,C,34.06,32.78,27.56,36.78,49.22,21.0,0.0
1,2026-09-03 14:33:00,14:33,C,33.06,32.06,27.39,36.5,46.39,22.0,0.0
1,2026-09-03 14:34:00,14:34,C,32.67,31.83,27.56,36.39,44.61,23.0,0.0
1,2026-09-03 14:35:00,14:35,C,33.0,32.22,28.11,36.56,44.56,23.0,0.0
1,2026-09-03 14:36:00,14:36,C,34.22,33.22,28.61,37.11,47.44,23.0,0.0
1,2026-09-03 14:37:00,14:37,C,35.22,33.94,28.89,37.56,50.06,23.0,0.0
1,2026-09-03 14:38:00,14:38,C,36.5,34.94,29.33,37.94,53.28,23.0,0.0
1,2026-09-03 14:39:00,14:39,C,36.22,34.61,28.78,37.44,53.67,25.0,0.0
1,2026-09-03 14:40:00,14:40,C,34.83,33.5,28.22,37.28,50.28,23.0,0.0
1,2026-09-03 14:41:00,14:41,C,33.94,32.89,28.11,36.83,47.67,25.0,0.0
1,2026-09-03 14:42:00,14:42,C,33.17,32.28,27.94,36.5,45.5,26.0,0.0
1,2026-09-03 14:43:00,14:43,C,32.56,31.78,27.72,36.33,43.94,28.0,0.0
1,2026-09-03 14:44:00,14:44,C,32.44,31.78,27.89,36.28,43.17,27.0,0.0
1,2026-09-03 14:45:00,14:45,C,32.22,31.56,27.78,35.94,42.61,26.0,0.0
1,2026-09-03 14:46:00,14:46,C,31.67,31.06,27.39,35.78,41.72,27.0,0.0
1,2026-09-03 14:47:00,14:47,C,31.39,30.89,27.28,35.78,41.11,27.0,0.0
1,2026-09-03 14:48:00,14:48,C,31.67,31.11,27.67,35.78,41.06,28.0,0.0
1,2026-09-03 14:49:00,14:49,C,31.89,31.33,27.72,35.78,41.78,29.0,0.0
1,2026-09-03 14:50:00,14:50,C,32.56,31.78,27.89,35.83,43.44,29.0,0.0
1,2026-09-03 14:51:00,14:51,C,32.56,31.67,27.5,35.56,44.39,31.0,36.67
1,2026-09-03 14:52:00,14:52,C,32.33,31.61,27.67,35.67,43.39,30.0,36.11
1,2026-09-03 14:53:00,14:53,C,33.44,32.5,28.44,35.94,45.11,32.0,37.78
1,2026-09-03 14:54:00,14:54,C,34.5,33.28,28.56,36.22,48.39,28.0,0.0
1,2026-09-03 14:55:00,14:55,C,34.94,33.61,28.44,36.56,50.28,28.0,0.0
1,2026-09-03 14:56:00,14:56,C,35.56,34.06,28.61,36.78,51.78,26.0,0.0
1,2026-09-03 14:57:00,14:57,C,36.17,34.56,28.83,37.06,53.33,25.0,0.0
1,2026-09-03 14:58:00,14:58,C,36.39,34.72,28.89,37.17,54.0,24.0,0.0
1,2026-09-03 14:59:00,14:59,C,35.94,34.28,28.28,36.83,54.0,24.0,0.0
1,2026-09-03 15:00:00,15:00,C,36.11,34.44,28.61,37.11,53.61,25.0,0.0
1,2026-09-03 15:01:00,15:01,C,36.39,34.67,28.78,37.06,54.17,25.0,0.0
1,2026-09-03 15:02:00,15:02,C,36.78,35.11,29.28,37.44,54.44,25.0,0.0
1,2026-09-03 15:03:00,15:03,C,37.06,35.33,29.39,37.61,55.06,27.0,0.0
1,2026-09-03 15:04:00,15:04,C,36.28,34.61,28.78,37.28,53.78,26.0,0.0
1,2026-09-03 15:05:00,15:05,C,34.67,33.39,28.17,36.83,49.94,28.0,0.0
1,2026-09-03 15:06:00,15:06,C,33.56,32.56,28.06,36.5,46.39,29.0,0.0
1,2026-09-03 15:07:00,15:07,C,32.78,31.94,27.89,36.11,44.22,27.0,0.0
1,2026-09-03 15:08:00,15:08,C,32.22,31.56,27.72,36.0,42.78,29.0,0.0
1,2026-09-03 15:09:00,15:09,C,31.89,31.28,27.61,35.94,42.0,29.0,0.0
1,2026-09-03 15:10:00,15:10,C,33.28,32.44,28.5,36.39,44.5,29.0,0.0
1,2026-09-03 15:11:00,15:11,C,35.06,33.89,29.33,36.89,48.56,29.0,0.0
1,2026-09-03 15:12:00,15:12,C,35.78,34.33,29.17,37.06,51.28,26.0,0.0
1,2026-09-03 15:13:00,15:13,C,35.28,33.89,28.56,37.17,51.11,27.0,0.0
1,2026-09-03 15:14:00,15:14,C,34.22,33.0,28.11,36.61,48.5,28.0,0.0
1,2026-09-03 15:15:00,15:15,C,33.11,32.17,27.83,36.33,45.5,28.0,0.0
1,2026-09-03 15:16:00,15:16,C,32.39,31.67,27.72,36.11,43.39,29.0,0.0
1,2026-09-03 15:17:00,15:17,C,31.94,31.33,27.72,36.0,41.83,31.0,37.22
1,2026-09-03 15:18:00,15:18,C,31.72,31.22,27.83,35.89,40.94,29.0,0.0
1,2026-09-03 15:19:00,15:19,C,31.17,30.72,27.28,35.78,40.28,29.0,0.0
1,2026-09-03 15:20:00,15:20,C,31.11,30.72,27.39,35.78,39.94,29.0,0.0
1,2026-09-03 15:21:00,15:21,C,30.78,30.39,27.0,35.61,39.67,30.0,36.11
1,2026-09-03 15:22:00,15:22,C,31.67,31.22,28.0,35.83,40.39,32.0,36.67
1,2026-09-03 15:23:00,15:23,C,32.56,31.89,28.17,36.0,42.94,30.0,37.22
1,2026-09-03 15:24:00,15:24,C,33.5,32.56,28.5,36.22,45.17,31.0,37.22
1,2026-09-03 15:25:00,15:25,C,33.44,32.5,28.28,36.22,45.61,32.0,37.78
1,2026-09-03 15:26:00,15:26,C,32.83,32.0,27.83,36.11,44.56,29.0,0.0
1,2026-09-03 15:27:00,15:27,C,33.22,32.44,28.61,36.44,44.11,30.0,37.78
1,2026-09-03 15:28:00,15:28,C,33.94,33.0,28.89,36.61,45.78,28.0,0.0
1,2026-09-03 15:29:00,15:29,C,34.11,33.0,28.39,36.5,47.61,28.0,0.0
1,2026-09-03 15:30:00,15:30,C,35.0,33.72,28.72,36.83,49.72,28.0,0.0
1,2026-09-03 15:31:00,15:31,C,35.78,34.28,28.78,37.11,52.11,27.0,0.0
1,2026-09-03 15:32:00,15:32,C,36.28,34.67,28.89,37.33,53.61,27.0,0.0
1,2026-09-03 15:33:00,15:33,C,36.56,34.89,28.94,37.72,54.33,25.0,0.0
1,2026-09-03 15:34:00,15:34,C,36.33,34.61,28.44,37.61,54.78,25.0,0.0
1,2026-09-03 15:35:00,15:35,C,35.78,34.22,28.39,37.44,53.11,25.0,0.0
1,2026-09-03 15:36:00,15:36,C,34.83,33.56,28.44,37.11,49.78,27.0,0.0
1,2026-09-03 15:37:00,15:37,C,33.5,32.5,27.94,36.61,46.5,27.0,0.0
1,2026-09-03 15:38:00,15:38,C,32.83,32.06,27.94,36.56,44.39,26.0,0.0
1,2026-09-03 15:39:00,15:39,C,33.5,32.61,28.22,36.78,45.89,27.0,0.0
1,2026-09-03 15:40:00,15:40,C,34.28,33.17,28.44,37.0,48.0,25.0,0.0
1,2026-09-03 15:41:00,15:41,C,35.39,34.06,28.89,37.33,50.61,25.0,0.0
1,2026-09-03 15:42:00,15:42,C,36.5,34.94,29.33,37.83,53.22,24.0,0.0
1,2026-09-03 15:43:00,15:43,C,37.28,35.61,29.67,38.11,55.17,26.0,0.0
1,2026-09-03 15:44:00,15:44,C,37.28,35.5,29.39,38.11,55.83,24.0,0.0
1,2026-09-03 15:45:00,15:45,C,35.94,34.28,28.17,37.5,54.22,23.0,0.0
1,2026-09-03 15:46:00,15:46,C,34.5,33.22,27.83,37.33,50.22,24.0,0.0
1,2026-09-03 15:47:00,15:47,C,33.78,32.78,28.11,37.06,47.06,27.0,0.0
1,2026-09-03 15:48:00,15:48,C,33.17,32.33,28.11,36.78,45.11,27.0,0.0
1,2026-09-03 15:49:00,15:49,C,32.78,32.11,28.22,36.72,43.44,27.0,0.0
1,2026-09-03 15:50:00,15:50,C,33.28,32.5,28.61,36.72,44.17,29.0,0.0
1,2026-09-03 15:51:00,15:51,C,32.89,32.11,28.11,36.39,44.11,28.0,0.0
1,2026-09-03 15:52:00,15:52,C,33.78,32.89,28.83,36.78,45.39,27.0,0.0
1,2026-09-03 15:53:00,15:53,C,34.5,33.39,28.72,36.89,48.11,30.0,37.78
1,2026-09-03 15:54:00,15:54,C,35.44,34.11,29.06,37.11,50.39,25.0,0.0
1,2026-09-03 15:55:00,15:55,C,35.89,34.39,29.0,37.22,52.06,24.0,0.0
1,2026-09-03 15:56:00,15:56,C,35.94,34.39,28.78,37.28,52.78,24.0,0.0
1,2026-09-03 15:57:00,15:57,C,36.39,34.78,29.0,37.5,53.67,24.0,0.0
1,2026-09-03 15:58:00,15:58,C,36.72,35.06,29.22,37.56,54.28,24.0,0.0
1,2026-09-03 15:59:00,15:59,C,36.83,35.11,29.22,37.67,54.61,24.0,0.0
1,2026-09-03 16:00:00,16:00,C,36.67,35.0,29.11,37.78,54.39,27.0,0.0
1,2026-09-03 16:01:00,16:01,C,37.39,35.72,30.0,38.06,54.72,26.0,0.0
1,2026-09-03 16:02:00,16:02,C,37.33,35.67,29.72,38.17,55.22,24.0,0.0
1,2026-09-03 16:03:00,16:03,C,37.72,36.0,29.94,38.61,55.89,24.0,0.0
1,2026-09-03 16:04:00,16:04,C,37.5,35.67,29.39,38.17,56.44,23.0,0.0
1,2026-09-03 16:05:00,16:05,C,36.44,34.78,28.72,37.94,54.5,22.0,0.0
1,2026-09-03 16:06:00,16:06,C,36.06,34.61,29.17,37.78,52.28,25.0,0.0
1,2026-09-03 16:07:00,16:07,C,35.5,34.11,28.67,37.28,51.61,22.0,0.0
1,2026-09-03 16:08:00,16:08,C,34.89,33.5,28.11,37.0,50.83,22.0,0.0
1,2026-09-03 16:09:00,16:09,C,34.22,33.0,27.89,36.83,49.17,23.0,0.0
1,2026-09-03 16:10:00,16:10,C,33.39,32.39,27.72,36.67,46.61,23.0,0.0
1,2026-09-03 16:11:00,16:11,C,32.5,31.72,27.5,36.39,44.28,25.0,0.0
1,2026-09-03 16:12:00,16:12,C,32.0,31.39,27.5,36.33,42.56,25.0,0.0
1,2026-09-03 16:13:00,16:13,C,31.94,31.33,27.56,36.17,42.28,25.0,0.0
1,2026-09-03 16:14:00,16:14,C,33.06,32.22,28.06,36.39,44.72,25.0,0.0
1,2026-09-03 16:15:00,16:15,C,33.72,32.61,27.89,36.44,47.39,24.0,0.0
1,2026-09-03 16:16:00,16:16,C,33.83,32.61,27.56,36.5,48.56,24.0,0.0
1,2026-09-03 16:17:00,16:17,C,33.17,32.11,27.28,36.39,47.06,25.0,0.0
1,2026-09-03 16:18:00,16:18,C,32.39,31.56,27.17,36.22,44.67,25.0,0.0
1,2026-09-03 16:19:00,16:19,C,31.61,30.94,27.0,36.06,42.44,27.0,0.0
1,2026-09-03 16:20:00,16:20,C,31.11,30.61,26.94,35.89,41.0,27.0,0.0
1,2026-09-03 16:21:00,16:21,C,31.11,30.67,27.22,35.78,40.22,28.0,0.0
1,2026-09-03 16:22:00,16:22,C,31.78,31.28,27.94,36.0,40.72,28.0,0.0
1,2026-09-03 16:23:00,16:23,C,33.22,32.44,28.56,36.22,44.22,28.0,0.0
1,2026-09-03 16:24:00,16:24,C,33.22,32.22,27.78,36.17,46.0,27.0,0.0
1,2026-09-03 16:25:00,16:25,C,32.44,31.56,27.22,36.0,44.67,27.0,0.0
1,2026-09-03 16:26:00,16:26,C,32.72,31.89,27.72,36.17,44.5,27.0,0.0
1,2026-09-03 16:27:00,16:27,C,33.83,32.83,28.33,36.56,46.83,26.0,0.0
1,2026-09-03 16:28:00,16:28,C,34.94,33.72,28.78,36.83,49.5,26.0,0.0
1,2026-09-03 16:29:00,16:29,C,35.61,34.17,28.89,37.11,51.39,25.0,0.0
1,2026-09-03 16:30:00,16:30,C,35.33,33.89,28.56,37.06,51.17,26.0,0.0
1,2026-09-03 16:31:00,16:31,C,35.06,33.72,28.61,36.89,50.11,27.0,0.0
1,2026-09-03 16:32:00,16:32,C,34.0,32.78,27.83,36.56,48.44,27.0,0.0
1,2026-09-03 16:33:00,16:33,C,32.89,31.94,27.44,36.28,45.72,26.0,0.0
1,2026-09-03 16:34:00,16:34,C,32.11,31.39,27.28,36.22,43.5,27.0,0.0
1,2026-09-03 16:35:00,16:35,C,32.0,31.39,27.61,36.11,42.28,29.0,0.0
1,2026-09-03 16:36:00,16:36,C,31.72,31.17,27.61,35.94,41.33,30.0,37.22
1,2026-09-03 16:37:00,16:37,C,31.78,31.22,27.94,35.67,40.72,33.0,37.22
1,2026-09-03 16:38:00,16:38,C,31.56,31.06,27.94,35.44,40.0,32.0,36.67
1,2026-09-03 16:39:00,16:39,C,31.06,30.67,27.56,35.33,39.28,32.0,36.67
1,2026-09-03 16:40:00,16:40,C,30.83,30.44,27.39,35.28,38.94,32.0,36.11
1,2026-09-03 16:41:00,16:41,C,30.61,30.28,27.22,35.11,38.61,31.0,35.56
1,2026-09-03 16:42:00,16:42,C,30.33,30.0,26.89,35.17,38.44,31.0,35.56
1,2026-09-03 16:43:00,16:43,C,30.28,29.94,26.72,35.22,38.61,30.0,35.56
1,2026-09-03 16:44:00,16:44,C,30.22,29.89,26.61,35.28,38.72,31.0,35.56
1,2026-09-03 16:45:00,16:45,C,30.61,30.22,27.0,35.44,39.06,31.0,36.67
1,2026-09-03 16:46:00,16:46,C,30.94,30.5,27.11,35.56,39.94,33.0,37.22
1,2026-09-03 16:47:00,16:47,C,31.22,30.72,27.28,35.61,40.44,31.0,36.67
1,2026-09-03 16:48:00,16:48,C,30.89,30.39,26.83,35.67,40.39,31.0,36.67
1,2026-09-03 16:49:00,16:49,C,31.06,30.61,27.0,35.78,40.67,31.0,36.67
1,2026-09-03 16:50:00,16:50,C,31.67,31.11,27.5,35.94,41.39,32.0,37.78
1,2026-09-03 16:51:00,16:51,C,31.67,31.11,27.33,36.0,41.94,32.0,37.78
1,2026-09-03 16:52:00,16:52,C,31.67,31.06,27.17,36.0,42.33,31.0,37.22
1,2026-09-03 16:53:00,16:53,C,31.83,31.22,27.28,36.22,42.61,31.0,37.22
1,2026-09-03 16:54:00,16:54,C,32.0,31.33,27.44,36.39,42.67,32.0,38.33
1,2026-09-03 16:55:00,16:55,C,31.94,31.33,27.39,36.56,42.61,32.0,38.33
1,2026-09-03 16:56:00,16:56,C,32.39,31.78,27.94,36.78,42.83,34.0,39.44
1,2026-09-03 16:57:00,16:57,C,32.44,31.78,27.83,36.72,43.22,30.0,37.78
1,2026-09-03 16:58:00,16:58,C,31.61,30.94,26.89,36.39,42.67,29.0,0.0
1,2026-09-03 16:59:00,16:59,C,31.33,30.78,26.83,36.39,41.83,30.0,37.78
1,2026-09-03 17:00:00,17:00,C,31.17,30.67,26.89,36.22,41.28,30.0,37.22
1,2026-09-03 17:01:00,17:01,C,30.89,30.44,26.72,36.11,40.72,30.0,37.22
1,2026-09-03 17:02:00,17:02,C,30.89,30.44,26.83,36.11,40.5,30.0,37.22
1,2026-09-03 17:03:00,17:03,C,31.11,30.67,27.11,36.17,40.44,31.0,37.22
1,2026-09-03 17:04:00,17:04,C,31.44,31.0,27.39,36.22,41.06,31.0,37.22
1,2026-09-03 17:05:00,17:05,C,31.39,30.89,27.22,36.17,41.28,31.0,37.22
1,2026-09-03 17:06:00,17:06,C,30.89,30.5,26.89,36.11,40.39,33.0,37.78
1,2026-09-03 17:07:00,17:07,C,30.67,30.33,26.94,36.0,39.5,32.0,37.78
1,2026-09-03 17:08:00,17:08,C,30.44,30.11,26.89,35.83,38.78,33.0,37.22
1,2026-09-03 17:09:00,17:09,C,29.94,29.72,26.5,35.61,38.11,33.0,37.22
1,2026-09-03 17:10:00,17:10,C,30.0,29.78,26.78,35.5,37.61,35.0,37.78
1,2026-09-03 17:11:00,17:11,C,30.06,29.83,26.94,35.44,37.39,34.0,37.22
1,2026-09-03 17:12:00,17:12,C,29.67,29.5,26.5,35.33,37.22,34.0,37.22
1,2026-09-03 17:13:00,17:13,C,29.72,29.5,26.5,35.28,37.33,34.0,36.11
1,2026-09-03 17:14:00,17:14,C,29.78,29.56,26.56,35.17,37.39,34.0,36.11
1,2026-09-03 17:15:00,17:15,C,29.61,29.39,26.39,35.11,37.28,35.0,36.67
1,2026-09-03 17:16:00,17:16,C,29.78,29.56,26.61,35.17,37.28,34.0,36.11
1,2026-09-03 17:17:00,17:17,C,30.11,29.89,27.0,35.17,37.5,36.0,36.67
1,2026-09-03 17:18:00,17:18,C,30.33,30.06,27.17,35.17,37.78,35.0,36.67
1,2026-09-03 17:19:00,17:19,C,30.39,30.11,27.17,35.17,38.06,37.0,37.22
1,2026-09-03 17:20:00,17:20,C,30.56,30.22,27.22,35.28,38.39,35.0,36.67
1,2026-09-03 17:21:00,17:21,C,30.67,30.33,27.22,35.28,38.83,34.0,37.22
1,2026-09-03 17:22:00,17:22,C,30.67,30.28,27.06,35.28,39.11,34.0,36.11
1,2026-09-03 17:23:00,17:23,C,30.5,30.11,26.83,35.28,39.11,34.0,36.11
1,2026-09-03 17:24:00,17:24,C,30.22,29.83,26.5,35.28,38.94,34.0,36.11
1,2026-09-03 17:25:00,17:25,C,30.33,30.0,26.72,35.28,38.83,36.0,37.78
1,2026-09-03 17:26:00,17:26,C,30.56,30.22,27.11,35.22,38.67,36.0,36.67
1,2026-09-03 17:27:00,17:27,C,30.33,30.0,26.94,35.17,38.33,35.0,36.67
1,2026-09-03 17:28:00,17:28,C,30.11,29.83,26.72,35.17,38.11,35.0,36.67
1,2026-09-03 17:29:00,17:29,C,30.39,30.11,27.17,35.11,38.0,37.0,37.22
1,2026-09-03 17:30:00,17:30,C,30.22,30.0,27.06,35.11,37.78,37.0,37.22
1,2026-09-03 17:31:00,17:31,C,30.17,29.89,27.0,35.0,37.56,37.0,37.22
1,2026-09-03 17:32:00,17:32,C,29.78,29.5,26.56,34.72,37.33,39.0,36.67
1,2026-09-03 17:33:00,17:33,C,29.22,28.94,26.0,33.89,36.78,38.0,35.56
1,2026-09-03 17:34:00,17:34,C,28.83,28.61,25.89,33.5,35.78,38.0,34.44
1,2026-09-03 17:35:00,17:35,C,28.61,28.39,25.83,33.11,35.17,38.0,34.44
1,2026-09-03 17:36:00,17:36,C,28.5,28.33,25.89,33.0,34.72,39.0,33.89
1,2026-09-03 17:37:00,17:37,C,28.33,28.11,25.72,32.67,34.44,39.0,33.89
1,2026-09-03 17:38:00,17:38,C,28.17,28.0,25.67,32.5,34.0,40.0,33.33
1,2026-09-03 17:39:00,17:39,C,28.11,27.94,25.72,32.39,33.72,41.0,33.33
1,2026-09-03 17:40:00,17:40,C,28.11,28.0,25.83,32.39,33.56,41.0,33.33
1,2026-09-03 17:41:00,17:41,C,27.89,27.78,25.61,32.22,33.28,41.0,33.33
1,2026-09-03 17:42:00,17:42,C,27.72,27.67,25.5,32.17,33.06,42.0,33.89
1,2026-09-03 17:43:00,17:43,C,27.72,27.61,25.5,32.17,32.94,43.0,33.89
1,2026-09-03 17:44:00,17:44,C,27.78,27.67,25.61,32.17,32.83,42.0,33.89
1,2026-09-03 17:45:00,17:45,C,27.83,27.78,25.72,32.17,32.83,44.0,33.89
1,2026-09-03 17:46:00,17:46,C,27.83,27.72,25.72,32.11,32.78,44.0,33.89
1,2026-09-03 17:47:00,17:47,C,27.78,27.72,25.67,32.11,32.72,44.0,33.89
1,2026-09-03 17:48:00,17:48,C,27.89,27.83,25.89,32.06,32.67,47.0,34.44
1,2026-09-03 17:49:00,17:49,C,27.83,27.78,25.83,32.06,32.61,45.0,34.44
1,2026-09-03 17:50:00,17:50,C,28.0,27.94,26.11,32.0,32.56,46.0,34.44
1,2026-09-03 17:51:00,17:51,C,27.94,27.89,26.0,32.0,32.56,45.0,34.44
1,2026-09-03 17:52:00,17:52,C,27.72,27.67,25.67,31.94,32.56,44.0,33.89
1,2026-09-03 17:53:00,17:53,C,27.44,27.39,25.33,31.89,32.5,44.0,33.33
1,2026-09-03 17:54:00,17:54,C,27.44,27.39,25.33,31.83,32.39,45.0,33.33
1,2026-09-03 17:55:00,17:55,C,27.44,27.44,25.44,31.78,32.28,45.0,33.33
1,2026-09-03 17:56:00,17:56,C,27.44,27.39,25.39,31.72,32.28,45.0,33.33
1,2026-09-03 17:57:00,17:57,C,27.56,27.5,25.56,31.67,32.22,46.0,33.33
1,2026-09-03 17:58:00,17:58,C,27.5,27.44,25.5,31.56,32.28,47.0,33.89
1,2026-09-03 17:59:00,17:59,C,27.44,27.39,25.44,31.56,32.17,47.0,33.89
1,2026-09-03 18:00:00,18:00,C,27.5,27.44,25.5,31.5,32.22,48.0,33.89
1,2026-09-03 18:01:00,18:01,C,27.44,27.39,25.44,31.5,32.28,48.0,33.89
1,2026-09-03 18:02:00,18:02,C,27.5,27.44,25.5,31.44,32.28,47.0,33.89
1,2026-09-03 18:03:00,18:03,C,27.5,27.39,25.5,31.39,32.22,47.0,33.89
1,2026-09-03 18:04:00,18:04,C,27.56,27.44,25.61,31.39,32.11,48.0,33.89
1,2026-09-03 18:05:00,18:05,C,27.56,27.44,25.61,31.33,32.11,48.0,32.78
1,2026-09-03 18:06:00,18:06,C,27.56,27.5,25.67,31.33,32.0,49.0,33.33
1,2026-09-03 18:07:00,18:07,C,27.56,27.5,25.72,31.28,31.94,51.0,33.33
1,2026-09-03 18:08:00,18:08,C,27.5,27.44,25.67,31.22,31.94,49.0,33.33
1,2026-09-03 18:09:00,18:09,C,27.39,27.28,25.44,31.17,32.0,48.0,32.78
1,2026-09-03 18:10:00,18:10,C,27.28,27.17,25.28,31.17,32.0,50.0,33.33
1,2026-09-03 18:11:00,18:11,C,27.39,27.33,25.44,31.17,32.06,49.0,33.33
1,2026-09-03 18:12:00,18:12,C,27.33,27.22,25.33,31.11,32.11,50.0,33.33
1,2026-09-03 18:13:00,18:13,C,27.39,27.28,25.39,31.11,32.17,50.0,33.33
1,2026-09-03 18:14:00,18:14,C,27.44,27.33,25.39,31.11,32.33,51.0,33.33
1,2026-09-03 18:15:00,18:15,C,27.56,27.44,25.5,31.11,32.44,50.0,33.33
1,2026-09-03 18:16:00,18:16,C,27.61,27.44,25.44,31.17,32.72,50.0,33.33
1,2026-09-03 18:17:00,18:17,C,27.61,27.44,25.39,31.17,32.89,50.0,33.33
1,2026-09-03 18:18:00,18:18,C,27.67,27.5,25.44,31.22,33.0,50.0,33.33
1,2026-09-03 18:19:00,18:19,C,27.89,27.67,25.61,31.28,33.22,50.0,33.33
1,2026-09-03 18:20:00,18:20,C,28.0,27.78,25.67,31.33,33.5,49.0,33.33
1,2026-09-03 18:21:00,18:21,C,28.11,27.83,25.67,31.39,33.83,49.0,33.89
1,2026-09-03 18:22:00,18:22,C,28.0,27.72,25.44,31.44,34.06,48.0,33.89
1,2026-09-03 18:23:00,18:23,C,27.94,27.67,25.33,31.44,34.17,48.0,33.89
1,2026-09-03 18:24:00,18:24,C,27.94,27.67,25.33,31.5,34.17,48.0,33.89
1,2026-09-03 18:25:00,18:25,C,28.0,27.72,25.39,31.5,34.17,47.0,33.89
1,2026-09-03 18:26:00,18:26,C,28.11,27.83,25.56,31.56,34.11,47.0,33.89
1,2026-09-03 18:27:00,18:27,C,28.06,27.78,25.5,31.56,34.11,47.0,33.89
1,2026-09-03 18:28:00,18:28,C,28.17,27.89,25.61,31.56,34.17,48.0,33.89
1,2026-09-03 18:29:00,18:29,C,28.22,28.0,25.72,31.61,34.17,49.0,33.89
1,2026-09-03 18:30:00,18:30,C,28.44,28.17,26.0,31.67,34.22,50.0,34.44
1,2026-09-03 18:31:00,18:31,C,28.56,28.28,26.17,31.67,34.22,50.0,34.44
1,2026-09-03 18:32:00,18:32,C,28.5,28.22,26.11,31.67,34.11,49.0,33.89
1,2026-09-03 18:33:00,18:33,C,28.33,28.11,25.94,31.67,34.0,49.0,33.89
1,2026-09-03 18:34:00,18:34,C,28.33,28.11,26.0,31.67,33.94,49.0,33.89
1,2026-09-03 18:35:00,18:35,C,28.5,28.28,26.17,31.67,34.0,49.0,33.89
1,2026-09-03 18:36:00,18:36,C,28.61,28.33,26.28,31.72,34.06,50.0,34.44
1,2026-09-03 18:37:00,18:37,C,28.61,28.39,26.39,31.72,33.94,52.0,34.44
1,2026-09-03 18:38:00,18:38,C,28.78,28.56,26.67,31.67,33.83,52.0,34.44
1,2026-09-03 18:39:00,18:39,C,28.67,28.5,26.61,31.67,33.61,51.0,34.44
1,2026-09-03 18:40:00,18:40,C,28.67,28.5,26.67,31.61,33.5,52.0,34.44
1,2026-09-03 18:41:00,18:41,C,28.33,28.17,26.22,31.56,33.39,50.0,34.44
1,2026-09-03 18:42:00,18:42,C,28.17,28.0,26.06,31.56,33.22,51.0,34.44
1,2026-09-03 18:43:00,18:43,C,28.17,28.0,26.0,31.56,33.22,50.0,34.44
1,2026-09-03 18:44:00,18:44,C,28.28,28.11,26.22,31.61,33.17,51.0,34.44
1,2026-09-03 18:45:00,18:45,C,28.61,28.44,26.67,31.61,33.28,53.0,35.0
1,2026-09-03 18:46:00,18:46,C,28.44,28.33,26.44,31.67,33.28,51.0,34.44
1,2026-09-03 18:47:00,18:47,C,28.11,27.94,25.94,31.67,33.17,50.0,34.44
1,2026-09-03 18:48:00,18:48,C,27.89,27.78,25.72,31.61,33.06,52.0,34.44
1,2026-09-03 18:49:00,18:49,C,27.94,27.83,25.89,31.56,32.89,53.0,35.0
1,2026-09-03 18:50:00,18:50,C,28.11,28.0,26.17,31.56,32.72,53.0,35.0
1,2026-09-03 18:51:00,18:51,C,28.11,28.0,26.17,31.5,32.67,53.0,35.0
1,2026-09-03 18:52:00,18:52,C,28.06,27.94,26.22,31.39,32.5,54.0,35.0
1,2026-09-03 18:53:00,18:53,C,27.94,27.83,26.06,31.33,32.39,54.0,33.89
1,2026-09-03 18:54:00,18:54,C,27.83,27.78,26.0,31.22,32.28,54.0,33.89
1,2026-09-03 18:55:00,18:55,C,27.78,27.67,25.89,31.17,32.22,53.0,33.89
1,2026-09-03 18:56:00,18:56,C,27.94,27.89,26.22,31.17,32.11,56.0,34.44
1,2026-09-03 18:57:00,18:57,C,27.83,27.72,26.06,31.17,32.06,54.0,33.89
1,2026-09-03 18:58:00,18:58,C,27.83,27.78,26.11,31.17,32.0,54.0,33.89
1,2026-09-03 18:59:00,18:59,C,27.83,27.78,26.17,31.11,31.89,55.0,34.44
1,2026-09-03 19:00:00,19:00,C,27.78,27.72,26.11,31.11,31.83,55.0,34.44
1,2026-09-03 19:01:00,19:01,C,27.56,27.5,25.83,31.06,31.72,54.0,33.89
1,2026-09-03 19:02:00,19:02,C,27.39,27.33,25.61,31.06,31.56,54.0,33.89
1,2026-09-03 19:03:00,19:03,C,27.28,27.22,25.5,31.0,31.5,54.0,33.89
1,2026-09-03 19:04:00,19:04,C,27.22,27.17,25.5,30.89,31.39,54.0,33.89
1,2026-09-03 19:05:00,19:05,C,27.17,27.11,25.44,30.83,31.28,55.0,34.44
1,2026-09-03 19:06:00,19:06,C,27.11,27.11,25.44,30.83,31.17,55.0,34.44
1,2026-09-03 19:07:00,19:07,C,27.22,27.22,25.61,30.83,31.06,55.0,34.44
1,2026-09-03 19:08:00,19:08,C,27.22,27.22,25.67,30.78,30.94,55.0,33.33
1,2026-09-03 19:09:00,19:09,C,27.22,27.22,25.67,30.78,30.89,55.0,33.33
1,2026-09-03 19:10:00,19:10,C,27.17,27.17,25.61,30.78,30.89,55.0,33.33
1,2026-09-03 19:11:00,19:11,C,27.11,27.11,25.56,30.72,30.83,55.0,33.33
1,2026-09-03 19:12:00,19:12,C,27.22,27.22,25.72,30.67,30.78,57.0,33.89
1,2026-09-03 19:13:00,19:13,C,27.28,27.28,25.83,30.61,30.72,56.0,33.33
1,2026-09-03 19:14:00,19:14,C,27.11,27.11,25.61,30.61,30.72,56.0,33.33
1,2026-09-03 19:15:00,19:15,C,27.11,27.11,25.61,30.61,30.72,56.0,33.33
1,2026-09-03 19:16:00,19:16,C,27.17,27.17,25.67,30.67,30.67,57.0,33.89
1,2026-09-03 19:17:00,19:17,C,27.17,27.17,25.67,30.61,30.72,57.0,33.89
1,2026-09-03 19:18:00,19:18,C,27.11,27.11,25.61,30.61,30.67,57.0,33.89
1,2026-09-03 19:19:00,19:19,C,27.11,27.06,25.61,30.56,30.61,57.0,33.89
1,2026-09-03 19:20:00,19:20,C,26.94,26.94,25.44,30.44,30.5,57.0,33.89
1,2026-09-03 19:21:00,19:21,C,26.94,26.94,25.5,30.44,30.39,57.0,33.89
1,2026-09-03 19:22:00,19:22,C,26.94,26.94,25.5,30.39,30.33,58.0,33.89
1,2026-09-03 19:23:00,19:23,C,26.89,26.89,25.5,30.33,30.22,58.0,33.89
1,2026-09-03 19:24:00,19:24,C,26.89,26.89,25.5,30.33,30.17,58.0,33.89
1,2026-09-03 19:25:00,19:25,C,26.89,26.89,25.5,30.28,30.17,59.0,33.89
1,2026-09-03 19:26:00,19:26,C,26.94,26.94,25.61,30.28,30.17,59.0,32.78
1,2026-09-03 19:27:00,19:27,C,26.89,26.89,25.5,30.28,30.17,59.0,32.78
1,2026-09-03 19:28:00,19:28,C,26.89,26.89,25.56,30.17,30.17,61.0,33.33
1,2026-09-03 19:29:00,19:29,C,26.83,26.89,25.5,30.17,30.11,60.0,33.33
1,2026-09-03 19:30:00,19:30,C,26.72,26.72,25.33,30.17,30.11,60.0,33.33
1,2026-09-03 19:31:00,19:31,C,26.72,26.72,25.33,30.11,30.11,60.0,33.33
1,2026-09-03 19:32:00,19:32,C,26.78,26.78,25.39,30.11,30.11,61.0,33.33
1,2026-09-03 19:33:00,19:33,C,26.78,26.78,25.39,30.11,30.06,61.0,33.33
1,2026-09-03 19:34:00,19:34,C,26.72,26.72,25.39,30.0,30.0,60.0,33.33
1,2026-09-03 19:35:00,19:35,C,26.67,26.67,25.28,30.0,30.0,61.0,33.33
1,2026-09-03 19:36:00,19:36,C,26.67,26.67,25.28,30.0,29.94,60.0,33.33
1,2026-09-03 19:37:00,19:37,C,26.67,26.67,25.28,30.0,29.94,61.0,33.33
1,2026-09-03 19:38:00,19:38,C,26.61,26.61,25.22,30.11,29.94,59.0,32.78
1,2026-09-03 19:39:00,19:39,C,26.56,26.56,25.11,30.11,30.0,59.0,32.78
1,2026-09-03 19:40:00,19:40,C,26.56,26.56,25.11,30.17,30.0,59.0,32.78
1,2026-09-03 19:41:00,19:41,C,26.61,26.61,25.17,30.11,30.0,59.0,32.78
1,2026-09-03 19:42:00,19:42,C,26.61,26.61,25.17,30.11,30.0,59.0,32.78
1,2026-09-03 19:43:00,19:43,C,26.44,26.44,24.94,30.17,30.0,58.0,32.78
1,2026-09-03 19:44:00,19:44,C,26.5,26.5,25.0,30.17,30.0,58.0,32.78
1,2026-09-03 19:45:00,19:45,C,26.44,26.44,24.94,30.17,30.0,58.0,32.78
1,2026-09-03 19:46:00,19:46,C,26.44,26.44,24.94,30.17,30.0,59.0,32.78
1,2026-09-03 19:47:00,19:47,C,26.33,26.39,24.83,30.11,30.0,58.0,32.78
1,2026-09-03 19:48:00,19:48,C,26.33,26.33,24.83,30.11,29.94,59.0,32.78
1,2026-09-03 19:49:00,19:49,C,26.44,26.44,24.94,30.06,29.94,59.0,32.78
1,2026-09-03 19:50:00,19:50,C,26.44,26.44,25.0,30.0,29.83,59.0,32.78
1,2026-09-03 19:51:00,19:51,C,26.5,26.5,25.11,29.94,29.78,59.0,32.78
1,2026-09-03 19:52:00,19:52,C,26.39,26.39,25.0,29.94,29.67,58.0,32.78
1,2026-09-03 19:53:00,19:53,C,26.22,26.22,24.78,29.94,29.67,58.0,32.78
1,2026-09-03 19:54:00,19:54,C,26.33,26.33,24.94,29.94,29.61,59.0,32.78
1,2026-09-03 19:55:00,19:55,C,26.33,26.33,25.0,29.83,29.5,59.0,32.78
1,2026-09-03 19:56:00,19:56,C,26.22,26.28,24.89,29.78,29.44,59.0,32.78
1,2026-09-03 19:57:00,19:57,C,26.22,26.28,24.94,29.72,29.33,59.0,32.78
1,2026-09-03 19:58:00,19:58,C,26.22,26.22,24.94,29.67,29.22,59.0,32.22
1,2026-09-03 19:59:00,19:59,C,26.17,26.22,24.89,29.67,29.17,59.0,32.22
1,2026-09-03 20:00:00,20:00,C,26.11,26.17,24.89,29.56,29.11,61.0,32.22
1,2026-09-03 20:01:00,20:01,C,26.17,26.22,24.94,29.5,29.06,60.0,32.22
1,2026-09-03 20:02:00,20:02,C,26.06,26.11,24.83,29.5,28.94,61.0,32.22
1,2026-09-03 20:03:00,20:03,C,26.0,26.06,24.78,29.44,28.94,61.0,32.22
1,2026-09-03 20:04:00,20:04,C,25.94,26.0,24.67,29.5,28.94,60.0,32.22
1,2026-09-03 20:05:00,20:05,C,25.89,25.94,24.61,29.44,28.94,61.0,32.22
1,2026-09-03 20:06:00,20:06,C,25.89,25.89,24.61,29.33,28.89,62.0,32.22
1,2026-09-03 20:07:00,20:07,C,25.89,25.94,24.67,29.28,28.78,62.0,32.22
1,2026-09-03 20:08:00,20:08,C,25.89,25.94,24.72,29.22,28.72,63.0,32.78
1,2026-09-03 20:09:00,20:09,C,25.89,25.94,24.78,29.11,28.61,62.0,31.67
1,2026-09-03 20:10:00,20:10,C,25.94,26.0,24.83,29.11,28.56,62.0,31.67
1,2026-09-03 20:11:00,20:11,C,25.83,25.89,24.72,29.11,28.5,62.0,31.67
1,2026-09-03 20:12:00,20:12,C,25.78,25.83,24.61,29.11,28.5,61.0,31.11
1,2026-09-03 20:13:00,20:13,C,25.67,25.72,24.44,29.11,28.56,60.0,31.11
1,2026-09-03 20:14:00,20:14,C,25.56,25.61,24.33,29.11,28.5,60.0,31.11
1,2026-09-03 20:15:00,20:15,C,25.56,25.61,24.33,29.11,28.5,60.0,31.11
1,2026-09-03 20:16:00,20:16,C,25.5,25.56,24.28,29.11,28.44,60.0,31.11
1,2026-09-03 20:17:00,20:17,C,25.44,25.56,24.22,29.11,28.44,60.0,31.11
1,2026-09-03 20:18:00,20:18,C,25.44,25.5,24.22,29.06,28.39,61.0,31.11
1,2026-09-03 20:19:00,20:19,C,25.39,25.5,24.22,28.94,28.28,61.0,31.11
1,2026-09-03 20:20:00,20:20,C,25.44,25.5,24.28,28.89,28.22,62.0,31.67
1,2026-09-03 20:21:00,20:21,C,25.44,25.5,24.28,28.83,28.17,62.0,31.67
1,2026-09-03 20:22:00,20:22,C,25.44,25.5,24.33,28.72,28.11,63.0,31.67
1,2026-09-03 20:23:00,20:23,C,25.44,25.5,24.33,28.61,28.06,64.0,31.67
1,2026-09-03 20:24:00,20:24,C,25.39,25.44,24.33,28.56,27.94,64.0,30.56
1,2026-09-03 20:25:00,20:25,C,25.39,25.5,24.39,28.56,27.89,64.0,30.56
1,2026-09-03 20:26:00,20:26,C,25.39,25.44,24.39,28.44,27.89,64.0,30.56
1,2026-09-03 20:27:00,20:27,C,25.44,25.5,24.44,28.44,27.78,64.0,30.56
1,2026-09-03 20:28:00,20:28,C,25.39,25.44,24.39,28.39,27.78,64.0,30.56
1,2026-09-03 20:29:00,20:29,C,25.39,25.44,24.39,28.39,27.78,65.0,31.11
1,2026-09-03 20:30:00,20:30,C,25.39,25.44,24.39,28.39,27.72,65.0,31.11
1,2026-09-03 20:31:00,20:31,C,25.39,25.44,24.44,28.33,27.72,65.0,31.11
1,2026-09-03 20:32:00,20:32,C,25.39,25.44,24.39,28.33,27.72,65.0,31.11
1,2026-09-03 20:33:00,20:33,C,25.28,25.33,24.28,28.28,27.72,65.0,31.11
1,2026-09-03 20:34:00,20:34,C,25.28,25.33,24.33,28.28,27.61,66.0,31.11
1,2026-09-03 20:35:00,20:35,C,25.28,25.33,24.33,28.22,27.61,66.0,31.11
1,2026-09-03 20:36:00,20:36,C,25.33,25.44,24.44,28.22,27.56,65.0,31.11
1,2026-09-03 20:37:00,20:37,C,25.28,25.33,24.33,28.17,27.56,65.0,31.11
1,2026-09-03 20:38:00,20:38,C,25.28,25.33,24.33,28.11,27.5,66.0,31.11
1,2026-09-03 20:39:00,20:39,C,25.22,25.28,24.28,28.11,27.5,65.0,31.11
1,2026-09-03 20:40:00,20:40,C,25.17,25.22,24.22,28.06,27.5,67.0,30.0
1,2026-09-03 20:41:00,20:41,C,25.17,25.22,24.22,28.0,27.39,67.0,30.0
1,2026-09-03 20:42:00,20:42,C,25.17,25.22,24.28,27.94,27.33,67.0,30.0
1,2026-09-03 20:43:00,20:43,C,25.17,25.28,24.33,27.89,27.28,67.0,30.0
1,2026-09-03 20:44:00,20:44,C,25.11,25.22,24.28,27.89,27.22,67.0,30.0
1,2026-09-03 20:45:00,20:45,C,25.11,25.17,24.28,27.83,27.17,68.0,30.56
1,2026-09-03 20:46:00,20:46,C,25.11,25.17,24.28,27.78,27.17,68.0,30.56
1,2026-09-03 20:47:00,20:47,C,25.0,25.06,24.11,27.78,27.11,67.0,30.0
1,2026-09-03 20:48:00,20:48,C,24.94,25.0,24.06,27.78,27.06,67.0,30.0
1,2026-09-03 20:49:00,20:49,C,24.89,24.94,24.0,27.78,27.06,68.0,30.56
1,2026-09-03 20:50:00,20:50,C,24.89,24.94,24.0,27.72,27.06,68.0,30.56
1,2026-09-03 20:51:00,20:51,C,24.89,24.94,24.0,27.72,27.0,68.0,30.56
1,2026-09-03 20:52:00,20:52,C,24.89,24.94,24.06,27.61,26.94,68.0,30.56
1,2026-09-03 20:53:00,20:53,C,24.89,25.0,24.11,27.56,26.83,68.0,30.56
1,2026-09-03 20:54:00,20:54,C,24.83,24.94,24.06,27.56,26.78,68.0,30.56
1,2026-09-03 20:55:00,20:55,C,24.83,24.89,24.06,27.5,26.72,69.0,29.44
1,2026-09-03 20:56:00,20:56,C,24.78,24.83,24.0,27.39,26.67,69.0,29.44
1,2026-09-03 20:57:00,20:57,C,24.72,24.83,23.94,27.39,26.67,69.0,29.44
1,2026-09-03 20:58:00,20:58,C,24.72,24.78,23.94,27.33,26.61,69.0,29.44
1,2026-09-03 20:59:00,20:59,C,24.72,24.78,23.94,27.28,26.56,70.0,29.44
1,2026-09-03 21:00:00,21:00,C,24.67,24.72,23.89,27.28,26.5,70.0,29.44
1,2026-09-03 21:01:00,21:01,C,24.61,24.72,23.83,27.28,26.56,70.0,29.44
1,2026-09-03 21:02:00,21:02,C,24.61,24.67,23.78,27.28,26.56,70.0,29.44
1,2026-09-03 21:03:00,21:03,C,24.61,24.67,23.78,27.28,26.56,70.0,29.44
1,2026-09-03 21:04:00,21:04,C,24.61,24.67,23.78,27.28,26.56,70.0,29.44
1,2026-09-03 21:05:00,21:05,C,24.61,24.72,23.83,27.28,26.56,71.0,29.44
1,2026-09-03 21:06:00,21:06,C,24.61,24.67,23.83,27.22,26.5,71.0,29.44
1,2026-09-03 21:07:00,21:07,C,24.61,24.67,23.89,27.17,26.39,72.0,30.0
1,2026-09-03 21:08:00,21:08,C,24.61,24.67,23.89,27.06,26.33,72.0,30.0
1,2026-09-03 21:09:00,21:09,C,24.61,24.67,23.89,27.06,26.33,72.0,30.0
1,2026-09-03 21:10:00,21:10,C,24.61,24.67,23.89,27.06,26.33,73.0,30.0
1,2026-09-03 21:11:00,21:11,C,24.56,24.67,23.89,27.0,26.28,73.0,30.0
1,2026-09-03 21:12:00,21:12,C,24.61,24.67,23.94,26.94,26.22,73.0,30.0
1,2026-09-03 21:13:00,21:13,C,24.61,24.67,23.94,26.89,26.22,73.0,28.89
1,2026-09-03 21:14:00,21:14,C,24.61,24.67,23.94,26.83,26.17,73.0,28.89
1,2026-09-03 21:15:00,21:15,C,24.56,24.67,23.94,26.83,26.11,74.0,28.89
1,2026-09-03 21:16:00,21:16,C,24.56,24.61,23.89,26.83,26.17,74.0,28.89
1,2026-09-03 21:17:00,21:17,C,24.56,24.61,23.89,26.89,26.11,74.0,28.89
1,2026-09-03 21:18:00,21:18,C,24.56,24.61,23.89,26.83,26.11,74.0,28.89
1,2026-09-03 21:19:00,21:19,C,24.5,24.61,23.89,26.78,26.06,74.0,28.89
1,2026-09-03 21:20:00,21:20,C,24.5,24.56,23.89,26.72,26.06,74.0,28.89
1,2026-09-03 21:21:00,21:21,C,24.5,24.56,23.89,26.72,26.0,74.0,28.89
1,2026-09-03 21:22:00,21:22,C,24.5,24.56,23.89,26.67,25.94,74.0,28.89
1,2026-09-03 21:23:00,21:23,C,24.44,24.56,23.89,26.67,25.89,74.0,28.89
1,2026-09-03 21:24:00,21:24,C,24.44,24.56,23.89,26.61,25.89,75.0,29.44
1,2026-09-03 21:25:00,21:25,C,24.44,24.56,23.89,26.56,25.89,76.0,29.44
1,2026-09-03 21:26:00,21:26,C,24.44,24.5,23.83,26.56,25.89,76.0,29.44
1,2026-09-03 21:27:00,21:27,C,24.39,24.5,23.83,26.56,25.83,76.0,29.44
1,2026-09-03 21:28:00,21:28,C,24.39,24.5,23.83,26.5,25.83,76.0,29.44
1,2026-09-03 21:29:00,21:29,C,24.39,24.5,23.83,26.5,25.83,76.0,29.44
1,2026-09-03 21:30:00,21:30,C,24.39,24.5,23.83,26.5,25.83,77.0,29.44
1,2026-09-03 21:31:00,21:31,C,24.39,24.44,23.83,26.44,25.78,77.0,29.44
1,2026-09-03 21:32:00,21:32,C,24.39,24.5,23.89,26.39,25.72,77.0,29.44
1,2026-09-03 21:33:00,21:33,C,24.39,24.5,23.89,26.33,25.72,78.0,28.33
1,2026-09-03 21:34:00,21:34,C,24.39,24.5,23.89,26.33,25.72,78.0,28.33
1,2026-09-03 21:35:00,21:35,C,24.39,24.44,23.89,26.33,25.67,78.0,28.33
1,2026-09-03 21:36:00,21:36,C,24.39,24.44,23.89,26.22,25.61,78.0,28.33
1,2026-09-03 21:37:00,21:37,C,24.39,24.44,23.89,26.22,25.61,78.0,28.33
1,2026-09-03 21:38:00,21:38,C,24.39,24.44,23.89,26.22,25.61,78.0,28.33
1,2026-09-03 21:39:00,21:39,C,24.39,24.44,23.89,26.22,25.61,78.0,28.33
1,2026-09-03 21:40:00,21:40,C,24.39,24.44,23.89,26.17,25.61,78.0,28.33
1,2026-09-03 21:41:00,21:41,C,24.39,24.44,23.89,26.28,25.61,79.0,28.33
1,2026-09-03 21:42:00,21:42,C,24.39,24.44,23.89,26.28,25.67,80.0,28.33
1,2026-09-03 21:43:00,21:43,C,24.39,24.44,23.89,26.28,25.67,80.0,28.33
1,2026-09-03 21:44:00,21:44,C,24.44,24.5,23.94,26.22,25.67,79.0,28.33
1,2026-09-03 21:45:00,21:45,C,24.44,24.5,23.94,26.22,25.67,79.0,28.33
1,2026-09-03 21:46:00,21:46,C,24.44,24.5,23.94,26.22,25.61,80.0,28.33
1,2026-09-03 21:47:00,21:47,C,24.44,24.5,23.94,26.22,25.61,80.0,28.33
1,2026-09-03 21:48:00,21:48,C,24.44,24.5,23.94,26.17,25.61,80.0,28.33
1,2026-09-03 21:49:00,21:49,C,24.33,24.39,23.89,26.17,25.5,80.0,28.33
1,2026-09-03 21:50:00,21:50,C,24.33,24.39,23.89,26.17,25.5,81.0,28.33
1,2026-09-03 21:51:00,21:51,C,24.33,24.39,23.89,26.17,25.5,81.0,28.33
1,2026-09-03 21:52:00,21:52,C,24.33,24.39,23.89,26.17,25.5,81.0,28.33
1,2026-09-03 21:53:00,21:53,C,24.33,24.39,23.89,26.17,25.5,81.0,28.33
1,2026-09-03 21:54:00,21:54,C,24.33,24.39,23.89,26.17,25.5,81.0,28.33
1,2026-09-03 21:55:00,21:55,C,24.33,24.39,23.89,26.11,25.44,82.0,28.89
1,2026-09-03 21:56:00,21:56,C,24.33,24.39,23.89,26.11,25.44,82.0,28.89
1,2026-09-03 21:57:00,21:57,C,24.33,24.39,23.89,26.06,25.44,81.0,28.33
1,2026-09-03 21:58:00,21:58,C,24.33,24.39,23.89,26.06,25.39,82.0,28.89
1,2026-09-03 21:59:00,21:59,C,24.28,24.39,23.89,26.0,25.33,81.0,28.33
1,2026-09-03 22:00:00,22:00,C,24.28,24.39,23.89,26.0,25.33,81.0,28.33
1,2026-09-03 22:01:00,22:01,C,24.22,24.28,23.83,25.89,25.28,81.0,28.33
1,2026-09-03 22:02:00,22:02,C,24.22,24.33,23.89,25.83,25.17,82.0,28.89
1,2026-09-03 22:03:00,22:03,C,24.22,24.28,23.89,25.83,25.11,82.0,28.89
1,2026-09-03 22:04:00,22:04,C,24.17,24.28,23.83,25.78,25.11,82.0,27.78
1,2026-09-03 22:05:00,22:05,C,24.17,24.22,23.78,25.72,25.11,82.0,27.78
1,2026-09-03 22:06:00,22:06,C,24.11,24.22,23.78,25.67,25.06,82.0,27.78
1,2026-09-03 22:07:00,22:07,C,24.11,24.17,23.78,25.67,25.0,82.0,27.78
1,2026-09-03 22:08:00,22:08,C,24.11,24.17,23.78,25.61,25.0,83.0,27.78
1,2026-09-03 22:09:00,22:09,C,24.11,24.17,23.78,25.56,24.94,83.0,27.78
1,2026-09-03 22:10:00,22:10,C,24.11,24.17,23.78,25.61,25.0,83.0,27.78
1,2026-09-03 22:11:00,22:11,C,24.11,24.17,23.78,25.56,25.0,84.0,27.78
1,2026-09-03 22:12:00,22:12,C,24.11,24.17,23.78,25.5,24.94,84.0,27.78
1,2026-09-03 22:13:00,22:13,C,24.11,24.17,23.78,25.5,24.94,84.0,27.78
1,2026-09-03 22:14:00,22:14,C,24.11,24.17,23.78,25.5,24.94,84.0,27.78
1,2026-09-03 22:15:00,22:15,C,24.11,24.17,23.78,25.5,24.94,85.0,27.78
1,2026-09-03 22:16:00,22:16,C,24.06,24.11,23.72,25.5,24.94,84.0,27.78
1,2026-09-03 22:17:00,22:17,C,24.06,24.11,23.72,25.56,24.94,85.0,27.78
1,2026-09-03 22:18:00,22:18,C,24.06,24.11,23.72,25.56,24.89,85.0,27.78
1,2026-09-03 22:19:00,22:19,C,24.06,24.11,23.72,25.61,24.94,85.0,27.78
1,2026-09-03 22:20:00,22:20,C,24.06,24.11,23.72,25.56,24.94,85.0,27.78
1,2026-09-03 22:21:00,22:21,C,24.06,24.11,23.72,25.56,24.89,85.0,27.78
1,2026-09-03 22:22:00,22:22,C,24.06,24.11,23.72,25.5,24.83,85.0,27.78
1,2026-09-03 22:23:00,22:23,C,24.06,24.11,23.72,25.5,24.83,85.0,27.78
1,2026-09-03 22:24:00,22:24,C,24.06,24.11,23.72,25.5,24.83,86.0,28.33
1,2026-09-03 22:25:00,22:25,C,24.0,24.11,23.72,25.5,24.78,86.0,28.33
1,2026-09-03 22:26:00,22:26,C,24.0,24.06,23.72,25.44,24.78,86.0,28.33
1,2026-09-03 22:27:00,22:27,C,24.0,24.06,23.72,25.44,24.78,86.0,28.33
1,2026-09-03 22:28:00,22:28,C,24.0,24.06,23.72,25.44,24.78,86.0,28.33
1,2026-09-03 22:29:00,22:29,C,24.0,24.06,23.72,25.44,24.78,86.0,28.33
1,2026-09-03 22:30:00,22:30,C,24.0,24.06,23.72,25.44,24.78,86.0,28.33
1,2026-09-03 22:31:00,22:31,C,24.0,24.06,23.72,25.44,24.78,85.0,27.78
1,2026-09-03 22:32:00,22:32,C,24.0,24.06,23.72,25.44,24.78,86.0,28.33
1,2026-09-03 22:33:00,22:33,C,24.0,24.06,23.72,25.44,24.78,86.0,28.33
1,2026-09-03 22:34:00,22:34,C,24.0,24.06,23.72,25.39,24.78,86.0,28.33
1,2026-09-03 22:35:00,22:35,C,24.0,24.06,23.72,25.39,24.78,86.0,28.33
1,2026-09-03 22:36:00,22:36,C,24.0,24.06,23.72,25.33,24.78,86.0,28.33
1,2026-09-03 22:37:00,22:37,C,24.0,24.06,23.72,25.33,24.78,86.0,28.33
1,2026-09-03 22:38:00,22:38,C,24.0,24.06,23.72,25.33,24.72,87.0,28.33
1,2026-09-03 22:39:00,22:39,C,24.0,24.06,23.72,25.28,24.72,87.0,28.33
1,2026-09-03 22:40:00,22:40,C,24.0,24.06,23.72,25.33,24.78,87.0,28.33
1,2026-09-03 22:41:00,22:41,C,24.0,24.06,23.72,25.33,24.78,87.0,28.33
1,2026-09-03 22:42:00,22:42,C,24.06,24.11,23.78,25.33,24.78,87.0,28.33
1,2026-09-03 22:43:00,22:43,C,24.0,24.06,23.72,25.28,24.72,87.0,28.33
1,2026-09-03 22:44:00,22:44,C,24.0,24.06,23.72,25.33,24.72,88.0,28.33
1,2026-09-03 22:45:00,22:45,C,24.0,24.06,23.72,25.33,24.72,88.0,28.33
1,2026-09-03 22:46:00,22:46,C,24.0,24.06,23.72,25.33,24.72,87.0,28.33
1,2026-09-03 22:47:00,22:47,C,24.0,24.06,23.72,25.33,24.78,87.0,28.33
1,2026-09-03 22:48:00,22:48,C,24.0,24.06,23.72,25.39,24.78,87.0,28.33
1,2026-09-03 22:49:00,22:49,C,24.0,24.06,23.72,25.39,24.78,88.0,28.33
1,2026-09-03 22:50:00,22:50,C,24.0,24.06,23.72,25.33,24.78,88.0,28.33
1,2026-09-03 22:51:00,22:51,C,24.0,24.06,23.72,25.33,24.72,88.0,28.33
1,2026-09-03 22:52:00,22:52,C,24.0,24.06,23.72,25.33,24.67,88.0,28.33
1,2026-09-03 22:53:00,22:53,C,23.94,24.0,23.67,25.28,24.67,88.0,28.33
1,2026-09-03 22:54:00,22:54,C,24.0,24.06,23.72,25.33,24.67,88.0,28.33
1,2026-09-03 22:55:00,22:55,C,24.0,24.06,23.72,25.28,24.67,88.0,27.78
1,2026-09-03 22:56:00,22:56,C,23.94,24.0,23.67,25.22,24.61,88.0,27.78
1,2026-09-03 22:57:00,22:57,C,23.89,23.94,23.67,25.17,24.56,89.0,27.78
1,2026-09-03 22:58:00,22:58,C,23.89,23.94,23.67,25.17,24.56,88.0,27.78
1,2026-09-03 22:59:00,22:59,C,23.83,23.89,23.61,25.11,24.5,88.0,27.78
1,2026-09-03 23:00:00,23:00,C,23.89,23.94,23.67,25.11,24.5,88.0,27.78
1,2026-09-03 23:01:00,23:01,C,23.83,23.89,23.61,25.11,24.5,89.0,27.78
1,2026-09-03 23:02:00,23:02,C,23.83,23.89,23.61,25.11,24.5,89.0,27.78
1,2026-09-03 23:03:00,23:03,C,23.83,23.89,23.61,25.11,24.5,88.0,27.78
1,2026-09-03 23:04:00,23:04,C,23.83,23.89,23.61,25.11,24.5,88.0,27.78
1,2026-09-03 23:05:00,23:05,C,23.83,23.89,23.61,25.0,24.44,89.0,27.78
1,2026-09-03 23:06:00,23:06,C,23.83,23.89,23.61,25.0,24.39,89.0,27.78
1,2026-09-03 23:07:00,23:07,C,23.83,23.89,23.61,25.0,24.39,89.0,27.78
1,2026-09-03 23:08:00,23:08,C,23.83,23.89,23.61,25.0,24.39,89.0,27.78
1,2026-09-03 23:09:00,23:09,C,23.83,23.89,23.61,25.0,24.39,90.0,27.78
1,2026-09-03 23:10:00,23:10,C,23.78,23.83,23.56,24.94,24.39,89.0,27.78
1,2026-09-03 23:11:00,23:11,C,23.78,23.89,23.61,24.94,24.33,89.0,27.78
1,2026-09-03 23:12:00,23:12,C,23.83,23.89,23.61,24.94,24.39,90.0,27.78
1,2026-09-03 23:13:00,23:13,C,23.83,23.89,23.61,25.0,24.44,90.0,27.78
1,2026-09-03 23:14:00,23:14,C,23.83,23.89,23.61,25.0,24.44,89.0,27.78
1,2026-09-03 23:15:00,23:15,C,23.78,23.83,23.56,25.0,24.44,89.0,27.78
1,2026-09-03 23:16:00,23:16,C,23.78,23.83,23.56,24.94,24.39,89.0,27.78
1,2026-09-03 23:17:00,23:17,C,23.78,23.83,23.56,24.94,24.44,89.0,27.78
1,2026-09-03 23:18:00,23:18,C,23.72,23.78,23.5,24.94,24.39,89.0,27.78
1,2026-09-03 23:19:00,23:19,C,23.67,23.72,23.44,24.94,24.33,89.0,27.78
1,2026-09-03 23:20:00,23:20,C,23.72,23.78,23.5,25.0,24.33,89.0,27.78
1,2026-09-03 23:21:00,23:21,C,23.72,23.78,23.5,24.94,24.33,89.0,27.78
1,2026-09-03 23:22:00,23:22,C,23.72,23.78,23.5,24.94,24.33,89.0,27.78
1,2026-09-03 23:23:00,23:23,C,23.72,23.78,23.5,24.94,24.33,89.0,27.78
1,2026-09-03 23:24:00,23:24,C,23.78,23.83,23.56,24.94,24.33,89.0,27.78
1,2026-09-03 23:25:00,23:25,C,23.72,23.83,23.56,24.94,24.28,89.0,27.78
1,2026-09-03 23:26:00,23:26,C,23.72,23.78,23.5,24.89,24.33,89.0,27.78
1,2026-09-03 23:27:00,23:27,C,23.72,23.83,23.56,24.94,24.28,89.0,27.78
1,2026-09-03 23:28:00,23:28,C,23.78,23.83,23.56,24.94,24.33,89.0,27.78
1,2026-09-03 23:29:00,23:29,C,23.78,23.83,23.56,24.94,24.33,89.0,27.78
1,2026-09-03 23:30:00,23:30,C,23.72,23.83,23.56,24.89,24.28,90.0,27.78
1,2026-09-03 23:31:00,23:31,C,23.72,23.83,23.56,24.89,24.28,90.0,27.78
1,2026-09-03 23:32:00,23:32,C,23.72,23.83,23.56,24.89,24.28,90.0,27.78
1,2026-09-03 23:33:00,23:33,C,23.78,23.83,23.56,24.89,24.33,90.0,27.78
1,2026-09-03 23:34:00,23:34,C,23.72,23.78,23.56,24.83,24.28,90.0,27.78
1,2026-09-03 23:35:00,23:35,C,23.72,23.83,23.56,24.89,24.28,90.0,27.78
1,2026-09-03 23:36:00,23:36,C,23.72,23.83,23.56,24.89,24.28,91.0,28.33
1,2026-09-03 23:37:00,23:37,C,23.72,23.83,23.56,24.89,24.28,91.0,28.33
1,2026-09-03 23:38:00,23:38,C,23.72,23.78,23.56,24.83,24.28,91.0,28.33
1,2026-09-03 23:39:00,23:39,C,23.72,23.78,23.56,24.83,24.28,90.0,27.78
1,2026-09-03 23:40:00,23:40,C,23.72,23.78,23.56,24.83,24.28,90.0,27.78
1,2026-09-03 23:41:00,23:41,C,23.72,23.78,23.56,24.83,24.28,90.0,27.78
1,2026-09-03 23:42:00,23:42,C,23.67,23.72,23.5,24.78,24.22,91.0,28.33
1,2026-09-03 23:43:00,23:43,C,23.67,23.72,23.5,24.78,24.22,91.0,28.33
1,2026-09-03 23:44:00,23:44,C,23.67,23.72,23.44,24.72,24.22,91.0,27.22
1,2026-09-03 23:45:00,23:45,C,23.61,23.67,23.44,24.67,24.11,91.0,27.22
1,2026-09-03 23:46:00,23:46,C,23.61,23.67,23.44,24.61,24.11,91.0,27.22
1,2026-09-03 23:47:00,23:47,C,23.56,23.61,23.39,24.67,24.11,91.0,27.22
1,2026-09-03 23:48:00,23:48,C,23.56,23.61,23.39,24.67,24.11,91.0,27.22
1,2026-09-03 23:49:00,23:49,C,23.56,23.61,23.39,24.67,24.11,91.0,27.22
1,2026-09-03 23:50:00,23:50,C,23.56,23.61,23.39,24.67,24.11,91.0,27.22
1,2026-09-03 23:51:00,23:51,C,23.56,23.61,23.39,24.61,24.11,91.0,27.22
1,2026-09-03 23:52:00,23:52,C,23.56,23.61,23.39,24.61,24.11,91.0,27.22
1,2026-09-03 23:53:00,23:53,C,23.61,23.67,23.44,24.61,24.06,92.0,27.22
1,2026-09-03 23:54:00,23:54,C,23.61,23.67,23.44,24.61,24.06,91.0,27.22
1,2026-09-03 23:55:00,23:55,C,23.61,23.67,23.44,24.61,24.06,92.0,27.22
1,2026-09-03 23:56:00,23:56,C,23.61,23.67,23.44,24.61,24.11,92.0,27.22
1,2026-09-03 23:57:00,23:57,C,23.61,23.67,23.44,24.61,24.06,92.0,27.22
1,2026-09-03 23:58:00,23:58,C,23.61,23.67,23.44,24.61,24.0,92.0,27.22
1,2026-09-03 23:59:00,23:59,C,23.61,23.67,23.44,24.61,24.06,92.0,27.22
1,2026-09-04 00:00:00,00:00,C,23.61,23.67,23.44,24.61,24.0,92.0,27.22
1,2026-09-04 00:01:00,00:01,C,23.61,23.67,23.44,24.61,24.0,92.0,27.22
1,2026-09-04 00:02:00,00:02,C,23.61,23.67,23.44,24.61,24.0,92.0,27.22
1,2026-09-04 00:03:00,00:03,C,23.61,23.67,23.44,24.56,24.0,92.0,27.22
1,2026-09-04 00:04:00,00:04,C,23.61,23.61,23.44,24.5,24.0,93.0,27.22
1,2026-09-04 00:05:00,00:05,C,23.56,23.61,23.44,24.5,23.94,93.0,27.22
1,2026-09-04 00:06:00,00:06,C,23.56,23.61,23.44,24.5,23.94,93.0,27.22
1,2026-09-04 00:07:00,00:07,C,23.56,23.61,23.44,24.5,23.94,93.0,27.22
1,2026-09-04 00:08:00,00:08,C,23.56,23.61,23.44,24.5,23.94,93.0,27.22
1,2026-09-04 00:09:00,00:09,C,23.56,23.56,23.39,24.44,23.94,93.0,27.22
1,2026-09-04 00:10:00,00:10,C,23.56,23.56,23.39,24.44,23.94,93.0,27.22
1,2026-09-04 00:11:00,00:11,C,23.5,23.56,23.39,24.44,23.89,93.0,27.22
1,2026-09-04 00:12:00,00:12,C,23.5,23.56,23.39,24.44,23.89,93.0,27.22
1,2026-09-04 00:13:00,00:13,C,23.5,23.56,23.39,24.44,23.89,93.0,27.22
1,2026-09-04 00:14:00,00:14,C,23.5,23.56,23.39,24.39,23.89,93.0,27.22
1,2026-09-04 00:15:00,00:15,C,23.5,23.56,23.39,24.33,23.89,93.0,27.22
1,2026-09-04 00:16:00,00:16,C,23.5,23.56,23.39,24.33,23.83,93.0,27.22
1,2026-09-04 00:17:00,00:17,C,23.5,23.56,23.39,24.33,23.89,93.0,27.22
1,2026-09-04 00:18:00,00:18,C,23.5,23.56,23.39,24.33,23.89,93.0,27.22
1,2026-09-04 00:19:00,00:19,C,23.5,23.56,23.39,24.33,23.83,93.0,27.22
1,2026-09-04 00:20:00,00:20,C,23.5,23.56,23.39,24.33,23.89,93.0,27.22
1,2026-09-04 00:21:00,00:21,C,23.5,23.56,23.39,24.28,23.78,93.0,27.22
1,2026-09-04 00:22:00,00:22,C,23.5,23.56,23.39,24.28,23.78,94.0,27.78
1,2026-09-04 00:23:00,00:23,C,23.5,23.56,23.39,24.28,23.78,94.0,27.78
1,2026-09-04 00:24:00,00:24,C,23.44,23.5,23.33,24.28,23.78,94.0,27.78
1,2026-09-04 00:25:00,00:25,C,23.44,23.5,23.33,24.28,23.78,94.0,27.78
1,2026-09-04 00:26:00,00:26,C,23.39,23.44,23.28,24.28,23.78,94.0,27.78
1,2026-09-04 00:27:00,00:27,C,23.39,23.44,23.28,24.28,23.78,94.0,27.78
1,2026-09-04 00:28:00,00:28,C,23.39,23.39,23.22,24.28,23.78,94.0,27.78
1,2026-09-04 00:29:00,00:29,C,23.39,23.44,23.28,24.28,23.78,94.0,27.78
1,2026-09-04 00:30:00,00:30,C,23.33,23.39,23.22,24.28,23.72,94.0,27.78
1,2026-09-04 00:31:00,00:31,C,23.39,23.44,23.28,24.28,23.72,95.0,27.78
1,2026-09-04 00:32:00,00:32,C,23.39,23.44,23.28,24.28,23.72,94.0,27.78
1,2026-09-04 00:33:00,00:33,C,23.39,23.44,23.28,24.28,23.72,94.0,27.78
1,2026-09-04 00:34:00,00:34,C,23.39,23.44,23.28,24.28,23.72,94.0,27.78
1,2026-09-04 00:35:00,00:35,C,23.39,23.44,23.28,24.22,23.67,95.0,27.78
1,2026-09-04 00:36:00,00:36,C,23.39,23.44,23.28,24.28,23.67,95.0,27.78
1,2026-09-04 00:37:00,00:37,C,23.39,23.44,23.28,24.22,23.67,95.0,27.78
1,2026-09-04 00:38:00,00:38,C,23.33,23.39,23.22,24.22,23.67,95.0,27.78
1,2026-09-04 00:39:00,00:39,C,23.33,23.39,23.22,24.17,23.61,94.0,26.67
1,2026-09-04 00:40:00,00:40,C,23.28,23.33,23.22,24.11,23.56,94.0,26.67
1,2026-09-04 00:41:00,00:41,C,23.28,23.33,23.22,24.11,23.56,94.0,26.67
1,2026-09-04 00:42:00,00:42,C,23.28,23.33,23.22,24.06,23.56,95.0,26.67
1,2026-09-04 00:43:00,00:43,C,23.28,23.33,23.22,24.06,23.56,95.0,26.67
1,2026-09-04 00:44:00,00:44,C,23.33,23.39,23.28,24.06,23.56,95.0,26.67
1,2026-09-04 00:45:00,00:45,C,23.33,23.39,23.28,24.0,23.56,95.0,26.67
1,2026-09-04 00:46:00,00:46,C,23.28,23.33,23.22,24.0,23.56,95.0,26.67
1,2026-09-04 00:47:00,00:47,C,23.28,23.33,23.22,24.0,23.56,95.0,26.67
1,2026-09-04 00:48:00,00:48,C,23.28,23.33,23.22,23.94,23.44,95.0,26.67
1,2026-09-04 00:49:00,00:49,C,23.22,23.28,23.17,23.94,23.5,95.0,26.67
1,2026-09-04 00:50:00,00:50,C,23.22,23.28,23.11,24.0,23.5,96.0,27.22
1,2026-09-04 00:51:00,00:51,C,23.22,23.28,23.11,24.0,23.5,96.0,27.22
1,2026-09-04 00:52:00,00:52,C,23.22,23.28,23.11,24.0,23.5,96.0,27.22
1,2026-09-04 00:53:00,00:53,C,23.22,23.28,23.11,24.06,23.5,96.0,27.22
1,2026-09-04 00:54:00,00:54,C,23.22,23.28,23.17,24.0,23.5,96.0,27.22
1,2026-09-04 00:55:00,00:55,C,23.17,23.22,23.11,24.0,23.44,96.0,27.22
1,2026-09-04 00:56:00,00:56,C,23.17,23.22,23.11,24.0,23.44,96.0,27.22
1,2026-09-04 00:57:00,00:57,C,23.22,23.28,23.17,24.0,23.44,96.0,27.22
1,2026-09-04 00:58:00,00:58,C,23.22,23.28,23.17,24.0,23.44,95.0,26.67
1,2026-09-04 00:59:00,00:59,C,23.28,23.33,23.22,24.0,23.44,96.0,27.22
1,2026-09-04 01:00:00,01:00,C,23.28,23.33,23.22,24.0,23.44,96.0,27.22
1,2026-09-04 01:01:00,01:01,C,23.28,23.33,23.22,24.0,23.44,96.0,27.22
1,2026-09-04 01:02:00,01:02,C,23.28,23.33,23.22,24.0,23.44,96.0,27.22
1,2026-09-04 01:03:00,01:03,C,23.28,23.33,23.22,23.94,23.44,96.0,27.22
1,2026-09-04 01:04:00,01:04,C,23.28,23.33,23.22,23.94,23.44,95.0,26.67
1,2026-09-04 01:05:00,01:05,C,23.22,23.28,23.22,23.94,23.39,95.0,26.67
1,2026-09-04 01:06:00,01:06,C,23.28,23.33,23.22,23.94,23.44,95.0,26.67
1,2026-09-04 01:07:00,01:07,C,23.28,23.33,23.22,23.94,23.44,95.0,26.67
1,2026-09-04 01:08:00,01:08,C,23.28,23.33,23.22,23.94,23.44,96.0,27.22
1,2026-09-04 01:09:00,01:09,C,23.28,23.33,23.22,23.94,23.44,96.0,27.22
1,2026-09-04 01:10:00,01:10,C,23.28,23.33,23.22,23.94,23.44,97.0,27.22
1,2026-09-04 01:11:00,01:11,C,23.28,23.33,23.22,23.94,23.44,97.0,27.22
1,2026-09-04 01:12:00,01:12,C,23.28,23.33,23.22,23.94,23.44,97.0,27.22
1,2026-09-04 01:13:00,01:13,C,23.28,23.33,23.22,23.94,23.44,96.0,27.22
1,2026-09-04 01:14:00,01:14,C,23.22,23.28,23.17,23.94,23.39,96.0,27.22
1,2026-09-04 01:15:00,01:15,C,23.17,23.22,23.11,23.94,23.39,97.0,27.22
1,2026-09-04 01:16:00,01:16,C,23.17,23.22,23.11,23.89,23.39,97.0,27.22
1,2026-09-04 01:17:00,01:17,C,23.17,23.22,23.11,23.89,23.39,97.0,27.22
1,2026-09-04 01:18:00,01:18,C,23.22,23.28,23.17,23.89,23.39,97.0,27.22
1,2026-09-04 01:19:00,01:19,C,23.22,23.28,23.17,23.89,23.39,97.0,27.22
1,2026-09-04 01:20:00,01:20,C,23.22,23.28,23.17,23.89,23.39,97.0,27.22
1,2026-09-04 01:21:00,01:21,C,23.17,23.22,23.11,23.89,23.33,97.0,27.22
1,2026-09-04 01:22:00,01:22,C,23.11,23.17,23.06,23.83,23.33,97.0,27.22
1,2026-09-04 01:23:00,01:23,C,23.11,23.17,23.06,23.83,23.28,97.0,27.22
1,2026-09-04 01:24:00,01:24,C,23.11,23.17,23.06,23.83,23.28,97.0,27.22
1,2026-09-04 01:25:00,01:25,C,23.11,23.17,23.06,23.83,23.33,97.0,27.22
1,2026-09-04 01:26:00,01:26,C,23.11,23.17,23.06,23.89,23.33,97.0,27.22
1,2026-09-04 01:27:00,01:27,C,23.17,23.22,23.11,23.89,23.33,97.0,27.22
1,2026-09-04 01:28:00,01:28,C,23.17,23.22,23.11,23.89,23.33,97.0,27.22
1,2026-09-04 01:29:00,01:29,C,23.11,23.17,23.06,23.89,23.39,97.0,27.22
1,2026-09-04 01:30:00,01:30,C,23.11,23.17,23.06,23.83,23.33,97.0,27.22
1,2026-09-04 01:31:00,01:31,C,23.11,23.17,23.06,23.83,23.28,97.0,27.22
1,2026-09-04 01:32:00,01:32,C,23.11,23.17,23.06,23.78,23.28,97.0,27.22
1,2026-09-04 01:33:00,01:33,C,23.11,23.17,23.06,23.78,23.28,97.0,27.22
1,2026-09-04 01:34:00,01:34,C,23.11,23.17,23.06,23.78,23.28,97.0,27.22
1,2026-09-04 01:35:00,01:35,C,23.11,23.17,23.06,23.78,23.28,97.0,27.22
1,2026-09-04 01:36:00,01:36,C,23.06,23.11,23.0,23.78,23.28,97.0,27.22
1,2026-09-04 01:37:00,01:37,C,23.0,23.06,22.94,23.72,23.28,97.0,27.22
1,2026-09-04 01:38:00,01:38,C,23.0,23.06,22.94,23.72,23.28,97.0,27.22
1,2026-09-04 01:39:00,01:39,C,23.06,23.11,23.06,23.67,23.22,97.0,27.22
1,2026-09-04 01:40:00,01:40,C,23.06,23.11,23.06,23.61,23.22,97.0,27.22
1,2026-09-04 01:41:00,01:41,C,23.11,23.17,23.11,23.61,23.22,97.0,27.22
1,2026-09-04 01:42:00,01:42,C,23.11,23.17,23.11,23.61,23.22,97.0,26.11
1,2026-09-04 01:43:00,01:43,C,23.11,23.17,23.11,23.61,23.22,97.0,27.22
1,2026-09-04 01:44:00,01:44,C,23.11,23.17,23.11,23.61,23.22,97.0,27.22
1,2026-09-04 01:45:00,01:45,C,23.11,23.17,23.11,23.61,23.28,97.0,27.22
1,2026-09-04 01:46:00,01:46,C,23.11,23.17,23.11,23.61,23.22,97.0,27.22
1,2026-09-04 01:47:00,01:47,C,23.11,23.17,23.11,23.61,23.28,97.0,27.22
1,2026-09-04 01:48:00,01:48,C,23.11,23.17,23.11,23.61,23.22,97.0,27.22
1,2026-09-04 01:49:00,01:49,C,23.06,23.11,23.06,23.61,23.22,98.0,27.22
1,2026-09-04 01:50:00,01:50,C,23.11,23.11,23.06,23.61,23.28,98.0,27.22
1,2026-09-04 01:51:00,01:51,C,23.06,23.11,23.06,23.61,23.22,98.0,27.22
1,2026-09-04 01:52:00,01:52,C,23.06,23.11,23.06,23.61,23.22,98.0,27.22
1,2026-09-04 01:53:00,01:53,C,23.06,23.11,23.06,23.61,23.22,98.0,26.67
1,2026-09-04 01:54:00,01:54,C,23.11,23.17,23.11,23.56,23.22,98.0,26.67
1,2026-09-04 01:55:00,01:55,C,23.06,23.11,23.06,23.56,23.17,98.0,26.67
1,2026-09-04 01:56:00,01:56,C,23.11,23.17,23.11,23.56,23.22,98.0,26.67
1,2026-09-04 01:57:00,01:57,C,23.11,23.17,23.11,23.56,23.17,98.0,26.67
1,2026-09-04 01:58:00,01:58,C,23.11,23.17,23.11,23.56,23.22,98.0,26.67
1,2026-09-04 01:59:00,01:59,C,23.06,23.11,23.06,23.5,23.22,98.0,26.67
1,2026-09-04 02:00:00,02:00,C,23.11,23.17,23.11,23.56,23.22,98.0,26.67
1,2026-09-04 02:01:00,02:01,C,23.11,23.17,23.11,23.56,23.22,98.0,26.67
1,2026-09-04 02:02:00,02:02,C,23.11,23.17,23.11,23.56,23.22,98.0,26.67
1,2026-09-04 02:03:00,02:03,C,23.11,23.17,23.11,23.5,23.22,98.0,26.67
1,2026-09-04 02:04:00,02:04,C,23.11,23.17,23.11,23.56,23.22,98.0,26.67
1,2026-09-04 02:05:00,02:05,C,23.11,23.17,23.11,23.56,23.22,98.0,26.67
1,2026-09-04 02:06:00,02:06,C,23.11,23.17,23.11,23.56,23.22,98.0,26.67
1,2026-09-04 02:07:00,02:07,C,23.11,23.17,23.11,23.56,23.22,98.0,26.67
1,2026-09-04 02:08:00,02:08,C,23.11,23.17,23.11,23.56,23.22,98.0,26.67
1,2026-09-04 02:09:00,02:09,C,23.11,23.17,23.11,23.61,23.22,98.0,26.67
1,2026-09-04 02:10:00,02:10,C,23.11,23.17,23.11,23.61,23.22,98.0,26.67
1,2026-09-04 02:11:00,02:11,C,23.11,23.17,23.11,23.56,23.22,98.0,26.67
1,2026-09-04 02:12:00,02:12,C,23.11,23.17,23.11,23.56,23.17,98.0,26.67
1,2026-09-04 02:13:00,02:13,C,23.06,23.11,23.06,23.61,23.17,98.0,27.22
1,2026-09-04 02:14:00,02:14,C,23.06,23.11,23.06,23.61,23.22,98.0,26.67
1,2026-09-04 02:15:00,02:15,C,23.06,23.11,23.06,23.56,23.17,98.0,26.67
1,2026-09-04 02:16:00,02:16,C,23.0,23.06,23.0,23.56,23.11,98.0,26.67
1,2026-09-04 02:17:00,02:17,C,23.0,23.06,23.0,23.5,23.06,98.0,26.67
1,2026-09-04 02:18:00,02:18,C,23.0,23.06,23.0,23.44,23.06,98.0,26.67
1,2026-09-04 02:19:00,02:19,C,23.0,23.06,23.0,23.44,23.06,98.0,26.67
1,2026-09-04 02:20:00,02:20,C,23.06,23.06,23.06,23.44,23.06,98.0,26.67
1,2026-09-04 02:21:00,02:21,C,23.0,23.0,23.0,23.39,23.06,98.0,26.67
1,2026-09-04 02:22:00,02:22,C,23.0,23.0,23.0,23.39,23.06,98.0,26.67
1,2026-09-04 02:23:00,02:23,C,23.0,23.0,23.0,23.39,23.06,98.0,26.67
1,2026-09-04 02:24:00,02:24,C,22.94,23.0,22.94,23.39,23.06,98.0,26.67
1,2026-09-04 02:25:00,02:25,C,22.94,23.0,22.94,23.39,23.06,99.0,26.67
1,2026-09-04 02:26:00,02:26,C,22.89,22.94,22.89,23.39,23.06,99.0,26.67
1,2026-09-04 02:27:00,02:27,C,22.89,22.94,22.89,23.39,23.06,99.0,26.67
1,2026-09-04 02:28:00,02:28,C,22.89,22.94,22.89,23.39,23.06,99.0,26.67
1,2026-09-04 02:29:00,02:29,C,22.89,22.94,22.89,23.39,23.06,99.0,26.67
1,2026-09-04 02:30:00,02:30,C,22.94,23.0,22.94,23.39,23.0,99.0,26.67
1,2026-09-04 02:31:00,02:31,C,22.94,23.0,22.94,23.39,23.0,99.0,26.67
1,2026-09-04 02:32:00,02:32,C,23.0,23.0,23.0,23.39,23.06,99.0,26.67
1,2026-09-04 02:33:00,02:33,C,22.94,23.0,22.94,23.39,23.06,99.0,26.67
1,2026-09-04 02:34:00,02:34,C,22.89,22.94,22.89,23.39,23.06,99.0,26.67
1,2026-09-04 02:35:00,02:35,C,22.89,22.94,22.89,23.39,23.06,99.0,26.67
1,2026-09-04 02:36:00,02:36,C,22.89,22.94,22.89,23.39,23.06,99.0,26.67
1,2026-09-04 02:37:00,02:37,C,22.89,22.94,22.89,23.39,23.06,99.0,26.67
1,2026-09-04 02:38:00,02:38,C,22.89,22.94,22.89,23.39,23.06,99.0,26.67
1,2026-09-04 02:39:00,02:39,C,22.89,22.94,22.89,23.39,23.06,99.0,26.67
1,2026-09-04 02:40:00,02:40,C,22.89,22.94,22.89,23.39,23.0,99.0,26.67
1,2026-09-04 02:41:00,02:41,C,22.89,22.94,22.89,23.33,22.94,99.0,26.67
1,2026-09-04 02:42:00,02:42,C,22.89,22.94,22.89,23.39,22.94,99.0,26.67
1,2026-09-04 02:43:00,02:43,C,22.89,22.94,22.89,23.33,22.94,99.0,26.67
1,2026-09-04 02:44:00,02:44,C,22.89,22.94,22.89,23.39,23.0,99.0,26.67
1,2026-09-04 02:45:00,02:45,C,22.94,23.0,22.94,23.39,23.0,99.0,26.67
1,2026-09-04 02:46:00,02:46,C,22.89,22.94,22.89,23.39,23.0,99.0,26.67
1,2026-09-04 02:47:00,02:47,C,22.94,23.0,22.94,23.39,23.0,99.0,26.67
1,2026-09-04 02:48:00,02:48,C,22.94,23.0,22.94,23.39,23.0,99.0,26.67
1,2026-09-04 02:49:00,02:49,C,22.94,23.0,22.94,23.39,23.06,99.0,26.67
1,2026-09-04 02:50:00,02:50,C,22.94,23.0,22.94,23.39,23.06,99.0,26.67
1,2026-09-04 02:51:00,02:51,C,22.89,22.94,22.89,23.39,23.0,99.0,26.67
1,2026-09-04 02:52:00,02:52,C,22.89,22.94,22.89,23.39,22.94,99.0,26.67
1,2026-09-04 02:53:00,02:53,C,22.89,22.89,22.89,23.33,22.89,99.0,26.67
1,2026-09-04 02:54:00,02:54,C,22.78,22.83,22.78,23.28,22.89,99.0,26.67
1,2026-09-04 02:55:00,02:55,C,22.89,22.89,22.89,23.22,22.89,99.0,26.67
1,2026-09-04 02:56:00,02:56,C,22.78,22.83,22.78,23.22,22.83,99.0,26.67
1,2026-09-04 02:57:00,02:57,C,22.78,22.83,22.78,23.22,22.83,99.0,26.67
1,2026-09-04 02:58:00,02:58,C,22.83,22.83,22.83,23.22,22.89,99.0,26.67
1,2026-09-04 02:59:00,02:59,C,22.89,22.89,22.89,23.22,22.89,99.0,26.67
1,2026-09-04 03:00:00,03:00,C,22.89,22.89,22.89,23.22,22.89,99.0,26.67
1,2026-09-04 03:01:00,03:01,C,22.89,22.89,22.89,23.22,22.94,99.0,26.67
1,2026-09-04 03:02:00,03:02,C,22.89,22.89,22.89,23.22,22.94,99.0,26.67
1,2026-09-04 03:03:00,03:03,C,22.83,22.83,22.83,23.17,22.89,99.0,26.67
1,2026-09-04 03:04:00,03:04,C,22.89,22.89,22.89,23.22,22.89,99.0,26.67
1,2026-09-04 03:05:00,03:05,C,22.89,22.89,22.89,23.22,22.89,99.0,26.67
1,2026-09-04 03:06:00,03:06,C,22.89,22.89,22.89,23.22,22.94,99.0,26.67
1,2026-09-04 03:07:00,03:07,C,22.89,22.89,22.89,23.28,22.94,99.0,26.67
1,2026-09-04 03:08:00,03:08,C,22.83,22.89,22.83,23.28,22.94,99.0,26.67
1,2026-09-04 03:09:00,03:09,C,22.78,22.83,22.78,23.22,22.89,99.0,26.67
1,2026-09-04 03:10:00,03:10,C,22.78,22.83,22.78,23.22,22.89,99.0,26.67
1,2026-09-04 03:11:00,03:11,C,22.78,22.83,22.78,23.22,22.89,99.0,26.67
1,2026-09-04 03:12:00,03:12,C,22.78,22.83,22.78,23.22,22.89,99.0,26.67
1,2026-09-04 03:13:00,03:13,C,22.72,22.78,22.72,23.17,22.78,99.0,26.67
1,2026-09-04 03:14:00,03:14,C,22.72,22.78,22.72,23.17,22.78,99.0,26.67
1,2026-09-04 03:15:00,03:15,C,22.72,22.72,22.72,23.11,22.78,99.0,26.67
1,2026-09-04 03:16:00,03:16,C,22.72,22.72,22.72,23.11,22.78,99.0,26.67
1,2026-09-04 03:17:00,03:17,C,22.72,22.72,22.72,23.11,22.78,100.0,26.67
1,2026-09-04 03:18:00,03:18,C,22.72,22.72,22.72,23.11,22.78,100.0,26.67
1,2026-09-04 03:19:00,03:19,C,22.72,22.72,22.72,23.11,22.78,99.0,26.67
1,2026-09-04 03:20:00,03:20,C,22.72,22.78,22.72,23.17,22.78,99.0,26.67
1,2026-09-04 03:21:00,03:21,C,22.72,22.72,22.72,23.11,22.78,99.0,26.67
1,2026-09-04 03:22:00,03:22,C,22.72,22.72,22.72,23.11,22.78,99.0,26.67
1,2026-09-04 03:23:00,03:23,C,22.72,22.72,22.72,23.11,22.72,99.0,26.67
1,2026-09-04 03:24:00,03:24,C,22.72,22.72,22.72,23.11,22.72,99.0,26.67
1,2026-09-04 03:25:00,03:25,C,22.72,22.72,22.72,23.11,22.78,99.0,26.67
1,2026-09-04 03:26:00,03:26,C,22.67,22.72,22.67,23.11,22.78,100.0,26.67
1,2026-09-04 03:27:00,03:27,C,22.72,22.72,22.72,23.11,22.72,100.0,26.67
1,2026-09-04 03:28:00,03:28,C,22.72,22.72,22.72,23.11,22.78,100.0,26.67
1,2026-09-04 03:29:00,03:29,C,22.61,22.67,22.61,23.11,22.78,100.0,26.67
1,2026-09-04 03:30:00,03:30,C,22.72,22.72,22.72,23.11,22.72,100.0,26.67
1,2026-09-04 03:31:00,03:31,C,22.72,22.72,22.72,23.11,22.78,100.0,26.67
1,2026-09-04 03:32:00,03:32,C,22.72,22.72,22.72,23.11,22.78,100.0,26.67
1,2026-09-04 03:33:00,03:33,C,22.72,22.72,22.72,23.11,22.78,100.0,26.67
1,2026-09-04 03:34:00,03:34,C,22.72,22.72,22.72,23.11,22.78,100.0,26.67
1,2026-09-04 03:35:00,03:35,C,22.61,22.67,22.61,23.11,22.78,100.0,26.67
1,2026-09-04 03:36:00,03:36,C,22.56,22.61,22.56,23.11,22.72,100.0,26.67
1,2026-09-04 03:37:00,03:37,C,22.61,22.67,22.61,23.11,22.72,100.0,26.67
1,2026-09-04 03:38:00,03:38,C,22.72,22.72,22.72,23.11,22.72,100.0,26.67
1,2026-09-04 03:39:00,03:39,C,22.67,22.72,22.67,23.11,22.72,100.0,26.67
1,2026-09-04 03:40:00,03:40,C,22.72,22.72,22.72,23.11,22.72,100.0,26.67
1,2026-09-04 03:41:00,03:41,C,22.72,22.72,22.72,23.11,22.72,100.0,26.67
1,2026-09-04 03:42:00,03:42,C,22.72,22.72,22.72,23.11,22.78,100.0,26.67
1,2026-09-04 03:43:00,03:43,C,22.72,22.72,22.72,23.11,22.78,100.0,26.67
1,2026-09-04 03:44:00,03:44,C,22.72,22.72,22.72,23.11,22.78,100.0,26.67
1,2026-09-04 03:45:00,03:45,C,22.78,22.78,22.78,23.11,22.78,100.0,26.67
1,2026-09-04 03:46:00,03:46,C,22.72,22.72,22.72,23.11,22.78,100.0,26.67
1,2026-09-04 03:47:00,03:47,C,22.72,22.72,22.72,23.11,22.78,100.0,26.67
1,2026-09-04 03:48:00,03:48,C,22.72,22.72,22.72,23.11,22.72,100.0,26.67
1,2026-09-04 03:49:00,03:49,C,22.61,22.67,22.61,23.06,22.67,100.0,26.11
1,2026-09-04 03:50:00,03:50,C,22.61,22.67,22.61,23.06,22.67,100.0,26.11
1,2026-09-04 03:51:00,03:51,C,22.61,22.67,22.61,23.06,22.72,100.0,26.11
1,2026-09-04 03:52:00,03:52,C,22.61,22.67,22.61,23.06,22.72,100.0,26.11
1,2026-09-04 03:53:00,03:53,C,22.61,22.67,22.61,23.06,22.72,100.0,26.11
1,2026-09-04 03:54:00,03:54,C,22.61,22.67,22.61,23.06,22.67,100.0,26.11
1,2026-09-04 03:55:00,03:55,C,22.61,22.67,22.61,23.06,22.67,100.0,26.11
1,2026-09-04 03:56:00,03:56,C,22.56,22.61,22.56,23.06,22.67,100.0,26.11
1,2026-09-04 03:57:00,03:57,C,22.56,22.61,22.56,23.0,22.61,100.0,26.11
1,2026-09-04 03:58:00,03:58,C,22.56,22.61,22.56,23.0,22.61,100.0,26.11
1,2026-09-04 03:59:00,03:59,C,22.56,22.61,22.56,23.0,22.61,100.0,26.11
1,2026-09-04 04:00:00,04:00,C,22.56,22.56,22.56,22.94,22.61,100.0,26.11
1,2026-09-04 04:01:00,04:01,C,22.56,22.56,22.56,22.94,22.61,100.0,26.11
1,2026-09-04 04:02:00,04:02,C,22.56,22.56,22.56,22.94,22.61,100.0,26.11
1,2026-09-04 04:03:00,04:03,C,22.56,22.56,22.56,22.94,22.61,100.0,26.11
1,2026-09-04 04:04:00,04:04,C,22.56,22.56,22.56,22.94,22.56,100.0,26.11
1,2026-09-04 04:05:00,04:05,C,22.44,22.5,22.44,22.89,22.56,100.0,26.11
1,2026-09-04 04:06:00,04:06,C,22.44,22.5,22.44,22.89,22.56,100.0,26.11
1,2026-09-04 04:07:00,04:07,C,22.56,22.56,22.56,22.89,22.56,100.0,26.11
1,2026-09-04 04:08:00,04:08,C,22.56,22.56,22.56,22.89,22.56,100.0,26.11
1,2026-09-04 04:09:00,04:09,C,22.5,22.5,22.5,22.89,22.56,100.0,26.11
1,2026-09-04 04:10:00,04:10,C,22.56,22.56,22.56,22.89,22.56,100.0,26.11
1,2026-09-04 04:11:00,04:11,C,22.56,22.56,22.56,22.89,22.56,100.0,26.11
1,2026-09-04 04:12:00,04:12,C,22.56,22.56,22.56,22.89,22.56,100.0,26.11
1,2026-09-04 04:13:00,04:13,C,22.56,22.56,22.56,22.89,22.56,100.0,26.11
1,2026-09-04 04:14:00,04:14,C,22.56,22.61,22.61,22.89,22.56,100.0,26.11
1,2026-09-04 04:15:00,04:15,C,22.56,22.56,22.56,22.89,22.61,100.0,26.11
1,2026-09-04 04:16:00,04:16,C,22.56,22.56,22.56,22.83,22.56,100.0,26.11
1,2026-09-04 04:17:00,04:17,C,22.56,22.56,22.56,22.78,22.56,100.0,26.11
1,2026-09-04 04:18:00,04:18,C,22.56,22.56,22.56,22.78,22.56,100.0,26.11
1,2026-09-04 04:19:00,04:19,C,22.56,22.61,22.61,22.83,22.56,100.0,26.11
1,2026-09-04 04:20:00,04:20,C,22.56,22.56,22.56,22.83,22.61,100.0,26.11
1,2026-09-04 04:21:00,04:21,C,22.56,22.56,22.56,22.78,22.61,100.0,26.11
1,2026-09-04 04:22:00,04:22,C,22.56,22.56,22.56,22.83,22.56,100.0,26.11
1,2026-09-04 04:23:00,04:23,C,22.56,22.56,22.56,22.83,22.56,100.0,26.11
1,2026-09-04 04:24:00,04:24,C,22.56,22.56,22.56,22.78,22.56,100.0,26.11
1,2026-09-04 04:25:00,04:25,C,22.56,22.61,22.61,22.83,22.56,100.0,26.11
1,2026-09-04 04:26:00,04:26,C,22.61,22.61,22.61,22.78,22.61,100.0,26.11
1,2026-09-04 04:27:00,04:27,C,22.56,22.61,22.61,22.78,22.56,100.0,26.11
1,2026-09-04 04:28:00,04:28,C,22.56,22.61,22.61,22.89,22.56,100.0,26.11
1,2026-09-04 04:29:00,04:29,C,22.56,22.56,22.56,22.89,22.61,100.0,26.11
1,2026-09-04 04:30:00,04:30,C,22.56,22.56,22.56,22.89,22.61,100.0,26.11
1,2026-09-04 04:31:00,04:31,C,22.5,22.56,22.5,22.83,22.61,100.0,26.11
1,2026-09-04 04:32:00,04:32,C,22.5,22.56,22.5,22.83,22.61,100.0,26.11
1,2026-09-04 04:33:00,04:33,C,22.5,22.5,22.5,22.78,22.56,100.0,26.11
1,2026-09-04 04:34:00,04:34,C,22.44,22.5,22.44,22.78,22.56,100.0,26.11
1,2026-09-04 04:35:00,04:35,C,22.44,22.5,22.44,22.78,22.56,100.0,26.11
1,2026-09-04 04:36:00,04:36,C,22.44,22.5,22.44,22.78,22.56,100.0,26.11
1,2026-09-04 04:37:00,04:37,C,22.39,22.44,22.39,22.78,22.56,100.0,26.11
1,2026-09-04 04:38:00,04:38,C,22.39,22.44,22.39,22.83,22.56,100.0,26.11
1,2026-09-04 04:39:00,04:39,C,22.39,22.44,22.39,22.78,22.56,100.0,26.11
1,2026-09-04 04:40:00,04:40,C,22.44,22.5,22.44,22.78,22.56,100.0,26.11
1,2026-09-04 04:41:00,04:41,C,22.44,22.5,22.44,22.78,22.56,100.0,26.11
1,2026-09-04 04:42:00,04:42,C,22.44,22.44,22.44,22.78,22.5,100.0,26.11
1,2026-09-04 04:43:00,04:43,C,22.44,22.44,22.44,22.78,22.5,100.0,26.11
1,2026-09-04 04:44:00,04:44,C,22.44,22.5,22.44,22.78,22.56,100.0,26.11
1,2026-09-04 04:45:00,04:45,C,22.44,22.44,22.44,22.78,22.5,100.0,26.11
1,2026-09-04 04:46:00,04:46,C,22.44,22.44,22.44,22.72,22.44,100.0,26.11
1,2026-09-04 04:47:00,04:47,C,22.44,22.44,22.44,22.78,22.44,100.0,26.11
1,2026-09-04 04:48:00,04:48,C,22.44,22.44,22.44,22.72,22.44,100.0,26.11
1,2026-09-04 04:49:00,04:49,C,22.44,22.44,22.44,22.72,22.44,100.0,26.11
1,2026-09-04 04:50:00,04:50,C,22.44,22.44,22.44,22.72,22.44,100.0,26.11
1,2026-09-04 04:51:00,04:51,C,22.44,22.44,22.44,22.72,22.5,100.0,26.11
1,2026-09-04 04:52:00,04:52,C,22.44,22.44,22.44,22.72,22.44,100.0,26.11
1,2026-09-04 04:53:00,04:53,C,22.44,22.44,22.44,22.72,22.44,100.0,26.11
1,2026-09-04 04:54:00,04:54,C,22.39,22.39,22.39,22.72,22.44,100.0,26.11
1,2026-09-04 04:55:00,04:55,C,22.39,22.39,22.39,22.67,22.44,100.0,26.11
1,2026-09-04 04:56:00,04:56,C,22.39,22.39,22.39,22.61,22.39,100.0,26.11
1,2026-09-04 04:57:00,04:57,C,22.39,22.39,22.39,22.61,22.39,100.0,26.11
1,2026-09-04 04:58:00,04:58,C,22.39,22.39,22.39,22.56,22.39,100.0,26.11
1,2026-09-04 04:59:00,04:59,C,22.39,22.39,22.39,22.56,22.39,100.0,26.11
1,2026-09-04 05:00:00,05:00,C,22.39,22.39,22.39,22.56,22.39,100.0,26.11
1,2026-09-04 05:01:00,05:01,C,22.39,22.39,22.39,22.61,22.39,100.0,26.11
1,2026-09-04 05:02:00,05:02,C,22.33,22.33,22.33,22.61,22.39,100.0,26.11
1,2026-09-04 05:03:00,05:03,C,22.33,22.33,22.33,22.61,22.39,100.0,26.11
1,2026-09-04 05:04:00,05:04,C,22.28,22.28,22.28,22.56,22.39,100.0,26.11
1,2026-09-04 05:05:00,05:05,C,22.28,22.28,22.28,22.56,22.33,100.0,26.11
1,2026-09-04 05:06:00,05:06,C,22.33,22.39,22.39,22.61,22.33,100.0,26.11
1,2026-09-04 05:07:00,05:07,C,22.39,22.44,22.44,22.61,22.39,100.0,26.11
1,2026-09-04 05:08:00,05:08,C,22.44,22.44,22.44,22.67,22.44,100.0,26.11
1,2026-09-04 05:09:00,05:09,C,22.44,22.44,22.44,22.67,22.44,100.0,26.11
1,2026-09-04 05:10:00,05:10,C,22.44,22.44,22.44,22.61,22.44,100.0,26.11
1,2026-09-04 05:11:00,05:11,C,22.44,22.5,22.5,22.72,22.39,100.0,26.11
1,2026-09-04 05:12:00,05:12,C,22.5,22.5,22.56,22.72,22.44,100.0,26.11
1,2026-09-04 05:13:00,05:13,C,22.5,22.56,22.56,22.72,22.5,100.0,26.11
1,2026-09-04 05:14:00,05:14,C,22.5,22.56,22.56,22.78,22.5,100.0,26.11
1,2026-09-04 05:15:00,05:15,C,22.5,22.56,22.56,22.72,22.5,100.0,26.11
1,2026-09-04 05:16:00,05:16,C,22.44,22.5,22.5,22.72,22.44,100.0,26.11
1,2026-09-04 05:17:00,05:17,C,22.44,22.5,22.5,22.72,22.44,100.0,26.11
1,2026-09-04 05:18:00,05:18,C,22.44,22.44,22.44,22.72,22.44,100.0,26.11
1,2026-09-04 05:19:00,05:19,C,22.44,22.5,22.5,22.72,22.44,100.0,26.11
1,2026-09-04 05:20:00,05:20,C,22.44,22.5,22.5,22.72,22.44,100.0,26.11
1,2026-09-04 05:21:00,05:21,C,22.44,22.5,22.5,22.72,22.44,100.0,26.11
1,2026-09-04 05:22:00,05:22,C,22.44,22.44,22.44,22.72,22.44,100.0,26.11
1,2026-09-04 05:23:00,05:23,C,22.39,22.39,22.39,22.72,22.44,100.0,26.11
1,2026-09-04 05:24:00,05:24,C,22.39,22.39,22.39,22.72,22.44,100.0,26.11
1,2026-09-04 05:25:00,05:25,C,22.39,22.39,22.39,22.72,22.44,100.0,26.11
1,2026-09-04 05:26:00,05:26,C,22.44,22.44,22.44,22.72,22.44,100.0,26.11
1,2026-09-04 05:27:00,05:27,C,22.39,22.39,22.39,22.72,22.44,100.0,26.11
1,2026-09-04 05:28:00,05:28,C,22.39,22.39,22.39,22.72,22.39,100.0,26.11
1,2026-09-04 05:29:00,05:29,C,22.33,22.33,22.33,22.72,22.39,100.0,26.11
1,2026-09-04 05:30:00,05:30,C,22.28,22.33,22.28,22.72,22.39,100.0,26.11
1,2026-09-04 05:31:00,05:31,C,22.28,22.33,22.28,22.72,22.39,100.0,26.11
1,2026-09-04 05:32:00,05:32,C,22.28,22.33,22.28,22.72,22.39,100.0,26.11
1,2026-09-04 05:33:00,05:33,C,22.28,22.33,22.28,22.72,22.39,100.0,26.11
1,2026-09-04 05:34:00,05:34,C,22.28,22.33,22.28,22.72,22.39,100.0,26.11
1,2026-09-04 05:35:00,05:35,C,22.33,22.33,22.33,22.72,22.39,100.0,26.11
1,2026-09-04 05:36:00,05:36,C,22.28,22.28,22.28,22.67,22.33,100.0,26.11
1,2026-09-04 05:37:00,05:37,C,22.28,22.28,22.28,22.61,22.33,100.0,26.11
1,2026-09-04 05:38:00,05:38,C,22.28,22.28,22.28,22.61,22.28,100.0,26.11
1,2026-09-04 05:39:00,05:39,C,22.22,22.22,22.22,22.61,22.28,100.0,26.11
1,2026-09-04 05:40:00,05:40,C,22.22,22.22,22.22,22.61,22.28,100.0,26.11
1,2026-09-04 05:41:00,05:41,C,22.22,22.22,22.22,22.61,22.28,100.0,26.11
1,2026-09-04 05:42:00,05:42,C,22.28,22.28,22.28,22.67,22.33,100.0,26.11
1,2026-09-04 05:43:00,05:43,C,22.28,22.28,22.28,22.61,22.33,100.0,26.11
1,2026-09-04 05:44:00,05:44,C,22.33,22.39,22.39,22.61,22.33,100.0,26.11
1,2026-09-04 05:45:00,05:45,C,22.39,22.39,22.39,22.61,22.39,100.0,26.11
1,2026-09-04 05:46:00,05:46,C,22.33,22.39,22.39,22.61,22.33,100.0,26.11
1,2026-09-04 05:47:00,05:47,C,22.39,22.39,22.39,22.67,22.39,100.0,26.11
1,2026-09-04 05:48:00,05:48,C,22.33,22.33,22.33,22.67,22.39,100.0,26.11
1,2026-09-04 05:49:00,05:49,C,22.39,22.39,22.39,22.61,22.39,100.0,26.11
1,2026-09-04 05:50:00,05:50,C,22.28,22.28,22.28,22.61,22.28,100.0,26.11
1,2026-09-04 05:51:00,05:51,C,22.22,22.22,22.22,22.61,22.28,100.0,26.11
1,2026-09-04 05:52:00,05:52,C,22.22,22.22,22.22,22.61,22.28,100.0,26.11
1,2026-09-04 05:53:00,05:53,C,22.22,22.22,22.22,22.61,22.28,100.0,26.11
1,2026-09-04 05:54:00,05:54,C,22.22,22.22,22.22,22.61,22.28,100.0,26.11
1,2026-09-04 05:55:00,05:55,C,22.22,22.22,22.22,22.61,22.28,100.0,26.11
1,2026-09-04 05:56:00,05:56,C,22.28,22.28,22.28,22.61,22.28,100.0,26.11
1,2026-09-04 05:57:00,05:57,C,22.22,22.22,22.22,22.56,22.28,100.0,26.11
1,2026-09-04 05:58:00,05:58,C,22.22,22.22,22.22,22.56,22.22,100.0,26.11
1,2026-09-04 05:59:00,05:59,C,22.22,22.22,22.22,22.56,22.22,100.0,26.11
1,2026-09-04 06:00:00,06:00,C,22.17,22.17,22.17,22.56,22.22,100.0,26.11
1,2026-09-04 06:01:00,06:01,C,22.17,22.17,22.17,22.56,22.22,100.0,26.11
1,2026-09-04 06:02:00,06:02,C,22.11,22.17,22.11,22.56,22.22,100.0,26.11
1,2026-09-04 06:03:00,06:03,C,22.17,22.17,22.17,22.56,22.22,100.0,26.11
1,2026-09-04 06:04:00,06:04,C,22.11,22.17,22.11,22.61,22.22,100.0,26.11
1,2026-09-04 06:05:00,06:05,C,22.17,22.17,22.17,22.56,22.22,100.0,26.11
1,2026-09-04 06:06:00,06:06,C,22.17,22.22,22.17,22.61,22.22,100.0,26.11
1,2026-09-04 06:07:00,06:07,C,22.17,22.17,22.17,22.56,22.22,100.0,26.11
1,2026-09-04 06:08:00,06:08,C,22.06,22.11,22.06,22.56,22.22,100.0,26.11
1,2026-09-04 06:09:00,06:09,C,22.17,22.17,22.17,22.56,22.22,100.0,26.11
1,2026-09-04 06:10:00,06:10,C,22.11,22.17,22.11,22.56,22.22,100.0,26.11
1,2026-09-04 06:11:00,06:11,C,22.06,22.11,22.06,22.56,22.17,100.0,26.11
1,2026-09-04 06:12:00,06:12,C,22.06,22.11,22.06,22.5,22.17,100.0,22.22
1,2026-09-04 06:13:00,06:13,C,22.06,22.11,22.06,22.44,22.17,100.0,22.22
1,2026-09-04 06:14:00,06:14,C,22.11,22.11,22.11,22.44,22.11,100.0,22.22
1,2026-09-04 06:15:00,06:15,C,22.11,22.17,22.17,22.44,22.11,100.0,22.22
1,2026-09-04 06:16:00,06:16,C,22.17,22.17,22.17,22.44,22.17,100.0,22.22
1,2026-09-04 06:17:00,06:17,C,22.17,22.17,22.17,22.44,22.17,100.0,22.22
1,2026-09-04 06:18:00,06:18,C,22.17,22.17,22.17,22.44,22.17,100.0,22.22
1,2026-09-04 06:19:00,06:19,C,22.17,22.22,22.22,22.44,22.17,100.0,22.22
1,2026-09-04 06:20:00,06:20,C,22.17,22.22,22.22,22.44,22.17,100.0,22.22
1,2026-09-04 06:21:00,06:21,C,22.17,22.22,22.22,22.44,22.17,100.0,22.22
1,2026-09-04 06:22:00,06:22,C,22.17,22.17,22.17,22.44,22.17,100.0,22.22
1,2026-09-04 06:23:00,06:23,C,22.11,22.17,22.17,22.44,22.11,100.0,22.22
1,2026-09-04 06:24:00,06:24,C,22.17,22.17,22.17,22.56,22.17,100.0,26.11
1,2026-09-04 06:25:00,06:25,C,22.17,22.17,22.17,22.56,22.17,100.0,26.11
1,2026-09-04 06:26:00,06:26,C,22.06,22.11,22.06,22.5,22.17,100.0,26.11
1,2026-09-04 06:27:00,06:27,C,22.06,22.06,22.06,22.44,22.11,100.0,22.22
1,2026-09-04 06:28:00,06:28,C,22.06,22.06,22.06,22.44,22.06,100.0,22.22
1,2026-09-04 06:29:00,06:29,C,22.0,22.06,22.0,22.44,22.06,100.0,22.22
1,2026-09-04 06:30:00,06:30,C,22.0,22.0,22.0,22.44,22.0,100.0,22.22
1,2026-09-04 06:31:00,06:31,C,21.94,22.0,21.94,22.44,22.06,100.0,22.22
1,2026-09-04 06:32:00,06:32,C,22.0,22.0,22.0,22.39,22.06,100.0,22.22
1,2026-09-04 06:33:00,06:33,C,22.0,22.0,22.0,22.39,22.06,100.0,22.22
1,2026-09-04 06:34:00,06:34,C,22.06,22.06,22.06,22.39,22.06,100.0,22.22
1,2026-09-04 06:35:00,06:35,C,22.06,22.06,22.06,22.39,22.06,100.0,22.22
1,2026-09-04 06:36:00,06:36,C,22.0,22.06,22.06,22.39,22.0,100.0,22.22
1,2026-09-04 06:37:00,06:37,C,22.0,22.06,22.06,22.39,22.0,100.0,22.22
1,2026-09-04 06:38:00,06:38,C,22.06,22.06,22.06,22.39,22.06,100.0,22.22
1,2026-09-04 06:39:00,06:39,C,22.0,22.0,22.0,22.39,22.06,100.0,22.22
1,2026-09-04 06:40:00,06:40,C,22.0,22.0,22.0,22.39,22.06,100.0,22.22
1,2026-09-04 06:41:00,06:41,C,21.94,22.0,21.94,22.39,22.0,100.0,22.22
1,2026-09-04 06:42:00,06:42,C,21.89,21.94,21.89,22.39,22.06,100.0,22.22
1,2026-09-04 06:43:00,06:43,C,22.0,22.0,22.0,22.39,22.06,100.0,22.22
1,2026-09-04 06:44:00,06:44,C,22.0,22.0,22.0,22.39,22.06,100.0,22.22
1,2026-09-04 06:45:00,06:45,C,22.0,22.0,22.0,22.39,22.06,100.0,22.22
1,2026-09-04 06:46:00,06:46,C,21.94,22.0,21.94,22.44,22.06,100.0,22.22
1,2026-09-04 06:47:00,06:47,C,21.89,21.94,21.89,22.44,22.06,100.0,22.22
1,2026-09-04 06:48:00,06:48,C,21.89,21.94,21.89,22.39,22.06,100.0,22.22
1,2026-09-04 06:49:00,06:49,C,21.89,21.94,21.89,22.39,22.0,100.0,22.22
1,2026-09-04 06:50:00,06:50,C,22.0,22.0,22.0,22.39,22.0,100.0,22.22
1,2026-09-04 06:51:00,06:51,C,22.0,22.0,22.0,22.39,22.0,100.0,22.22
1,2026-09-04 06:52:00,06:52,C,22.0,22.0,22.0,22.39,22.0,100.0,22.22
1,2026-09-04 06:53:00,06:53,C,22.0,22.0,22.0,22.39,22.0,100.0,22.22
1,2026-09-04 06:54:00,06:54,C,22.0,22.06,22.06,22.39,22.0,100.0,22.22
1,2026-09-04 06:55:00,06:55,C,22.0,22.0,22.0,22.33,22.0,100.0,22.22
1,2026-09-04 06:56:00,06:56,C,22.0,22.0,22.0,22.39,22.0,100.0,22.22
1,2026-09-04 06:57:00,06:57,C,22.0,22.0,22.0,22.39,22.0,100.0,22.22
1,2026-09-04 06:58:00,06:58,C,21.89,21.89,21.89,22.28,21.94,100.0,22.22
1,2026-09-04 06:59:00,06:59,C,21.89,21.89,21.89,22.28,21.89,100.0,22.22
1,2026-09-04 07:00:00,07:00,C,21.89,21.89,21.89,22.22,21.89,100.0,22.22
1,2026-09-04 07:01:00,07:01,C,21.83,21.89,21.89,22.22,21.83,100.0,22.22
1,2026-09-04 07:02:00,07:02,C,21.83,21.89,21.89,22.22,21.83,100.0,22.22
1,2026-09-04 07:03:00,07:03,C,21.83,21.83,21.83,22.22,21.83,100.0,22.22
1,2026-09-04 07:04:00,07:04,C,21.83,21.83,21.83,22.22,21.83,100.0,22.22
1,2026-09-04 07:05:00,07:05,C,21.83,21.83,21.83,22.17,21.83,100.0,22.22
1,2026-09-04 07:06:00,07:06,C,21.78,21.78,21.78,22.17,21.83,100.0,22.22
1,2026-09-04 07:07:00,07:07,C,21.78,21.78,21.78,22.17,21.83,100.0,22.22
1,2026-09-04 07:08:00,07:08,C,21.78,21.78,21.78,22.17,21.83,100.0,22.22
1,2026-09-04 07:09:00,07:09,C,21.72,21.78,21.72,22.17,21.83,100.0,22.22
1,2026-09-04 07:10:00,07:10,C,21.78,21.78,21.78,22.17,21.83,100.0,22.22
1,2026-09-04 07:11:00,07:11,C,21.83,21.83,21.83,22.17,21.83,100.0,22.22
1,2026-09-04 07:12:00,07:12,C,21.83,21.83,21.83,22.11,21.83,100.0,22.22
1,2026-09-04 07:13:00,07:13,C,21.83,21.83,21.83,22.11,21.83,100.0,22.22
1,2026-09-04 07:14:00,07:14,C,21.83,21.83,21.83,22.11,21.83,100.0,22.22
1,2026-09-04 07:15:00,07:15,C,21.83,21.83,21.83,22.11,21.83,100.0,22.22
1,2026-09-04 07:16:00,07:16,C,21.83,21.83,21.83,22.11,21.83,100.0,22.22
1,2026-09-04 07:17:00,07:17,C,21.83,21.83,21.83,22.11,21.83,100.0,22.22
1,2026-09-04 07:18:00,07:18,C,21.83,21.83,21.83,22.06,21.83,100.0,22.22
1,2026-09-04 07:19:00,07:19,C,21.83,21.83,21.83,22.11,21.83,100.0,22.22
1,2026-09-04 07:20:00,07:20,C,21.83,21.83,21.83,22.11,21.83,100.0,22.22
1,2026-09-04 07:21:00,07:21,C,21.78,21.78,21.78,22.06,21.83,100.0,22.22
1,2026-09-04 07:22:00,07:22,C,21.72,21.72,21.72,22.06,21.78,100.0,22.22
1,2026-09-04 07:23:00,07:23,C,21.72,21.72,21.72,22.06,21.72,100.0,22.22
1,2026-09-04 07:24:00,07:24,C,21.72,21.72,21.72,22.06,21.78,100.0,22.22
1,2026-09-04 07:25:00,07:25,C,21.72,21.72,21.72,22.06,21.78,100.0,22.22
1,2026-09-04 07:26:00,07:26,C,21.72,21.78,21.72,22.06,21.83,100.0,22.22
1,2026-09-04 07:27:00,07:27,C,21.72,21.78,21.72,22.11,21.83,100.0,22.22
1,2026-09-04 07:28:00,07:28,C,21.78,21.83,21.78,22.11,21.89,100.0,22.22
1,2026-09-04 07:29:00,07:29,C,21.72,21.78,21.72,22.06,21.89,100.0,22.22
1,2026-09-04 07:30:00,07:30,C,21.72,21.78,21.72,22.06,21.89,100.0,22.22
1,2026-09-04 07:31:00,07:31,C,21.78,21.78,21.78,22.06,21.83,100.0,22.22
1,2026-09-04 07:32:00,07:32,C,21.78,21.78,21.78,22.0,21.89,100.0,22.22
1,2026-09-04 07:33:00,07:33,C,21.83,21.83,21.83,22.06,21.89,100.0,22.22
1,2026-09-04 07:34:00,07:34,C,21.83,21.83,21.83,22.06,21.89,100.0,22.22
1,2026-09-04 07:35:00,07:35,C,21.89,21.89,21.89,22.06,21.94,100.0,22.22
1,2026-09-04 07:36:00,07:36,C,21.89,21.89,21.89,22.06,22.0,100.0,22.22
1,2026-09-04 07:37:00,07:37,C,21.89,21.89,21.89,22.11,22.0,100.0,22.22
1,2026-09-04 07:38:00,07:38,C,21.89,21.89,21.89,22.11,22.0,100.0,22.22
1,2026-09-04 07:39:00,07:39,C,21.89,21.89,21.89,22.06,22.0,100.0,22.22
1,2026-09-04 07:40:00,07:40,C,21.83,21.89,21.83,22.11,22.0,100.0,22.22
1,2026-09-04 07:41:00,07:41,C,21.89,21.89,21.89,22.11,22.0,100.0,22.22
1,2026-09-04 07:42:00,07:42,C,21.89,21.94,21.89,22.11,22.06,100.0,22.22
1,2026-09-04 07:43:00,07:43,C,21.89,21.94,21.89,22.11,22.06,100.0,22.22
1,2026-09-04 07:44:00,07:44,C,21.89,21.94,21.89,22.17,22.06,100.0,22.22
1,2026-09-04 07:45:00,07:45,C,21.89,21.89,21.83,22.17,22.06,100.0,22.22
1,2026-09-04 07:46:00,07:46,C,21.89,21.89,21.83,22.17,22.06,100.0,22.22
1,2026-09-04 07:47:00,07:47,C,21.89,21.94,21.89,22.22,22.06,100.0,22.22
1,2026-09-04 07:48:00,07:48,C,21.94,21.94,21.89,22.22,22.11,100.0,22.22
1,2026-09-04 07:49:00,07:49,C,21.94,21.94,21.89,22.22,22.11,100.0,22.22
1,2026-09-04 07:50:00,07:50,C,21.94,21.94,21.89,22.17,22.11,100.0,22.22
1,2026-09-04 07:51:00,07:51,C,21.94,22.0,21.94,22.17,22.11,100.0,22.22
1,2026-09-04 07:52:00,07:52,C,22.0,22.0,21.94,22.17,22.17,100.0,22.22
1,2026-09-04 07:53:00,07:53,C,22.0,22.06,22.0,22.22,22.17,100.0,22.22
1,2026-09-04 07:54:00,07:54,C,22.06,22.06,22.06,22.22,22.22,100.0,22.22
1,2026-09-04 07:55:00,07:55,C,22.06,22.11,22.06,22.28,22.22,100.0,22.22
1,2026-09-04 07:56:00,07:56,C,22.06,22.11,22.06,22.28,22.22,100.0,22.22
1,2026-09-04 07:57:00,07:57,C,22.06,22.11,22.06,22.33,22.22,100.0,22.22
1,2026-09-04 07:58:00,07:58,C,22.06,22.06,22.0,22.33,22.22,100.0,22.22
1,2026-09-04 07:59:00,07:59,C,22.06,22.06,22.0,22.33,22.28,100.0,22.22
1,2026-09-04 08:00:00,08:00,C,22.06,22.06,22.0,22.33,22.28,100.0,22.22
1,2026-09-04 08:01:00,08:01,C,22.11,22.11,22.06,22.33,22.28,100.0,22.22
1,2026-09-04 08:02:00,08:02,C,22.11,22.11,22.06,22.33,22.28,100.0,22.22
1,2026-09-04 08:03:00,08:03,C,22.11,22.11,22.06,22.33,22.28,100.0,22.22
1,2026-09-04 08:04:00,08:04,C,22.11,22.11,22.06,22.33,22.28,100.0,22.22
1,2026-09-04 08:05:00,08:05,C,22.11,22.11,22.06,22.39,22.28,100.0,22.22
1,2026-09-04 08:06:00,08:06,C,22.11,22.11,22.06,22.33,22.28,100.0,22.22
1,2026-09-04 08:07:00,08:07,C,22.11,22.11,22.06,22.33,22.39,100.0,22.22
1,2026-09-04 08:08:00,08:08,C,22.11,22.11,22.06,22.33,22.39,100.0,22.22
1,2026-09-04 08:09:00,08:09,C,22.22,22.17,22.11,22.33,22.5,100.0,22.22
1,2026-09-04 08:10:00,08:10,C,22.22,22.22,22.17,22.39,22.5,100.0,22.22
1,2026-09-04 08:11:00,08:11,C,22.28,22.28,22.22,22.39,22.56,100.0,22.22
1,2026-09-04 08:12:00,08:12,C,22.33,22.28,22.22,22.44,22.61,100.0,22.22
1,2026-09-04 08:13:00,08:13,C,22.33,22.33,22.22,22.44,22.67,100.0,22.22
1,2026-09-04 08:14:00,08:14,C,22.39,22.39,22.33,22.56,22.67,100.0,26.11
1,2026-09-04 08:15:00,08:15,C,22.5,22.44,22.39,22.56,22.78,100.0,26.11
1,2026-09-04 08:16:00,08:16,C,22.5,22.5,22.39,22.61,22.83,100.0,26.11
1,2026-09-04 08:17:00,08:17,C,22.5,22.5,22.39,22.61,22.89,100.0,26.11
1,2026-09-04 08:18:00,08:18,C,22.5,22.5,22.39,22.72,22.83,100.0,26.11
1,2026-09-04 08:19:00,08:19,C,22.5,22.5,22.39,22.72,22.78,100.0,26.11
1,2026-09-04 08:20:00,08:20,C,22.5,22.5,22.39,22.72,22.78,100.0,26.11
1,2026-09-04 08:21:00,08:21,C,22.5,22.5,22.39,22.72,22.83,100.0,26.11
1,2026-09-04 08:22:00,08:22,C,22.5,22.5,22.39,22.78,22.89,100.0,26.11
1,2026-09-04 08:23:00,08:23,C,22.5,22.5,22.39,22.78,22.89,100.0,26.11
1,2026-09-04 08:24:00,08:24,C,22.5,22.5,22.39,22.89,22.89,100.0,26.11
1,2026-09-04 08:25:00,08:25,C,22.56,22.56,22.44,22.94,22.89,100.0,26.11
1,2026-09-04 08:26:00,08:26,C,22.56,22.56,22.44,22.94,22.89,100.0,26.11
1,2026-09-04 08:27:00,08:27,C,22.56,22.56,22.44,23.0,22.89,100.0,26.11
1,2026-09-04 08:28:00,08:28,C,22.61,22.61,22.5,23.0,22.89,100.0,26.11
1,2026-09-04 08:29:00,08:29,C,22.61,22.61,22.5,23.06,22.89,100.0,26.11
1,2026-09-04 08:30:00,08:30,C,22.67,22.67,22.56,23.06,22.94,100.0,26.11
1,2026-09-04 08:31:00,08:31,C,22.67,22.67,22.56,23.06,22.94,100.0,26.67
1,2026-09-04 08:32:00,08:32,C,22.67,22.72,22.61,23.11,22.94,100.0,26.67
1,2026-09-04 08:33:00,08:33,C,22.72,22.72,22.61,23.22,23.0,100.0,26.67
1,2026-09-04 08:34:00,08:34,C,22.72,22.72,22.61,23.22,23.06,100.0,26.67
1,2026-09-04 08:35:00,08:35,C,22.72,22.72,22.61,23.22,23.06,100.0,26.67
1,2026-09-04 08:36:00,08:36,C,22.72,22.72,22.61,23.28,23.06,100.0,26.67
1,2026-09-04 08:37:00,08:37,C,22.78,22.78,22.67,23.28,23.11,100.0,26.67
1,2026-09-04 08:38:00,08:38,C,22.78,22.78,22.67,23.33,23.11,100.0,26.67
1,2026-09-04 08:39:00,08:39,C,22.83,22.83,22.72,23.39,23.11,100.0,26.67
1,2026-09-04 08:40:00,08:40,C,22.83,22.83,22.72,23.39,23.11,100.0,26.67
1,2026-09-04 08:41:00,08:41,C,22.89,22.89,22.78,23.44,23.22,100.0,26.67
1,2026-09-04 08:42:00,08:42,C,22.89,22.94,22.78,23.5,23.28,100.0,26.67
1,2026-09-04 08:43:00,08:43,C,22.94,23.0,22.83,23.5,23.33,100.0,26.67
1,2026-09-04 08:44:00,08:44,C,23.0,23.06,22.89,23.56,23.39,100.0,26.67
1,2026-09-04 08:45:00,08:45,C,23.06,23.06,22.89,23.56,23.44,100.0,26.67
1,2026-09-04 08:46:00,08:46,C,23.06,23.06,22.89,23.61,23.5,100.0,27.78
1,2026-09-04 08:47:00,08:47,C,23.06,23.06,22.89,23.67,23.44,100.0,27.78
1,2026-09-04 08:48:00,08:48,C,23.11,23.11,23.0,23.72,23.44,100.0,27.78
1,2026-09-04 08:49:00,08:49,C,23.17,23.22,23.06,23.72,23.56,100.0,27.78
1,2026-09-04 08:50:00,08:50,C,23.22,23.22,23.06,23.78,23.61,100.0,27.78
1,2026-09-04 08:51:00,08:51,C,23.22,23.22,23.06,23.83,23.61,100.0,27.78
1,2026-09-04 08:52:00,08:52,C,23.22,23.22,23.06,23.89,23.61,100.0,27.78
1,2026-09-04 08:53:00,08:53,C,23.28,23.28,23.11,23.94,23.67,100.0,27.78
1,2026-09-04 08:54:00,08:54,C,23.22,23.28,23.11,24.0,23.61,100.0,27.78
1,2026-09-04 08:55:00,08:55,C,23.33,23.39,23.22,24.0,23.72,100.0,27.78
1,2026-09-04 08:56:00,08:56,C,23.39,23.39,23.22,24.11,23.78,100.0,27.78
1,2026-09-04 08:57:00,08:57,C,23.44,23.44,23.28,24.11,23.89,100.0,27.78
1,2026-09-04 08:58:00,08:58,C,23.44,23.5,23.28,24.17,23.94,100.0,28.89
1,2026-09-04 08:59:00,08:59,C,23.44,23.5,23.28,24.22,23.94,100.0,28.89
1,2026-09-04 09:00:00,09:00,C,23.44,23.5,23.28,24.28,23.94,99.0,28.33
1,2026-09-04 09:01:00,09:01,C,23.56,23.56,23.39,24.33,24.0,99.0,28.33
1,2026-09-04 09:02:00,09:02,C,23.56,23.61,23.39,24.44,24.0,99.0,28.33
1,2026-09-04 09:03:00,09:03,C,23.61,23.61,23.44,24.5,24.0,99.0,28.33
1,2026-09-04 09:04:00,09:04,C,23.61,23.67,23.44,24.56,24.11,99.0,28.33
1,2026-09-04 09:05:00,09:05,C,23.72,23.78,23.56,24.61,24.22,99.0,28.33
1,2026-09-04 09:06:00,09:06,C,23.72,23.78,23.56,24.67,24.22,99.0,28.33
1,2026-09-04 09:07:00,09:07,C,23.78,23.83,23.61,24.72,24.28,99.0,28.33
1,2026-09-04 09:08:00,09:08,C,23.78,23.83,23.61,24.78,24.33,99.0,29.44
1,2026-09-04 09:09:00,09:09,C,23.89,23.94,23.72,24.94,24.44,99.0,29.44
1,2026-09-04 09:10:00,09:10,C,23.89,23.94,23.67,25.22,24.44,99.0,29.44
1,2026-09-04 09:11:00,09:11,C,23.89,24.0,23.67,25.33,24.5,99.0,29.44
1,2026-09-04 09:12:00,09:12,C,24.0,24.06,23.72,25.44,24.67,99.0,29.44
1,2026-09-04 09:13:00,09:13,C,24.06,24.11,23.78,25.5,24.83,98.0,29.44
1,2026-09-04 09:14:00,09:14,C,24.17,24.22,23.83,25.5,25.0,98.0,29.44
1,2026-09-04 09:15:00,09:15,C,24.22,24.28,23.89,25.61,25.17,97.0,29.44
1,2026-09-04 09:16:00,09:16,C,24.28,24.33,23.89,25.61,25.33,97.0,29.44
1,2026-09-04 09:17:00,09:17,C,24.39,24.39,23.89,25.67,25.56,96.0,28.89
1,2026-09-04 09:18:00,09:18,C,24.39,24.39,23.89,25.72,25.67,96.0,28.89
1,2026-09-04 09:19:00,09:19,C,24.5,24.5,23.94,25.72,25.89,97.0,29.44
1,2026-09-04 09:20:00,09:20,C,24.56,24.56,23.94,25.72,26.11,98.0,29.44
1,2026-09-04 09:21:00,09:21,C,24.67,24.61,24.0,25.72,26.33,98.0,29.44
1,2026-09-04 09:22:00,09:22,C,24.83,24.72,24.11,25.78,26.56,98.0,29.44
1,2026-09-04 09:23:00,09:23,C,24.89,24.78,24.11,25.78,26.78,98.0,29.44
1,2026-09-04 09:24:00,09:24,C,24.89,24.78,24.11,25.83,26.83,95.0,30.0
1,2026-09-04 09:25:00,09:25,C,24.94,24.83,24.11,25.89,27.06,95.0,30.0
1,2026-09-04 09:26:00,09:26,C,25.17,25.0,24.22,25.89,27.39,94.0,30.0
1,2026-09-04 09:27:00,09:27,C,25.28,25.11,24.28,25.89,27.67,95.0,30.0
1,2026-09-04 09:28:00,09:28,C,25.22,25.06,24.22,26.0,27.72,94.0,30.0
1,2026-09-04 09:29:00,09:29,C,25.28,25.11,24.22,26.06,27.78,92.0,30.0
1,2026-09-04 09:30:00,09:30,C,25.17,25.0,24.11,26.17,27.72,92.0,30.0
1,2026-09-04 09:31:00,09:31,C,25.11,25.0,24.06,26.28,27.72,90.0,29.44
1,2026-09-04 09:32:00,09:32,C,25.11,25.0,24.06,26.33,27.72,89.0,29.44
1,2026-09-04 09:33:00,09:33,C,25.17,25.06,24.11,26.39,27.78,88.0,30.56
1,2026-09-04 09:34:00,09:34,C,25.22,25.06,24.11,26.44,27.89,89.0,30.56
1,2026-09-04 09:35:00,09:35,C,25.39,25.22,24.22,26.5,28.11,87.0,30.56
1,2026-09-04 09:36:00,09:36,C,25.44,25.28,24.28,26.56,28.28,88.0,30.56
1,2026-09-04 09:37:00,09:37,C,25.5,25.33,24.28,26.61,28.5,87.0,30.56
1,2026-09-04 09:38:00,09:38,C,25.56,25.39,24.33,26.56,28.56,86.0,30.56
1,2026-09-04 09:39:00,09:39,C,25.56,25.33,24.33,26.56,28.44,86.0,30.56
1,2026-09-04 09:40:00,09:40,C,25.39,25.28,24.22,26.67,28.28,84.0,30.0
1,2026-09-04 09:41:00,09:41,C,25.44,25.28,24.28,26.67,28.28,86.0,30.56
1,2026-09-04 09:42:00,09:42,C,25.56,25.39,24.44,26.67,28.28,87.0,30.56
1,2026-09-04 09:43:00,09:43,C,25.44,25.28,24.28,26.67,28.33,84.0,30.0
1,2026-09-04 09:44:00,09:44,C,25.56,25.39,24.33,26.72,28.56,83.0,30.0
1,2026-09-04 09:45:00,09:45,C,25.56,25.39,24.28,26.83,28.67,82.0,30.0
1,2026-09-04 09:46:00,09:46,C,25.61,25.44,24.28,26.89,28.83,81.0,30.0
1,2026-09-04 09:47:00,09:47,C,25.61,25.44,24.22,27.0,29.0,81.0,31.11
1,2026-09-04 09:48:00,09:48,C,25.89,25.67,24.39,27.11,29.44,81.0,31.11
1,2026-09-04 09:49:00,09:49,C,26.56,26.22,24.89,27.22,30.56,81.0,31.11
1,2026-09-04 09:50:00,09:50,C,27.61,27.06,25.44,27.44,32.67,79.0,30.56
1,2026-09-04 09:51:00,09:51,C,28.17,27.5,25.5,27.61,34.56,76.0,31.11
1,2026-09-04 09:52:00,09:52,C,28.39,27.61,25.44,27.67,35.33,74.0,31.11
1,2026-09-04 09:53:00,09:53,C,28.33,27.56,25.33,27.72,35.44,72.0,30.56
1,2026-09-04 09:54:00,09:54,C,28.06,27.33,25.0,27.72,35.33,71.0,30.56
1,2026-09-04 09:55:00,09:55,C,27.78,27.06,24.78,27.72,34.94,70.0,30.56
1,2026-09-04 09:56:00,09:56,C,27.5,26.89,24.67,27.78,34.28,69.0,30.56
1,2026-09-04 09:57:00,09:57,C,27.28,26.72,24.61,27.89,33.61,69.0,30.56
1,2026-09-04 09:58:00,09:58,C,27.17,26.67,24.67,27.89,33.11,70.0,30.56
1,2026-09-04 09:59:00,09:59,C,27.06,26.56,24.72,27.78,32.56,71.0,30.56
1,2026-09-04 10:00:00,10:00,C,26.94,26.5,24.78,27.78,32.0,70.0,30.56
1,2026-09-04 10:01:00,10:01,C,26.89,26.5,24.83,27.78,31.72,69.0,30.56
1,2026-09-04 10:02:00,10:02,C,26.83,26.44,24.83,27.78,31.5,71.0,30.56
1,2026-09-04 10:03:00,10:03,C,26.83,26.44,24.83,27.83,31.5,70.0,30.56
1,2026-09-04 10:04:00,10:04,C,26.83,26.44,24.83,27.89,31.5,69.0,30.56
1,2026-09-04 10:05:00,10:05,C,26.83,26.44,24.83,27.89,31.56,70.0,30.56
1,2026-09-04 10:06:00,10:06,C,27.17,26.78,25.17,28.0,32.0,70.0,30.56
1,2026-09-04 10:07:00,10:07,C,27.78,27.28,25.44,28.11,33.39,68.0,31.11
1,2026-09-04 10:08:00,10:08,C,28.06,27.39,25.28,28.22,34.56,66.0,31.11
1,2026-09-04 10:09:00,10:09,C,28.06,27.39,25.17,28.28,34.89,65.0,31.11
1,2026-09-04 10:10:00,10:10,C,28.17,27.5,25.28,28.39,34.94,65.0,31.11
1,2026-09-04 10:11:00,10:11,C,28.39,27.72,25.5,28.44,35.17,64.0,30.56
1,2026-09-04 10:12:00,10:12,C,28.44,27.78,25.5,28.5,35.39,63.0,30.56
1,2026-09-04 10:13:00,10:13,C,28.61,27.89,25.5,28.61,35.94,63.0,30.56
1,2026-09-04 10:14:00,10:14,C,28.89,28.11,25.61,28.61,36.61,63.0,31.67
1,2026-09-04 10:15:00,10:15,C,28.89,28.06,25.5,28.72,36.89,63.0,31.67
1,2026-09-04 10:16:00,10:16,C,28.89,28.11,25.61,28.78,36.67,62.0,31.67
1,2026-09-04 10:17:00,10:17,C,28.89,28.11,25.72,28.78,36.28,62.0,31.67
1,2026-09-04 10:18:00,10:18,C,28.44,27.78,25.44,28.61,35.61,61.0,31.11
1,2026-09-04 10:19:00,10:19,C,28.5,27.83,25.61,28.72,35.28,61.0,31.11
1,2026-09-04 10:20:00,10:20,C,28.28,27.67,25.44,28.78,35.0,61.0,31.11
1,2026-09-04 10:21:00,10:21,C,28.28,27.67,25.44,28.78,34.89,61.0,31.11
1,2026-09-04 10:22:00,10:22,C,28.22,27.61,25.33,28.78,35.0,61.0,31.11
1,2026-09-04 10:23:00,10:23,C,28.33,27.72,25.44,28.78,35.22,61.0,31.11
1,2026-09-04 10:24:00,10:24,C,28.5,27.83,25.56,28.89,35.39,62.0,31.67
1,2026-09-04 10:25:00,10:25,C,28.89,28.17,25.89,29.06,35.94,61.0,31.11
1,2026-09-04 10:26:00,10:26,C,29.17,28.39,25.94,29.06,36.83,60.0,31.11
1,2026-09-04 10:27:00,10:27,C,29.72,28.83,26.17,29.22,38.17,59.0,32.22
1,2026-09-04 10:28:00,10:28,C,30.28,29.22,26.28,29.33,39.67,56.0,31.67
1,2026-09-04 10:29:00,10:29,C,30.61,29.5,26.22,29.44,41.0,55.0,31.11
1,2026-09-04 10:30:00,10:30,C,31.06,29.89,26.56,29.72,41.72,54.0,32.22
1,2026-09-04 10:31:00,10:31,C,31.39,30.11,26.67,29.83,42.44,53.0,32.22
1,2026-09-04 10:32:00,10:32,C,31.78,30.44,26.89,30.06,43.22,52.0,31.67
1,2026-09-04 10:33:00,10:33,C,32.22,30.83,27.22,30.11,44.06,51.0,31.67
1,2026-09-04 10:34:00,10:34,C,32.39,30.94,27.28,30.33,44.33,50.0,32.22
1,2026-09-04 10:35:00,10:35,C,32.5,31.06,27.22,30.5,44.94,49.0,32.22
1,2026-09-04 10:36:00,10:36,C,32.61,31.11,27.11,30.67,45.56,47.0,31.67
1,2026-09-04 10:37:00,10:37,C,33.33,31.78,27.72,31.06,46.5,45.0,32.22
1,2026-09-04 10:38:00,10:38,C,33.56,31.89,27.5,31.06,47.72,43.0,32.22
1,2026-09-04 10:39:00,10:39,C,33.28,31.61,27.06,31.06,47.94,42.0,32.22
1,2026-09-04 10:40:00,10:40,C,33.83,32.11,27.72,31.28,48.11,44.0,32.22
1,2026-09-04 10:41:00,10:41,C,33.67,32.0,27.44,31.22,48.33,40.0,31.67
1,2026-09-04 10:42:00,10:42,C,34.0,32.28,27.67,31.56,48.89,39.0,32.22
1,2026-09-04 10:43:00,10:43,C,34.28,32.5,27.83,31.72,49.44,36.0,31.67
1,2026-09-04 10:44:00,10:44,C,33.78,32.11,27.44,31.89,48.72,36.0,31.67
1,2026-09-04 10:45:00,10:45,C,32.56,31.0,26.5,31.33,46.78,37.0,31.11
1,2026-09-04 10:46:00,10:46,C,31.61,30.39,26.5,31.28,43.56,38.0,31.11
1,2026-09-04 10:47:00,10:47,C,31.39,30.33,27.06,31.33,41.5,39.0,31.67
1,2026-09-04 10:48:00,10:48,C,31.0,30.06,27.0,31.11,40.39,41.0,31.67
1,2026-09-04 10:49:00,10:49,C,31.06,30.17,27.28,31.06,39.89,42.0,32.22
1,2026-09-04 10:50:00,10:50,C,31.61,30.61,27.56,31.28,41.17,42.0,32.22
1,2026-09-04 10:51:00,10:51,C,32.22,31.06,27.72,31.28,42.78,42.0,32.22
1,2026-09-04 10:52:00,10:52,C,32.5,31.22,27.56,31.11,44.11,40.0,31.67
1,2026-09-04 10:53:00,10:53,C,32.5,31.06,27.06,31.0,45.33,40.0,31.67
1,2026-09-04 10:54:00,10:54,C,32.72,31.28,27.28,31.22,45.56,40.0,31.67
1,2026-09-04 10:55:00,10:55,C,33.0,31.56,27.5,31.33,45.94,38.0,31.11
1,2026-09-04 10:56:00,10:56,C,33.33,31.89,27.78,31.67,46.44,39.0,32.22
1,2026-09-04 10:57:00,10:57,C,33.61,32.0,27.61,31.78,47.67,36.0,31.67
1,2026-09-04 10:58:00,10:58,C,33.72,32.06,27.5,31.89,48.28,36.0,31.67
1,2026-09-04 10:59:00,10:59,C,32.78,31.22,26.78,31.61,46.83,36.0,31.67
1,2026-09-04 11:00:00,11:00,C,31.72,30.56,26.78,31.5,43.39,37.0,31.67
1,2026-09-04 11:01:00,11:01,C,32.28,31.06,27.5,31.56,43.44,38.0,32.22
1,2026-09-04 11:02:00,11:02,C,33.0,31.67,27.78,31.89,45.22,37.0,31.67
1,2026-09-04 11:03:00,11:03,C,33.33,31.83,27.67,31.61,46.56,37.0,31.67
1,2026-09-04 11:04:00,11:04,C,33.61,32.06,27.78,31.78,47.33,35.0,31.67
1,2026-09-04 11:05:00,11:05,C,33.61,32.0,27.5,31.89,48.0,35.0,31.67
1,2026-09-04 11:06:00,11:06,C,33.56,32.06,27.72,32.17,47.17,35.0,32.22
1,2026-09-04 11:07:00,11:07,C,33.39,31.83,27.44,31.94,47.33,36.0,32.78
1,2026-09-04 11:08:00,11:08,C,32.44,31.11,27.17,31.61,44.89,36.0,31.67
1,2026-09-04 11:09:00,11:09,C,32.28,31.11,27.44,31.61,43.72,37.0,31.67
1,2026-09-04 11:10:00,11:10,C,32.89,31.61,27.78,31.83,44.94,38.0,32.22
1,2026-09-04 11:11:00,11:11,C,33.83,32.33,28.28,31.89,46.94,39.0,32.22
1,2026-09-04 11:12:00,11:12,C,34.56,32.89,28.61,32.22,48.44,40.0,33.33
1,2026-09-04 11:13:00,11:13,C,34.67,32.94,28.39,32.06,49.44,36.0,32.78
1,2026-09-04 11:14:00,11:14,C,34.0,32.33,27.72,32.0,48.67,37.0,32.78
1,2026-09-04 11:15:00,11:15,C,33.67,32.0,27.5,31.5,48.17,39.0,32.22
1,2026-09-04 11:16:00,11:16,C,33.0,31.5,27.28,31.33,46.5,41.0,31.67
1,2026-09-04 11:17:00,11:17,C,33.11,31.61,27.5,31.61,46.22,38.0,32.22
1,2026-09-04 11:18:00,11:18,C,33.61,32.11,27.89,31.94,47.0,37.0,31.67
1,2026-09-04 11:19:00,11:19,C,33.94,32.39,28.0,32.22,47.89,36.0,32.78
1,2026-09-04 11:20:00,11:20,C,34.11,32.44,27.94,32.22,48.5,35.0,32.22
1,2026-09-04 11:21:00,11:21,C,34.11,32.44,27.94,32.22,48.5,34.0,32.22
1,2026-09-04 11:22:00,11:22,C,33.94,32.33,27.78,32.11,48.39,34.0,32.22
1,2026-09-04 11:23:00,11:23,C,33.72,32.11,27.5,32.0,48.39,32.0,31.67
1,2026-09-04 11:24:00,11:24,C,33.72,32.17,27.56,32.28,48.28,35.0,32.22
1,2026-09-04 11:25:00,11:25,C,34.22,32.61,28.06,32.56,48.67,32.0,32.78
1,2026-09-04 11:26:00,11:26,C,34.44,32.78,28.17,32.56,49.17,33.0,32.78
1,2026-09-04 11:27:00,11:27,C,34.56,32.89,28.17,32.83,49.5,35.0,33.33
1,2026-09-04 11:28:00,11:28,C,34.89,33.22,28.39,33.11,50.22,32.0,33.33
1,2026-09-04 11:29:00,11:29,C,34.78,33.0,27.94,33.0,50.72,30.0,32.22
1,2026-09-04 11:30:00,11:30,C,34.33,32.56,27.44,32.78,50.56,30.0,32.22
1,2026-09-04 11:31:00,11:31,C,34.56,32.83,27.89,32.89,50.22,31.0,32.22
1,2026-09-04 11:32:00,11:32,C,34.56,32.83,27.89,32.83,50.28,31.0,32.22
1,2026-09-04 11:33:00,11:33,C,34.61,32.89,28.0,32.94,50.06,32.0,32.78
1,2026-09-04 11:34:00,11:34,C,34.67,33.0,28.17,33.11,50.0,32.0,33.33
1,2026-09-04 11:35:00,11:35,C,34.22,32.5,27.67,32.44,49.61,31.0,31.67
1,2026-09-04 11:36:00,11:36,C,32.78,31.22,26.67,31.72,47.11,31.0,31.11
1,2026-09-04 11:37:00,11:37,C,32.0,30.78,26.78,32.0,44.22,31.0,31.67
1,2026-09-04 11:38:00,11:38,C,31.72,30.61,26.89,31.83,43.17,33.0,31.11
1,2026-09-04 11:39:00,11:39,C,31.56,30.56,27.11,31.78,42.06,34.0,31.67
1,2026-09-04 11:40:00,11:40,C,32.39,31.33,27.89,32.22,43.0,34.0,32.22
1,2026-09-04 11:41:00,11:41,C,32.5,31.28,27.39,32.22,44.44,35.0,32.22
1,2026-09-04 11:42:00,11:42,C,32.5,31.28,27.39,32.17,44.56,35.0,32.22
1,2026-09-04 11:43:00,11:43,C,33.06,31.83,27.94,32.5,45.11,35.0,32.22
1,2026-09-04 11:44:00,11:44,C,33.94,32.44,28.17,32.78,47.5,35.0,33.33
1,2026-09-04 11:45:00,11:45,C,33.83,32.33,27.89,32.44,47.83,34.0,32.22
1,2026-09-04 11:46:00,11:46,C,33.39,31.94,27.72,32.56,46.67,35.0,33.33
1,2026-09-04 11:47:00,11:47,C,33.33,32.0,27.94,32.67,45.94,36.0,33.33
1,2026-09-04 11:48:00,11:48,C,33.94,32.5,28.28,32.83,47.22,34.0,32.78
1,2026-09-04 11:49:00,11:49,C,33.61,32.06,27.61,32.22,47.61,34.0,32.22
1,2026-09-04 11:50:00,11:50,C,33.61,32.17,27.78,32.44,47.39,35.0,32.22
1,2026-09-04 11:51:00,11:51,C,34.11,32.56,28.0,32.72,48.44,33.0,32.78
1,2026-09-04 11:52:00,11:52,C,34.22,32.61,27.94,32.67,48.94,33.0,32.78
1,2026-09-04 11:53:00,11:53,C,34.61,33.0,28.39,32.94,49.28,34.0,32.78
1,2026-09-04 11:54:00,11:54,C,34.89,33.28,28.67,33.22,49.5,38.0,34.44
1,2026-09-04 11:55:00,11:55,C,34.83,33.17,28.5,33.11,49.78,33.0,33.33
1,2026-09-04 11:56:00,11:56,C,34.61,33.0,28.33,33.28,49.33,34.0,33.89
1,2026-09-04 11:57:00,11:57,C,35.39,33.72,28.94,33.72,50.56,33.0,34.44
1,2026-09-04 11:58:00,11:58,C,36.06,34.28,29.39,33.94,51.61,32.0,33.89
1,2026-09-04 11:59:00,11:59,C,36.61,34.78,29.78,34.39,52.56,33.0,35.0
1,2026-09-04 12:00:00,12:00,C,36.83,34.89,29.67,34.33,53.56,33.0,35.0
1,2026-09-04 12:01:00,12:01,C,36.39,34.44,28.94,34.28,53.78,31.0,35.0
1,2026-09-04 12:02:00,12:02,C,36.06,34.17,28.94,34.06,52.67,30.0,33.89
1,2026-09-04 12:03:00,12:03,C,34.94,33.22,28.28,33.44,50.5,32.0,33.33
1,2026-09-04 12:04:00,12:04,C,34.72,33.06,28.39,33.28,49.5,30.0,32.78
1,2026-09-04 12:05:00,12:05,C,35.0,33.44,28.83,33.78,49.5,32.0,33.89
1,2026-09-04 12:06:00,12:06,C,34.83,33.17,28.28,33.28,50.22,31.0,33.33
1,2026-09-04 12:07:00,12:07,C,35.28,33.61,28.83,33.61,50.33,31.0,33.89
1,2026-09-04 12:08:00,12:08,C,34.94,33.28,28.39,33.5,50.39,32.0,33.33
1,2026-09-04 12:09:00,12:09,C,35.06,33.5,28.83,33.72,49.72,31.0,33.89
1,2026-09-04 12:10:00,12:10,C,34.67,33.06,28.28,33.39,49.72,31.0,33.33
1,2026-09-04 12:11:00,12:11,C,33.28,31.89,27.61,32.72,46.56,34.0,32.78
1,2026-09-04 12:12:00,12:12,C,33.5,32.22,28.33,33.11,45.61,35.0,33.89
1,2026-09-04 12:13:00,12:13,C,34.44,33.06,28.89,33.5,47.44,33.0,33.33
1,2026-09-04 12:14:00,12:14,C,34.56,33.0,28.44,33.44,48.83,32.0,33.33
1,2026-09-04 12:15:00,12:15,C,34.83,33.28,28.61,33.72,49.44,33.0,34.44
1,2026-09-04 12:16:00,12:16,C,35.17,33.5,28.67,33.83,50.33,32.0,33.89
1,2026-09-04 12:17:00,12:17,C,35.28,33.56,28.67,33.72,50.72,33.0,34.44
1,2026-09-04 12:18:00,12:18,C,35.33,33.67,28.83,33.89,50.5,36.0,35.0
1,2026-09-04 12:19:00,12:19,C,35.56,33.83,28.94,34.17,51.0,34.0,35.56
1,2026-09-04 12:20:00,12:20,C,35.72,33.94,28.89,34.28,51.72,31.0,35.0
1,2026-09-04 12:21:00,12:21,C,35.56,33.78,28.5,34.22,52.11,30.0,34.44
1,2026-09-04 12:22:00,12:22,C,35.5,33.72,28.44,34.28,52.0,31.0,35.0
1,2026-09-04 12:23:00,12:23,C,35.78,34.0,28.78,34.39,52.17,29.0,0.0
1,2026-09-04 12:24:00,12:24,C,35.39,33.56,28.17,33.89,52.39,27.0,0.0
1,2026-09-04 12:25:00,12:25,C,35.06,33.28,28.0,33.78,51.61,28.0,0.0
1,2026-09-04 12:26:00,12:26,C,35.28,33.56,28.39,34.06,51.39,28.0,0.0
1,2026-09-04 12:27:00,12:27,C,35.39,33.67,28.56,34.28,51.5,27.0,0.0
1,2026-09-04 12:28:00,12:28,C,35.28,33.56,28.33,34.44,51.56,27.0,0.0
1,2026-09-04 12:29:00,12:29,C,35.11,33.39,28.11,34.28,51.61,30.0,34.44
1,2026-09-04 12:30:00,12:30,C,35.56,33.78,28.61,34.44,51.78,28.0,0.0
1,2026-09-04 12:31:00,12:31,C,35.94,34.17,28.89,34.56,52.44,28.0,0.0
1,2026-09-04 12:32:00,12:32,C,35.22,33.5,28.28,34.06,51.56,28.0,0.0
1,2026-09-04 12:33:00,12:33,C,34.94,33.28,28.22,33.94,50.72,29.0,0.0
1,2026-09-04 12:34:00,12:34,C,35.22,33.61,28.78,34.22,50.28,28.0,0.0
1,2026-09-04 12:35:00,12:35,C,35.22,33.56,28.61,34.28,50.72,29.0,0.0
1,2026-09-04 12:36:00,12:36,C,35.72,34.0,28.94,34.44,51.56,30.0,34.44
